entry_date,expiry,actual_dte,strike,call_entry_delta,put_entry_delta,call_entry_mid,call_entry_bid,put_entry_mid,put_entry_bid,entry_premium_mid,entry_premium_worst,call_exit_last,put_exit_last,exit_value,short_pnl_mid,short_pnl_worst,pnl_pct_mid,pnl_pct_worst,margin_reg_t,roc,annualized_roc,breakeven_pct,is_win,is_open,split_flag,missing_exit_data
2018-01-26,2018-02-16,21,38.0,0.524,-0.4823,0.7,0.65,0.625,0.55,1.325,1.2000000000000002,0.0,2.76,2.925,-160.0,-172.49999999999997,-1.2075471698113207,-1.4374999999999996,892.5,-0.1792717086834734,-3.115913031879418,0.034868421052631576,False,False,False,False
2018-02-23,2018-03-16,21,35.0,0.5922,-0.4144,0.8,0.7,0.475,0.4,1.275,1.1,0.0,1.01,1.0499999999999998,22.500000000000007,5.000000000000027,0.17647058823529418,0.04545454545454569,827.5,0.027190332326283997,0.4725938713854123,0.03642857142857143,True,False,False,False
2018-04-27,2018-05-18,21,35.0,0.5014,-0.5092,0.5,0.45,0.5,0.45,1.0,0.9,0.0,2.09,2.1149999999999998,-111.49999999999997,-121.49999999999999,-1.1149999999999998,-1.3499999999999999,800.0,-0.13937499999999997,-2.4224702380952374,0.02857142857142857,False,False,False,False
2018-06-29,2018-07-20,21,33.0,0.5985,-0.4051,0.65,0.6,0.35,0.3,1.0,0.8999999999999999,1.04,0.0,1.075,-7.499999999999996,-17.500000000000004,-0.07499999999999996,-0.1944444444444445,760.0,-0.009868421052631573,-0.17152255639097735,0.030303030303030304,False,False,False,False
2018-07-27,2018-08-17,21,35.0,0.5574,-0.4534,0.575,0.5,0.4,0.35,0.975,0.85,0.35,0.0,0.475,50.0,37.5,0.5128205128205128,0.4411764705882353,797.5,0.06269592476489028,1.089714882818331,0.027857142857142858,True,False,False,False
2018-08-31,2018-09-21,21,36.0,0.4238,-0.5892,0.4,0.35,0.675,0.6,1.0750000000000002,0.95,0.0,2.43,2.475,-140.0,-152.5,-1.3023255813953487,-1.605263157894737,827.5,-0.1691842900302115,-2.9405840886203425,0.029861111111111116,False,False,False,False
2018-10-26,2018-11-16,21,29.0,0.5782,-0.4238,0.925,0.8,0.575,0.5,1.5,1.3,3.41,0.0,3.435,-193.5,-213.49999999999997,-1.29,-1.642307692307692,730.0000000000001,-0.26506849315068487,-4.607142857142856,0.05172413793103448,False,False,False,False
2018-11-30,2018-12-21,21,33.0,0.5881,-0.3592,0.875,0.8,0.55,0.5,1.425,1.3,0.0,0.3,0.375,105.0,92.5,0.7368421052631579,0.7115384615384616,802.5,0.1308411214953271,2.274143302180685,0.04318181818181818,True,False,False,False
2018-12-28,2019-01-18,21,33.0,0.5971,-0.4106,1.025,0.9,0.6,0.5,1.625,1.4,0.0,0.2,0.225,140.0,117.49999999999999,0.8615384615384616,0.8392857142857142,822.5,0.1702127659574468,2.9584599797365754,0.04924242424242424,True,False,False,False
2019-01-25,2019-02-15,21,33.0,0.4459,-0.5679,0.475,0.4,0.725,0.65,1.2,1.05,0.0,1.09,1.125,7.499999999999996,-7.499999999999996,0.062499999999999965,-0.07142857142857138,780.0,0.009615384615384609,0.16712454212454203,0.03636363636363636,True,False,False,False
2019-02-01,2019-02-22,21,32.5,0.5202,-0.4927,0.575,0.5,0.525,0.45,1.1,0.95,0.02,0.16,0.185,91.5,76.49999999999999,0.8318181818181817,0.8052631578947367,760.0,0.12039473684210526,2.0925751879699246,0.03384615384615385,True,False,False,False
2019-02-08,2019-03-01,21,32.5,0.5652,-0.4476,0.65,0.6,0.45,0.4,1.1,1.0,0.12,0.02,0.15,95.0,85.0,0.8636363636363635,0.85,760.0,0.125,2.1726190476190474,0.03384615384615385,True,False,False,False
2019-02-15,2019-03-08,21,32.0,0.4872,-0.5255,0.475,0.4,0.55,0.5,1.025,0.9,1.4,0.0,1.5,-47.50000000000001,-60.0,-0.4634146341463416,-0.6666666666666666,742.5,-0.06397306397306399,-1.1119127785794456,0.03203125,False,False,False,False
2019-02-22,2019-03-15,21,32.5,0.4918,-0.5219,0.525,0.45,0.575,0.5,1.1,0.95,2.61,0.0,2.675,-157.49999999999997,-172.5,-1.4318181818181814,-1.8157894736842106,760.0,-0.2072368421052631,-3.6019736842105257,0.03384615384615385,False,False,False,False
2019-03-01,2019-03-22,21,32.5,0.5507,-0.462,0.675,0.6,0.5,0.4,1.175,1.0,2.2,0.0,2.35,-117.5,-135.0,-1.0,-1.35,767.5,-0.15309446254071662,-2.660927563207694,0.036153846153846154,False,False,False,False
2019-03-08,2019-03-29,21,33.5,0.4943,-0.5175,0.6,0.5,0.65,0.55,1.25,1.05,1.75,0.0,2.575,-132.50000000000003,-152.5,-1.0600000000000003,-1.4523809523809523,795.0,-0.1666666666666667,-2.8968253968253976,0.03731343283582089,False,False,False,False
2019-03-15,2019-04-05,21,35.0,0.5658,-0.4465,0.65,0.6,0.45,0.4,1.1,1.0,0.74,0.0,0.965,13.500000000000012,3.500000000000003,0.12272727272727282,0.03500000000000003,810.0,0.01666666666666668,0.28968253968253993,0.03142857142857143,True,False,False,False
2019-03-22,2019-04-12,21,35.0,0.4529,-0.5623,0.525,0.35,0.775,0.65,1.3,1.0,0.44,0.0,0.465,83.5,53.49999999999999,0.6423076923076924,0.5349999999999999,830.0,0.10060240963855421,1.7485656913367758,0.037142857142857144,True,False,False,False
2019-03-29,2019-04-18,20,35.5,0.4523,-0.5592,0.525,0.45,0.75,0.65,1.275,1.1,0.34,0.02,0.36500000000000005,90.99999999999999,73.50000000000001,0.7137254901960784,0.6681818181818182,837.5,0.10865671641791043,1.9829850746268654,0.03591549295774648,True,False,False,False
2019-04-05,2019-04-26,21,36.0,0.458,-0.5542,0.55,0.45,0.725,0.6,1.275,1.05,0.0,0.53,0.555,71.99999999999999,49.5,0.5647058823529412,0.4714285714285714,847.5,0.08495575221238937,1.4766118836915294,0.035416666666666666,True,False,False,False
2019-04-12,2019-05-03,21,35.5,0.505,-0.5072,0.625,0.55,0.65,0.6,1.275,1.15,0.08,0.05,0.13,114.5,102.0,0.8980392156862746,0.8869565217391305,837.5,0.13671641791044775,2.3762615493958776,0.03591549295774648,True,False,False,False
2019-04-26,2019-05-17,21,35.5,0.5103,-0.5003,0.725,0.65,0.725,0.65,1.45,1.3,0.0,1.77,1.825,-37.5,-52.49999999999999,-0.25862068965517243,-0.4038461538461538,855.0,-0.043859649122807015,-0.7623224728487886,0.04084507042253521,False,False,False,False
2019-05-03,2019-05-24,21,35.5,0.5334,-0.474,1.1,1.0,1.0,0.9,2.1,1.9,0.02,0.07,0.095,200.5,180.5,0.9547619047619048,0.95,920.0,0.21793478260869564,3.787914078674948,0.05915492957746479,True,False,False,False
2019-05-10,2019-05-31,21,33.5,0.5285,-0.4786,1.05,0.95,0.975,0.9,2.025,1.85,2.48,0.0,2.53,-50.499999999999986,-67.99999999999997,-0.24938271604938264,-0.3675675675675674,872.5,-0.05787965616045844,-1.0060035475508253,0.06044776119402985,False,False,False,False
2019-05-17,2019-06-07,21,34.0,0.478,-0.5291,0.925,0.85,1.15,1.1,2.075,1.9500000000000002,1.83,0.0,2.25,-17.499999999999982,-29.999999999999982,-0.08433734939759026,-0.15384615384615374,887.5000000000001,-0.019718309859154907,-0.3427230046948353,0.06102941176470589,False,False,False,False
2019-05-24,2019-06-14,21,35.5,0.5129,-0.4979,0.725,0.65,0.7,0.6,1.4249999999999998,1.25,0.0,0.34,0.425,99.99999999999997,82.5,0.7017543859649122,0.66,852.5,0.11730205278592372,2.0388213936601027,0.04014084507042253,True,False,False,False
2019-05-31,2019-06-21,21,36.0,0.4831,-0.5298,0.6,0.55,0.725,0.65,1.325,1.2000000000000002,0.0,1.1,1.1749999999999998,15.000000000000014,2.5000000000000355,0.11320754716981143,0.020833333333333627,852.5,0.01759530791788858,0.3058232090490158,0.03680555555555556,True,False,False,False
2019-06-07,2019-06-28,21,36.0,0.4613,-0.545,0.55,0.45,0.725,0.65,1.275,1.1,0.0,0.75,0.925,34.999999999999986,17.500000000000004,0.27450980392156854,0.15909090909090912,847.5,0.04129793510324482,0.71779744346116,0.035416666666666666,True,False,False,False
2019-06-14,2019-07-05,21,35.0,0.5337,-0.4789,0.625,0.55,0.55,0.5,1.175,1.05,0.34,0.0,0.36500000000000005,81.0,68.5,0.6893617021276596,0.6523809523809524,817.5,0.09908256880733946,1.7221494102228045,0.03357142857142857,True,False,False,False
2019-06-21,2019-07-12,21,35.0,0.4851,-0.5252,0.55,0.45,0.65,0.55,1.2000000000000002,1.0,0.0,0.27,0.30000000000000004,90.00000000000001,70.0,0.75,0.7,820.0,0.10975609756097562,1.9076655052264813,0.03428571428571429,True,False,False,False
2019-06-28,2019-07-19,21,35.5,0.4539,-0.5604,0.475,0.4,0.65,0.6,1.125,1.0,0.0,1.3,1.55,-42.50000000000001,-55.00000000000001,-0.3777777777777778,-0.55,822.5,-0.05167173252279636,-0.8981039224200319,0.03169014084507042,False,False,False,False
2019-07-05,2019-07-26,21,35.5,0.4693,-0.5422,0.5,0.45,0.65,0.6,1.15,1.05,0.0,1.61,1.775,-62.5,-72.49999999999999,-0.5434782608695653,-0.6904761904761904,825.0,-0.07575757575757576,-1.3167388167388168,0.0323943661971831,False,False,False,False
2019-07-12,2019-08-02,21,35.0,0.4302,-0.5846,0.4,0.35,0.625,0.55,1.025,0.9,0.0,2.56,2.825,-180.00000000000003,-192.50000000000003,-1.7560975609756102,-2.1388888888888893,802.5,-0.22429906542056077,-3.8985313751668893,0.029285714285714283,False,False,False,False
2019-07-19,2019-08-09,21,34.5,0.4283,-0.5859,0.35,0.3,0.6,0.55,0.95,0.8500000000000001,0.0,2.11,2.3,-135.0,-144.99999999999997,-1.4210526315789473,-1.705882352941176,785.0,-0.17197452229299362,-2.9890809827115556,0.02753623188405797,False,False,False,False
2019-07-26,2019-08-16,21,34.0,0.4875,-0.5265,0.45,0.4,0.5,0.45,0.95,0.8500000000000001,0.0,1.84,1.915,-96.50000000000001,-106.5,-1.0157894736842106,-1.252941176470588,775.0000000000001,-0.12451612903225806,-2.1642089093701995,0.027941176470588233,False,False,False,False
2019-08-02,2019-08-23,21,32.5,0.5056,-0.5049,0.525,0.45,0.575,0.5,1.1,0.95,0.0,0.86,0.925,17.500000000000004,2.499999999999991,0.15909090909090912,0.026315789473684115,760.0,0.02302631578947369,0.40021929824561414,0.03384615384615385,True,False,False,False
2019-08-09,2019-08-30,21,32.5,0.4883,-0.5209,0.55,0.5,0.625,0.55,1.175,1.05,0.0,0.35,0.625,55.00000000000001,42.50000000000001,0.4680851063829788,0.4047619047619048,767.5,0.07166123778501629,1.2455405615014736,0.036153846153846154,True,False,False,False
2019-08-16,2019-09-06,21,32.0,0.5677,-0.4433,0.7,0.65,0.5,0.45,1.2,1.1,0.02,0.06,0.08499999999999999,111.5,101.50000000000001,0.9291666666666667,0.9227272727272727,760.0,0.14671052631578949,2.5499686716791983,0.0375,True,False,False,False
2019-08-23,2019-09-13,21,31.5,0.5592,-0.4516,0.675,0.6,0.5,0.45,1.175,1.05,1.2,0.0,1.375,-19.999999999999996,-32.49999999999999,-0.17021276595744678,-0.3095238095238095,747.5000000000001,-0.026755852842809357,-0.4650422041726388,0.0373015873015873,False,False,False,False
2019-08-30,2019-09-20,21,32.0,0.5402,-0.4722,0.625,0.55,0.525,0.45,1.15,1.0,1.16,0.0,1.225,-7.500000000000018,-22.500000000000007,-0.06521739130434799,-0.22500000000000006,755.0,-0.009933774834437109,-0.1726584673604545,0.0359375,False,False,False,False
2019-09-06,2019-09-27,21,32.0,0.511,-0.5,0.55,0.5,0.55,0.5,1.1,1.0,1.48,0.0,1.73,-62.999999999999986,-73.0,-0.5727272727272725,-0.73,750.0,-0.08399999999999998,-1.4599999999999997,0.034375,False,False,False,False
2019-09-13,2019-10-04,21,32.5,0.5776,-0.4329,0.65,0.6,0.4,0.35,1.05,0.95,0.32,0.01,0.34500000000000003,70.5,60.5,0.6714285714285714,0.6368421052631579,755.0,0.09337748344370861,1.6229895931882685,0.03230769230769231,True,False,False,False
2019-09-20,2019-10-11,21,33.5,0.4393,-0.5627,0.5,0.4,0.75,0.55,1.25,0.9500000000000001,0.0,0.51,3.3499999999999996,-209.99999999999997,-239.99999999999994,-1.6799999999999997,-2.5263157894736836,795.0,-0.26415094339622636,-4.5911949685534585,0.03731343283582089,False,False,False,False
2019-09-27,2019-10-18,21,33.5,0.4997,-0.5099,0.6,0.55,0.65,0.6,1.25,1.15,0.5,0.0,0.55,70.0,59.999999999999986,0.56,0.5217391304347826,795.0,0.0880503144654088,1.5303983228511528,0.03731343283582089,True,False,False,False
2019-10-04,2019-10-25,21,33.0,0.4662,-0.5425,0.525,0.45,0.7,0.65,1.225,1.1,1.08,0.0,1.23,-0.49999999999998934,-12.99999999999999,-0.004081632653061137,-0.11818181818181807,782.5,-0.000638977635782734,-0.011106039860033232,0.037121212121212124,False,False,False,False
2019-10-11,2019-11-01,21,33.0,0.5138,-0.4942,0.675,0.6,0.65,0.6,1.3250000000000002,1.2,2.07,0.0,2.4000000000000004,-107.50000000000001,-120.00000000000004,-0.8113207547169811,-1.0000000000000004,792.5,-0.1356466876971609,-2.357668619498273,0.04015151515151516,False,False,False,False
2019-10-18,2019-11-08,21,34.0,0.5157,-0.4939,0.575,0.5,0.55,0.5,1.125,1.0,0.43,0.0,1.65,-52.49999999999999,-64.99999999999999,-0.4666666666666666,-0.6499999999999999,792.5000000000001,-0.06624605678233436,-1.151419558359621,0.03308823529411765,False,False,False,False
2019-10-25,2019-11-15,21,34.0,0.5195,-0.4929,0.6,0.5,0.55,0.45,1.15,0.95,0.18,0.01,0.225,92.5,72.5,0.8043478260869567,0.7631578947368421,795.0000000000001,0.11635220125786162,2.0223120694818806,0.033823529411764704,True,False,False,False
2019-11-01,2019-11-22,21,35.0,0.5397,-0.4702,0.575,0.5,0.475,0.4,1.0499999999999998,0.9,0.0,0.78,0.93,11.999999999999977,-3.0000000000000027,0.11428571428571409,-0.03333333333333336,805.0,0.014906832298136618,0.2590949423247555,0.029999999999999995,True,False,False,False
2019-11-08,2019-11-29,21,34.5,0.4991,-0.5103,0.525,0.45,0.55,0.5,1.0750000000000002,0.95,0.05,0.07,0.125,95.00000000000001,82.5,0.8837209302325582,0.868421052631579,797.5,0.11912225705329155,2.0704582773548292,0.031159420289855078,True,False,False,False
2019-11-15,2019-12-06,21,34.0,0.5728,-0.4354,0.675,0.6,0.45,0.4,1.125,1.0,0.44,0.0,0.49,63.5,51.0,0.5644444444444444,0.51,792.5000000000001,0.08012618296529968,1.3926693705873514,0.03308823529411765,True,False,False,False
2019-11-22,2019-12-13,21,34.5,0.4308,-0.5889,0.4,0.3,0.625,0.5,1.025,0.8,0.66,0.0,0.7000000000000001,32.499999999999986,9.999999999999998,0.3170731707317072,0.12499999999999997,792.5,0.04100946372239746,0.7127835361273844,0.02971014492753623,True,False,False,False
2019-11-29,2019-12-20,21,34.5,0.4878,-0.4401,0.575,0.5,0.65,0.55,1.225,1.05,1.0,0.0,1.125,10.000000000000009,-7.499999999999996,0.08163265306122455,-0.07142857142857138,812.5,0.012307692307692318,0.2139194139194141,0.035507246376811595,True,False,False,False
2019-12-06,2019-12-27,21,34.5,0.4651,-0.4545,0.45,0.4,0.6,0.55,1.05,0.9500000000000001,0.78,0.0,0.98,7.000000000000006,-2.9999999999999916,0.06666666666666672,-0.03157894736842096,795.0,0.008805031446540889,0.15303983228511545,0.030434782608695653,True,False,False,False
2019-12-20,2020-01-10,21,35.5,0.5265,-0.4724,0.5,0.45,0.45,0.4,0.95,0.8500000000000001,0.21,0.06,0.385,56.49999999999999,46.50000000000001,0.5947368421052631,0.5470588235294117,805.0,0.0701863354037267,1.219905353445726,0.02676056338028169,True,False,False,False
2019-12-27,2020-01-17,21,35.5,0.4475,-0.5514,0.45,0.4,0.65,0.6,1.1,1.0,0.65,0.0,0.8,30.000000000000004,19.999999999999996,0.2727272727272727,0.19999999999999996,820.0,0.03658536585365854,0.6358885017421604,0.03098591549295775,True,False,False,False
2020-01-03,2020-01-24,21,35.0,0.5239,-0.4851,0.575,0.5,0.5,0.45,1.075,0.95,0.6,0.0,0.65,42.49999999999999,29.999999999999993,0.39534883720930225,0.31578947368421045,807.5,0.05263157894736841,0.9147869674185461,0.03071428571428571,True,False,False,False
2020-01-10,2020-01-31,21,35.5,0.5714,-0.4368,0.6,0.55,0.4,0.35,1.0,0.9,0.0,1.09,1.25,-25.0,-35.0,-0.25,-0.3888888888888889,810.0,-0.030864197530864196,-0.5364491475602586,0.028169014084507043,False,False,False,False
2020-01-17,2020-02-07,21,36.0,0.554,-0.4555,0.55,0.5,0.4,0.35,0.9500000000000001,0.85,0.0,0.91,0.935,1.5000000000000013,-8.500000000000007,0.01578947368421054,-0.10000000000000009,815.0,0.001840490797546014,0.03198948290972834,0.026388888888888892,True,False,False,False
2020-01-24,2020-02-14,21,35.5,0.5496,-0.4583,0.675,0.6,0.525,0.45,1.2000000000000002,1.05,0.0,0.35,0.625,57.500000000000014,42.50000000000001,0.47916666666666674,0.4047619047619048,830.0,0.06927710843373495,1.2041021227768218,0.033802816901408454,True,False,False,False
2020-01-31,2020-02-21,21,34.5,0.4995,-0.5082,0.7,0.6,0.725,0.65,1.4249999999999998,1.25,0.32,0.01,0.375,104.99999999999999,87.5,0.736842105263158,0.7,832.5,0.12612612612612611,2.192192192192192,0.041304347826086954,True,False,False,False
2020-02-07,2020-02-28,21,35.0,0.5429,-0.4649,0.675,0.6,0.55,0.5,1.225,1.1,0.0,3.0,3.025,-179.99999999999997,-192.49999999999997,-1.4693877551020404,-1.7499999999999996,822.5,-0.21884498480243159,-3.8037342596613106,0.035,False,False,False,False
2020-02-14,2020-03-06,21,35.0,0.5522,-0.4558,0.625,0.55,0.475,0.4,1.1,0.9500000000000001,0.0,4.4,4.4750000000000005,-337.50000000000006,-352.50000000000006,-3.0681818181818183,-3.7105263157894743,810.0,-0.41666666666666674,-7.242063492063494,0.03142857142857143,False,False,False,False
2020-02-21,2020-03-13,21,35.0,0.4665,-0.5446,0.5,0.45,0.65,0.6,1.15,1.05,0.0,7.39,10.1,-894.9999999999999,-904.9999999999999,-7.782608695652174,-8.619047619047619,815.0,-1.0981595092024539,-19.087058136137887,0.032857142857142856,False,False,False,False
2020-02-28,2020-03-20,21,32.0,0.5283,-0.475,1.225,1.1,1.125,1.0,2.35,2.1,0.0,8.97,9.095,-674.5000000000001,-699.5000000000001,-2.8702127659574472,-3.3309523809523816,875.0,-0.770857142857143,-13.398231292517009,0.0734375,False,False,False,False
2020-03-06,2020-03-27,21,30.5,0.5281,-0.4759,1.025,0.9,0.825,0.6,1.8499999999999999,1.5,0.0,6.6,6.675,-482.5,-517.5,-2.608108108108108,-3.45,795.0,-0.6069182389937107,-10.548817011081162,0.06065573770491803,False,False,False,False
2020-03-13,2020-04-03,21,28.0,0.4988,-0.5029,1.75,1.55,2.2,2.0,3.95,3.55,0.0,5.98,6.025,-207.50000000000003,-247.50000000000006,-0.5253164556962026,-0.6971830985915495,955.0,-0.2172774869109948,-3.776489653453005,0.14107142857142857,False,False,False,False
2020-03-20,2020-04-09,20,24.0,0.4714,-0.5157,1.725,1.3,2.8,2.3,4.525,3.5999999999999996,1.51,0.0,1.575,295.0,202.49999999999994,0.6519337016574585,0.5624999999999999,932.5000000000001,0.3163538873994638,5.773458445040214,0.1885416666666667,True,False,False,False
2020-03-27,2020-04-17,21,24.0,0.5379,-0.4621,2.0,1.85,2.05,1.9,4.05,3.75,1.87,0.0,1.9,215.0,185.0,0.5308641975308642,0.49333333333333335,885.0,0.24293785310734464,4.222491256389562,0.16874999999999998,True,False,False,False
2020-04-03,2020-04-24,21,22.0,0.5303,-0.4696,1.3,1.2,1.3,1.2,2.6,2.4,3.8,0.0,3.8249999999999997,-122.49999999999997,-142.49999999999997,-0.47115384615384603,-0.5937499999999999,700.0,-0.17499999999999996,-3.041666666666666,0.11818181818181818,False,False,False,False
2020-04-17,2020-05-08,21,26.0,0.5005,-0.5007,1.075,1.0,1.225,1.15,2.3,2.15,0.66,0.0,0.7250000000000001,157.49999999999997,142.49999999999997,0.6847826086956521,0.6627906976744184,750.0,0.20999999999999996,3.6499999999999995,0.08846153846153845,True,False,False,False
2020-04-24,2020-05-15,21,26.0,0.4915,-0.5088,1.05,1.0,1.275,1.2,2.325,2.2,0.07,0.08,0.15000000000000002,217.50000000000003,205.00000000000003,0.935483870967742,0.9318181818181819,752.5,0.2890365448504984,5.0237304224015205,0.08942307692307692,True,False,False,False
2020-05-01,2020-05-22,21,26.5,0.4856,-0.5142,1.175,1.05,1.45,1.35,2.625,2.4000000000000004,0.0,0.4,0.5,212.5,190.00000000000003,0.8095238095238095,0.7916666666666667,792.5000000000001,0.2681388012618296,4.6605077362175145,0.09905660377358491,True,False,False,False
2020-05-08,2020-05-29,21,26.5,0.542,-0.4587,1.05,1.0,0.9,0.85,1.9500000000000002,1.85,0.9,0.0,0.975,97.50000000000001,87.50000000000001,0.5,0.472972972972973,725.0000000000001,0.13448275862068965,2.3374384236453203,0.07358490566037737,True,False,False,False
2020-05-15,2020-06-05,21,26.0,0.5147,-0.4858,0.975,0.9,1.0,0.95,1.975,1.85,3.19,0.0,3.2750000000000004,-130.00000000000003,-142.50000000000003,-0.658227848101266,-0.7702702702702704,717.5,-0.18118466898954708,-3.149162103865937,0.07596153846153847,False,False,False,False
2020-05-22,2020-06-12,21,26.0,0.5301,-0.471,0.975,0.9,0.9,0.85,1.875,1.75,2.12,0.0,2.1950000000000003,-32.00000000000003,-44.50000000000003,-0.17066666666666683,-0.25428571428571445,707.5,-0.045229681978798626,-0.7861349486791189,0.07211538461538461,False,False,False,False
2020-05-29,2020-06-19,21,27.5,0.481,-0.5179,0.825,0.75,1.05,1.0,1.875,1.75,1.2,0.0,1.25,62.5,50.0,0.3333333333333333,0.2857142857142857,737.5,0.0847457627118644,1.4729620661824052,0.06818181818181818,True,False,False,False
2020-06-05,2020-06-26,21,29.0,0.5306,-0.4707,0.95,0.9,0.9,0.85,1.85,1.75,0.08,0.02,0.10500000000000001,174.5,164.5,0.9432432432432433,0.94,765.0000000000001,0.22810457516339866,3.964674758792405,0.06379310344827586,True,False,False,False
2020-06-12,2020-07-02,20,28.0,0.5208,-0.4793,1.175,1.1,1.2,1.1,2.375,2.2,2.39,0.0,2.43,-5.500000000000016,-23.0,-0.023157894736842172,-0.10454545454545454,797.5,-0.006896551724137951,-0.1258620689655176,0.08482142857142858,False,False,False,False
2020-06-19,2020-07-10,21,29.0,0.4699,-0.5312,0.85,0.8,1.15,1.1,2.0,1.9000000000000001,1.73,0.0,1.75,25.0,15.000000000000014,0.125,0.07894736842105271,780.0000000000001,0.03205128205128205,0.557081807081807,0.06896551724137931,True,False,False,False
2020-06-26,2020-07-17,21,29.0,0.5262,-0.474,1.05,1.0,1.0,0.95,2.05,1.95,2.43,0.0,2.45,-40.000000000000036,-50.00000000000002,-0.1951219512195124,-0.2564102564102565,785.0000000000001,-0.05095541401273889,-0.8856536245071283,0.07068965517241378,False,False,False,False
2020-07-10,2020-07-31,21,31.0,0.4716,-0.5285,0.845,0.81,1.115,1.08,1.96,1.8900000000000001,0.9,0.0,0.925,103.49999999999999,96.50000000000001,0.5280612244897959,0.5105820105820107,816.0,0.12683823529411764,2.2045693277310923,0.0632258064516129,True,False,False,False
2020-07-17,2020-08-07,21,31.5,0.4983,-0.5047,0.775,0.74,0.86,0.81,1.635,1.55,1.24,0.0,1.27,36.5,28.000000000000004,0.22324159021406728,0.1806451612903226,793.5000000000001,0.0459987397605545,0.7995019053620186,0.051904761904761905,True,False,False,False
2020-07-24,2020-08-14,21,32.5,0.456,-0.5484,0.59,0.48,0.87,0.59,1.46,1.0699999999999998,0.41,0.0,0.45499999999999996,100.49999999999999,61.499999999999986,0.6883561643835615,0.5747663551401868,796.0,0.12625628140703515,2.1944544149318013,0.04492307692307692,True,False,False,False
2020-07-31,2020-08-21,21,32.0,0.4817,-0.5178,0.62,0.57,0.77,0.73,1.3900000000000001,1.2999999999999998,1.08,0.0,1.1,29.000000000000004,19.99999999999997,0.2086330935251799,0.15384615384615366,779.0,0.037227214377406934,0.6470444403692157,0.043437500000000004,True,False,False,False
2020-08-07,2020-08-28,21,33.0,0.4462,-0.555,0.575,0.5,0.855,0.77,1.43,1.27,1.5,0.0,1.71,-28.000000000000004,-43.99999999999999,-0.19580419580419584,-0.34645669291338577,803.0,-0.03486924034869241,-0.6060606060606062,0.043333333333333335,False,False,False,False
2020-08-14,2020-09-04,21,33.0,0.5004,-0.5001,0.67,0.56,0.7,0.62,1.37,1.1800000000000002,0.49,0.0,0.52,85.00000000000001,66.00000000000001,0.6204379562043797,0.5593220338983051,797.0,0.1066499372647428,1.8536774810300531,0.04151515151515152,True,False,False,False
2020-08-21,2020-09-11,21,33.0,0.5188,-0.4845,0.705,0.5,0.685,0.53,1.3900000000000001,1.03,0.88,0.0,0.925,46.50000000000001,10.499999999999998,0.33453237410071945,0.10194174757281552,799.0,0.058197747183979985,1.0115322724834617,0.04212121212121212,True,False,False,False
2020-08-28,2020-09-18,21,34.5,0.5062,-0.4966,0.715,0.65,0.715,0.65,1.43,1.3,0.02,0.21,0.28500000000000003,114.5,101.50000000000001,0.8006993006993007,0.7807692307692309,833.0,0.13745498199279713,2.389098496541474,0.041449275362318835,True,False,False,False
2020-09-04,2020-09-25,21,33.5,0.5104,-0.491,0.905,0.63,0.88,0.75,1.7850000000000001,1.38,0.0,0.53,0.785,100.0,59.499999999999986,0.5602240896358543,0.431159420289855,848.5,0.11785503830288745,2.0484328085978056,0.053283582089552244,True,False,False,False
2020-09-11,2020-10-02,21,34.0,0.4924,-0.5095,0.83,0.72,0.92,0.84,1.75,1.56,0.11,0.01,0.155,159.5,140.5,0.9114285714285715,0.9006410256410257,855.0000000000001,0.18654970760233916,3.242411584516847,0.051470588235294115,True,False,False,False
2020-09-18,2020-10-09,21,34.5,0.4863,-0.5126,0.745,0.64,0.94,0.84,1.685,1.48,1.08,0.0,1.27,41.5,20.999999999999996,0.24629080118694363,0.14189189189189186,858.5,0.048340128130460104,0.8401974651246636,0.04884057971014493,True,False,False,False
2020-09-25,2020-10-16,21,33.0,0.5002,-0.5007,0.86,0.78,0.955,0.91,1.815,1.69,1.81,0.0,1.84,-2.5000000000000133,-15.000000000000014,-0.013774104683195666,-0.08875739644970422,841.5,-0.0029708853238265163,-0.051636816342698975,0.055,False,False,False,False
2020-10-02,2020-10-23,21,34.0,0.5173,-0.4871,0.9,0.65,0.965,0.46,1.865,1.11,1.01,0.0,1.035,83.0,7.500000000000018,0.4450402144772118,0.06756756756756772,866.5000000000001,0.09578765147143681,1.6648806089083064,0.05485294117647059,True,False,False,False
2020-10-09,2020-10-30,21,35.5,0.5302,-0.4698,0.81,0.51,0.71,0.64,1.52,1.15,0.0,1.98,2.02,-50.0,-87.00000000000001,-0.32894736842105265,-0.756521739130435,862.0,-0.058004640371229696,-1.0081758921666113,0.0428169014084507,False,False,False,False
2020-10-16,2020-11-06,21,35.0,0.4846,-0.5135,0.86,0.58,1.015,0.73,1.875,1.31,0.64,0.0,0.675,120.0,63.5,0.64,0.4847328244274809,887.5,0.1352112676056338,2.3501006036217302,0.05357142857142857,True,False,False,False
2020-10-23,2020-11-13,21,35.0,0.4981,-0.5073,0.875,0.57,0.985,0.68,1.8599999999999999,1.25,1.3,0.0,1.595,26.49999999999999,-34.5,0.14247311827956982,-0.276,886.0,0.029909706546275384,0.5198591852090721,0.05314285714285714,True,False,False,False
2020-10-30,2020-11-20,21,33.5,0.5205,-0.4807,1.095,1.03,1.125,1.05,2.2199999999999998,2.08,3.0,0.0,3.075,-85.50000000000004,-99.50000000000001,-0.38513513513513536,-0.4783653846153847,892.0,-0.09585201793721979,-1.6659993593850104,0.0662686567164179,False,False,False,False
2020-11-06,2020-11-27,21,35.5,0.5188,-0.4874,0.955,0.22,1.01,0.28,1.9649999999999999,0.5,1.43,0.0,1.76,20.499999999999986,-126.0,0.10432569974554701,-2.52,906.5,0.022614451185879743,0.3930606991831479,0.05535211267605633,True,False,False,False
2020-11-13,2020-12-04,21,36.5,0.4657,-0.532,0.645,0.59,0.875,0.78,1.52,1.37,1.5,0.0,1.5699999999999998,-4.999999999999982,-19.99999999999997,-0.03289473684210514,-0.1459854014598538,882.0000000000001,-0.005668934240362791,-0.09853147608249613,0.041643835616438356,False,False,False,False
2020-11-20,2020-12-11,21,36.5,0.5129,-0.4874,0.785,0.72,0.77,0.69,1.5550000000000002,1.41,2.06,0.0,2.1,-54.49999999999999,-69.00000000000001,-0.3504823151125401,-0.48936170212765967,885.5000000000001,-0.061547148503670226,-1.0697480573256968,0.0426027397260274,False,False,False,False
2020-11-27,2020-12-18,21,37.0,0.4764,-0.5148,0.715,0.68,0.925,0.82,1.6400000000000001,1.5,2.3,0.0,2.355,-71.49999999999999,-85.5,-0.43597560975609745,-0.57,904.0,-0.07909292035398229,-1.3747102823430255,0.04432432432432433,False,False,False,False
2020-12-04,2020-12-24,20,38.0,0.492,-0.502,0.745,0.71,0.87,0.82,1.615,1.5299999999999998,1.35,0.0,1.5950000000000002,1.9999999999999796,-6.500000000000039,0.012383900928792444,-0.04248366013071922,921.5,0.002170374389582181,0.0396093326098748,0.0425,True,False,False,False
2020-12-11,2020-12-31,20,38.5,0.5049,-0.4858,0.72,0.67,0.745,0.7,1.4649999999999999,1.37,1.69,0.0,1.7049999999999998,-24.0,-33.49999999999997,-0.16382252559726962,-0.24452554744525526,916.5,-0.02618657937806874,-0.47790507364975454,0.038051948051948045,False,False,False,False
2020-12-18,2021-01-08,21,39.5,0.4706,-0.5295,0.635,0.6,0.81,0.77,1.445,1.37,2.11,0.0,2.175,-72.99999999999997,-80.49999999999997,-0.505190311418685,-0.5875912408759122,934.5,-0.07811663991439269,-1.3577415985120633,0.03658227848101266,False,False,False,False
2021-01-08,2021-01-29,21,41.5,0.5305,-0.4693,0.955,0.91,0.85,0.82,1.805,1.73,0.0,2.41,2.415,-61.00000000000001,-68.5,-0.3379501385041552,-0.3959537572254335,1010.5000000000001,-0.06036615536862939,-1.0492212718833205,0.04349397590361446,False,False,False,False
2021-01-15,2021-02-05,21,41.0,0.5318,-0.4683,1.005,0.96,0.915,0.87,1.92,1.83,1.23,0.0,1.2750000000000001,64.49999999999999,55.49999999999999,0.33593749999999994,0.3032786885245901,1012.0000000000001,0.06373517786561263,1.1077780914737434,0.04682926829268293,True,False,False,False
2021-01-22,2021-02-12,21,41.5,0.5006,-0.5002,1.0,0.95,1.03,0.96,2.0300000000000002,1.91,1.44,0.0,1.47,56.00000000000003,43.99999999999999,0.27586206896551735,0.23036649214659682,1033.0000000000002,0.05421103581800582,0.942239432074863,0.04891566265060242,True,False,False,False
2021-01-29,2021-02-19,21,39.0,0.5325,-0.4678,1.27,1.2,1.15,1.06,2.42,2.26,3.72,0.0,3.77,-135.0,-151.00000000000003,-0.5578512396694215,-0.6681415929203542,1022.0000000000001,-0.13209393346379647,-2.2959183673469385,0.06205128205128205,False,False,False,False
2021-02-05,2021-02-26,21,42.5,0.4658,-0.5358,0.765,0.73,1.045,1.01,1.81,1.74,0.0,1.4,1.5899999999999999,22.00000000000002,15.000000000000014,0.12154696132596697,0.08620689655172421,1031.0,0.0213385063045587,0.37088356196018696,0.04258823529411765,True,False,False,False
2021-02-12,2021-03-05,21,43.0,0.5195,-0.4808,0.985,0.88,0.99,0.93,1.975,1.81,0.0,0.41,0.415,156.0,139.5,0.789873417721519,0.7707182320441989,1057.5,0.1475177304964539,2.5639986491050317,0.045930232558139536,True,False,False,False
2021-02-19,2021-03-12,21,43.0,0.4834,-0.5176,0.825,0.8,1.09,1.01,1.915,1.81,0.03,0.06,0.09,182.5,172.0,0.9530026109660574,0.9502762430939227,1051.5,0.17356157869709937,3.0166655344972035,0.044534883720930236,True,False,False,False
2021-02-26,2021-03-19,21,41.0,0.5248,-0.4757,1.195,1.11,1.13,1.07,2.325,2.18,1.48,0.0,1.4849999999999999,84.00000000000003,69.50000000000003,0.36129032258064525,0.31880733944954137,1052.5000000000002,0.07980997624703089,1.3871733966745845,0.056707317073170734,True,False,False,False
2021-03-05,2021-03-26,21,42.5,0.5226,-0.4781,1.08,0.96,1.04,1.0,2.12,1.96,0.01,0.21,0.25,187.0,171.0,0.8820754716981132,0.8724489795918368,1062.0,0.1760828625235405,3.060487848623442,0.049882352941176475,True,False,False,False
2021-03-12,2021-04-01,20,43.0,0.5062,-0.4938,0.92,0.86,0.94,0.9,1.8599999999999999,1.76,0.0,0.69,0.715,114.5,104.5,0.6155913978494624,0.59375,1046.0,0.10946462715105162,1.997729445506692,0.04325581395348837,True,False,False,False
2021-03-19,2021-04-09,21,42.5,0.5112,-0.4893,0.89,0.85,0.915,0.86,1.8050000000000002,1.71,0.0,0.8,0.85,95.50000000000001,86.0,0.5290858725761772,0.5029239766081871,1030.5,0.09267345948568657,1.6107529862988381,0.04247058823529412,True,False,False,False
2021-03-26,2021-04-16,21,42.5,0.4734,-0.5266,0.84,0.77,1.03,0.98,1.87,1.75,0.0,1.38,1.4249999999999998,44.50000000000003,32.500000000000014,0.23796791443850282,0.1857142857142858,1037.0,0.04291224686595953,0.7458557193369156,0.044000000000000004,True,False,False,False
2021-04-09,2021-04-30,21,42.0,0.4534,-0.5484,0.675,0.6,0.975,0.9,1.65,1.5,0.0,1.07,1.095,55.49999999999999,40.5,0.3363636363636363,0.27,1005.0,0.05522388059701492,0.9598436389481164,0.039285714285714285,True,False,False,False
2021-04-16,2021-05-07,21,41.0,0.5402,-0.46,1.0,0.95,0.85,0.8,1.85,1.75,1.67,0.0,1.7,15.000000000000014,5.000000000000004,0.08108108108108115,0.0285714285714286,1005.0000000000001,0.01492537313432837,0.25941719971570737,0.0451219512195122,True,False,False,False
2021-04-23,2021-05-14,21,40.0,0.5207,-0.4793,1.025,0.95,0.975,0.9,2.0,1.85,2.47,0.0,2.495,-49.500000000000014,-64.5,-0.24750000000000008,-0.34864864864864864,1000.0,-0.049500000000000016,-0.8603571428571432,0.05,False,False,False,False
2021-04-30,2021-05-21,21,41.0,0.5082,-0.4917,1.025,0.95,1.05,1.0,2.075,1.95,2.05,0.0,2.1,-2.499999999999991,-15.000000000000014,-0.012048192771084293,-0.076923076923077,1027.5000000000002,-0.002433090024330891,-0.04228942185146549,0.05060975609756098,False,False,False,False
2021-05-07,2021-05-28,21,42.5,0.538,-0.4622,1.0,0.9,0.825,0.75,1.825,1.65,1.9,0.0,1.9249999999999998,-9.999999999999986,-27.499999999999993,-0.054794520547945126,-0.16666666666666663,1032.5,-0.009685230024213062,-0.1683385218494175,0.04294117647058823,False,False,False,False
2021-05-14,2021-06-04,21,42.5,0.4905,-0.5143,0.825,0.7,0.925,0.8,1.75,1.5,2.88,0.0,3.125,-137.5,-162.5,-0.7857142857142857,-1.0833333333333333,1025.0,-0.13414634146341464,-2.331591173054588,0.041176470588235294,False,False,False,False
2021-05-21,2021-06-11,21,43.0,0.5189,-0.4661,0.875,0.8,0.825,0.75,1.7,1.55,2.19,0.0,2.3,-59.999999999999986,-74.99999999999997,-0.35294117647058815,-0.4838709677419353,1030.0,-0.05825242718446601,-1.0124826629680996,0.03953488372093023,False,False,False,False
2021-05-28,2021-06-18,21,44.5,0.4805,-0.5037,0.675,0.6,0.825,0.75,1.5,1.35,0.0,0.49,0.55,95.0,80.0,0.6333333333333333,0.5925925925925926,1040.0,0.09134615384615384,1.58768315018315,0.033707865168539325,True,False,False,False
2021-06-04,2021-06-25,21,45.5,0.4747,-0.5138,0.7,0.55,0.825,0.7,1.525,1.25,0.0,1.05,1.125,39.99999999999999,12.5,0.2622950819672131,0.1,1062.5,0.03764705882352941,0.6543417366946779,0.033516483516483515,True,False,False,False
2021-06-11,2021-07-02,21,45.5,0.4448,-0.5558,0.55,0.45,0.825,0.75,1.375,1.2,0.0,1.17,1.2999999999999998,7.500000000000018,-9.999999999999986,0.054545454545454675,-0.08333333333333322,1047.5,0.007159904534606222,0.12444595976815576,0.03021978021978022,True,False,False,False
2021-06-18,2021-07-09,21,44.0,0.5224,-0.4782,0.725,0.65,0.675,0.6,1.4,1.25,0.32,0.01,0.34500000000000003,105.5,90.5,0.7535714285714286,0.724,1020.0000000000001,0.1034313725490196,1.797735760971055,0.031818181818181815,True,False,False,False
2021-06-25,2021-07-16,21,44.5,0.4912,-0.5099,0.575,0.5,0.625,0.55,1.2,1.05,0.0,0.31,0.36,84.0,69.0,0.7,0.6571428571428571,1010.0,0.08316831683168317,1.4455445544554455,0.02696629213483146,True,False,False,False
2021-07-02,2021-07-23,21,44.5,0.4519,-0.5507,0.475,0.4,0.675,0.6,1.15,1.0,0.05,0.03,0.08,106.99999999999999,92.0,0.9304347826086956,0.92,1005.0,0.10646766169154227,1.8505093579720444,0.025842696629213482,True,False,False,False
2021-07-09,2021-07-30,21,44.5,0.4584,-0.5428,0.55,0.45,0.725,0.65,1.275,1.1,0.14,0.02,0.175,109.99999999999999,92.5,0.8627450980392156,0.8409090909090908,1017.5,0.1081081081081081,1.8790218790218791,0.028651685393258425,True,False,False,False
2021-07-16,2021-08-06,21,44.5,0.4542,-0.5424,0.5,0.45,0.775,0.7,1.275,1.15,1.15,0.0,1.2,7.499999999999996,-5.000000000000004,0.05882352941176468,-0.043478260869565265,1017.5,0.007371007371007367,0.12811512811512804,0.028651685393258425,True,False,False,False
2021-07-23,2021-08-13,21,44.5,0.5061,-0.4955,0.65,0.55,0.675,0.6,1.3250000000000002,1.15,1.74,0.0,1.765,-43.99999999999997,-61.5,-0.3320754716981129,-0.5347826086956522,1022.5,-0.04303178484107577,-0.7479334031901265,0.02977528089887641,False,False,False,False
2021-07-30,2021-08-20,21,44.5,0.5447,-0.4542,0.8,0.7,0.625,0.55,1.425,1.25,1.76,0.0,1.785,-35.999999999999986,-53.49999999999999,-0.2526315789473683,-0.42799999999999994,1032.5,-0.034866828087167054,-0.6060186786579036,0.03202247191011236,False,False,False,False
2021-08-06,2021-08-27,21,45.5,0.5448,-0.4538,0.8,0.6,0.55,0.45,1.35,1.05,2.05,0.0,2.0999999999999996,-74.99999999999996,-104.99999999999996,-0.5555555555555552,-0.9999999999999996,1045.0,-0.07177033492822962,-1.2474367737525625,0.029670329670329672,False,False,False,False
2021-08-13,2021-09-03,21,46.0,0.5568,-0.4443,0.725,0.65,0.525,0.45,1.25,1.1,3.72,0.0,3.8200000000000003,-257.0,-272.0,-2.056,-2.472727272727272,1045.0,-0.24593301435406698,-4.274550011392116,0.02717391304347826,False,False,False,False
2021-08-20,2021-09-10,21,46.5,0.4484,-0.5521,0.55,0.5,0.8,0.75,1.35,1.25,2.76,0.0,3.175,-182.49999999999997,-192.49999999999997,-1.3518518518518516,-1.5399999999999998,1065.0,-0.17136150234741782,-2.9784261122289286,0.02903225806451613,False,False,False,False
2021-08-27,2021-09-17,21,47.5,0.5166,-0.4844,0.6,0.5,0.575,0.5,1.1749999999999998,1.0,1.84,0.0,1.8900000000000001,-71.50000000000003,-89.00000000000001,-0.6085106382978727,-0.8900000000000001,1067.5,-0.06697892271662766,-1.164157466265195,0.024736842105263154,False,False,False,False
2021-09-03,2021-09-24,21,49.5,0.5552,-0.4425,0.775,0.7,0.55,0.5,1.3250000000000002,1.2,0.4,0.0,0.45,87.50000000000003,75.0,0.6603773584905661,0.625,1122.5,0.07795100222717152,1.3548626577579812,0.02676767676767677,True,False,False,False
2021-09-10,2021-10-01,21,49.5,0.4651,-0.5352,0.65,0.6,0.825,0.75,1.475,1.35,0.0,0.31,0.35000000000000003,112.5,100.0,0.7627118644067796,0.7407407407407407,1137.5,0.0989010989010989,1.7189952904238617,0.0297979797979798,True,False,False,False
2021-09-17,2021-10-08,21,49.5,0.4738,-0.5273,0.725,0.65,0.9,0.8,1.625,1.4500000000000002,0.0,0.26,0.30000000000000004,132.5,115.00000000000001,0.8153846153846154,0.793103448275862,1152.5,0.11496746203904555,1.998243983059601,0.03282828282828283,True,False,False,False
2021-09-24,2021-10-15,21,50.0,0.498,-0.5031,0.8,0.75,0.875,0.8,1.675,1.55,0.53,0.0,0.5800000000000001,109.5,97.0,0.6537313432835821,0.6258064516129033,1167.5,0.09379014989293362,1.6301621290914654,0.0335,True,False,False,False
2021-10-01,2021-10-22,21,49.0,0.5403,-0.4602,1.05,0.95,0.875,0.8,1.925,1.75,0.44,0.0,0.465,146.0,128.5,0.7584415584415585,0.7342857142857143,1172.5,0.12452025586353944,2.1642806376281856,0.039285714285714285,True,False,False,False
2021-10-08,2021-10-29,21,49.5,0.4535,-0.5478,0.7,0.6,0.975,0.9,1.6749999999999998,1.5,0.0,0.69,0.75,92.49999999999999,75.0,0.5522388059701493,0.5,1157.5,0.07991360691144707,1.3889745963180087,0.033838383838383834,True,False,False,False
2021-10-15,2021-11-05,21,50.5,0.5145,-0.4857,0.75,0.4,0.825,0.5,1.575,0.9,0.0,0.55,0.6000000000000001,97.49999999999999,29.999999999999993,0.619047619047619,0.33333333333333326,1167.5,0.08351177730192719,1.4515142245334964,0.031188118811881188,True,False,False,False
2021-10-22,2021-11-12,21,49.5,0.4922,-0.5098,0.825,0.75,0.925,0.85,1.75,1.6,1.25,0.0,1.325,42.50000000000001,27.500000000000014,0.2428571428571429,0.17187500000000008,1165.0,0.03648068669527898,0.6340690782750871,0.03535353535353535,True,False,False,False
2021-10-29,2021-11-19,21,49.0,0.4693,-0.5299,0.775,0.7,1.0,0.95,1.775,1.65,0.61,0.0,0.635,113.99999999999999,101.49999999999999,0.6422535211267605,0.6151515151515151,1157.5,0.09848812095032396,1.7118173403270593,0.036224489795918365,True,False,False,False
2021-11-05,2021-11-26,21,50.0,0.498,-0.5033,0.8,0.75,0.825,0.75,1.625,1.5,0.0,2.77,2.8249999999999997,-119.99999999999997,-132.49999999999997,-0.7384615384615383,-0.8833333333333332,1162.5,-0.10322580645161288,-1.7941628264208904,0.0325,False,False,False,False
2021-11-12,2021-12-03,21,51.0,0.4621,-0.5382,0.725,0.65,0.95,0.9,1.6749999999999998,1.55,0.0,3.33,3.4050000000000002,-173.00000000000006,-185.50000000000003,-1.0328358208955228,-1.1967741935483873,1187.5,-0.14568421052631583,-2.532130325814537,0.032843137254901955,False,False,False,False
2021-11-19,2021-12-10,21,49.5,0.5253,-0.475,0.925,0.85,0.825,0.75,1.75,1.6,0.0,1.03,1.055,69.5,54.500000000000014,0.39714285714285713,0.34062500000000007,1165.0,0.05965665236051502,1.036889433885142,0.03535353535353535,True,False,False,False
2021-11-26,2021-12-17,21,47.0,0.5335,-0.4703,1.175,1.1,1.025,0.95,2.2,2.05,0.0,2.95,3.0,-79.99999999999999,-95.00000000000001,-0.36363636363636354,-0.4634146341463416,1160.0,-0.0689655172413793,-1.1986863711001638,0.04680851063829788,False,False,False,False
2021-12-03,2021-12-23,20,47.5,0.5282,-0.4738,1.225,1.15,1.125,1.05,2.35,2.2,0.0,2.4,2.425,-7.499999999999973,-22.499999999999964,-0.03191489361702116,-0.1022727272727271,1185.0,-0.00632911392405061,-0.11550632911392364,0.049473684210526316,False,False,False,False
2021-12-10,2021-12-31,21,48.5,0.4951,-0.5077,0.925,0.85,1.0,0.9,1.925,1.75,0.0,2.58,2.625,-70.0,-87.5,-0.36363636363636365,-0.5,1162.5,-0.060215053763440864,-1.0465949820788532,0.039690721649484534,False,False,False,False
2021-12-17,2022-01-07,21,44.0,0.5278,-0.4721,1.0,0.95,0.9,0.85,1.9,1.7999999999999998,3.16,0.0,3.185,-128.5,-138.50000000000003,-0.6763157894736842,-0.7694444444444447,1070.0,-0.12009345794392523,-2.0873386737872717,0.04318181818181818,False,False,False,False
2021-12-31,2022-01-21,21,46.0,0.5057,-0.4945,0.85,0.8,0.875,0.8,1.725,1.6,0.1,0.07,0.175,155.0,142.5,0.8985507246376812,0.890625,1092.5,0.14187643020594964,2.4659474773891246,0.0375,True,False,False,False
2022-01-07,2022-01-28,21,47.0,0.5383,-0.4621,0.975,0.9,0.825,0.75,1.7999999999999998,1.65,0.0,2.31,2.425,-62.5,-77.49999999999999,-0.34722222222222227,-0.4696969696969696,1120.0,-0.05580357142857143,-0.9699192176870749,0.038297872340425525,False,False,False,False
2022-01-14,2022-02-04,21,48.0,0.5235,-0.4774,0.925,0.85,0.85,0.8,1.775,1.65,0.0,2.51,2.5599999999999996,-78.49999999999997,-90.99999999999997,-0.4422535211267604,-0.5515151515151513,1137.5,-0.06901098901098898,-1.1994767137624276,0.03697916666666667,False,False,False,False
2022-01-21,2022-02-11,21,46.0,0.5164,-0.4835,1.15,1.05,1.125,1.0,2.275,2.05,0.0,1.81,1.875,39.99999999999999,17.499999999999982,0.17582417582417578,0.08536585365853651,1147.5,0.03485838779956427,0.6058719784209979,0.049456521739130434,True,False,False,False
2022-01-28,2022-02-18,21,44.5,0.5352,-0.4662,1.275,1.2,1.125,1.05,2.4,2.25,0.27,0.09,0.36,204.0,189.0,0.85,0.84,1130.0,0.18053097345132743,3.137800252844501,0.05393258426966292,True,False,False,False
2022-02-04,2022-02-25,21,45.5,0.5061,-0.4947,0.95,0.85,0.975,0.9,1.9249999999999998,1.75,0.0,1.5,1.5999999999999999,32.49999999999999,15.000000000000014,0.16883116883116883,0.0857142857142858,1102.5,0.029478458049886615,0.5123636756289817,0.0423076923076923,True,False,False,False
2022-02-11,2022-03-04,21,44.5,0.4718,-0.5266,0.95,0.85,1.25,1.1,2.2,1.9500000000000002,0.0,3.04,3.225,-102.49999999999999,-127.49999999999999,-0.4659090909090908,-0.6538461538461536,1110.0,-0.09234234234234233,-1.6049978549978547,0.04943820224719102,False,False,False,False
2022-02-18,2022-03-11,21,45.0,0.4701,-0.5262,0.9,0.55,1.2,1.0,2.1,1.55,0.0,2.93,2.955,-85.5,-140.5,-0.40714285714285714,-0.9064516129032258,1110.0,-0.07702702702702703,-1.3388030888030888,0.04666666666666667,False,False,False,False
2022-02-25,2022-03-18,21,44.0,0.5019,-0.5012,1.075,1.0,1.125,1.05,2.2,2.05,0.69,0.05,0.74,146.00000000000003,130.99999999999997,0.6636363636363637,0.6390243902439023,1100.0000000000002,0.13272727272727272,2.306926406926407,0.05,True,False,False,False
2022-03-04,2022-03-25,21,41.5,0.5113,-0.4894,1.25,1.15,1.3,1.15,2.55,2.3,2.74,0.0,2.865,-31.50000000000004,-56.50000000000004,-0.12352941176470605,-0.2456521739130437,1085.0,-0.029032258064516165,-0.5046082949308762,0.061445783132530116,False,False,False,False
2022-03-11,2022-04-01,21,42.5,0.4814,-0.518,1.075,0.95,1.45,1.35,2.525,2.3,2.73,0.0,2.78,-25.49999999999999,-48.0,-0.10099009900990094,-0.20869565217391306,1102.5,-0.023129251700680264,-0.4020084224165855,0.05941176470588235,False,False,False,False
2022-03-18,2022-04-08,21,44.5,0.5328,-0.4687,1.275,1.1,1.15,1.0,2.425,2.1,1.51,0.0,1.5499999999999998,87.5,55.00000000000003,0.3608247422680413,0.26190476190476203,1132.5,0.0772626931567329,1.34289919058131,0.05449438202247191,True,False,False,False
2022-03-25,2022-04-14,20,44.5,0.4598,-0.5404,0.775,0.7,1.075,1.0,1.85,1.7,0.35,0.12,0.47,138.0,123.0,0.745945945945946,0.7235294117647059,1075.0,0.1283720930232558,2.3427906976744186,0.04157303370786517,True,False,False,False
2022-04-01,2022-04-22,21,45.5,0.467,-0.5339,0.775,0.7,0.975,0.9,1.75,1.6,0.0,1.2,1.325,42.50000000000001,27.500000000000014,0.2428571428571429,0.17187500000000008,1085.0,0.0391705069124424,0.6808207153829274,0.038461538461538464,True,False,False,False
2022-04-08,2022-04-29,21,46.0,0.5143,-0.486,0.9,0.8,0.9,0.8,1.8,1.6,0.0,2.28,2.355,-55.49999999999999,-75.49999999999999,-0.3083333333333333,-0.47187499999999993,1100.0,-0.050454545454545446,-0.8769480519480519,0.0391304347826087,False,False,False,False
2022-04-22,2022-05-13,21,44.5,0.4989,-0.5001,1.025,0.9,1.175,1.05,2.2,1.9500000000000002,0.0,4.04,4.375,-217.49999999999997,-242.49999999999997,-0.9886363636363634,-1.2435897435897432,1110.0,-0.19594594594594592,-3.4057271557271553,0.04943820224719102,False,False,False,False
2022-04-29,2022-05-20,21,44.0,0.4915,-0.5076,1.075,1.0,1.25,1.15,2.325,2.15,0.0,3.11,3.1999999999999997,-87.49999999999996,-104.99999999999999,-0.37634408602150515,-0.48837209302325574,1112.5000000000002,-0.07865168539325837,-1.3670411985018716,0.0528409090909091,False,False,False,False
2022-05-06,2022-05-27,21,42.0,0.5284,-0.472,1.2,1.1,1.075,0.95,2.275,2.05,0.01,0.71,0.76,151.5,128.99999999999997,0.6659340659340659,0.6292682926829268,1067.5,0.14192037470725996,2.4667112746738042,0.05416666666666666,True,False,False,False
2022-05-13,2022-06-03,21,40.5,0.505,-0.4964,0.975,0.9,1.025,0.95,2.0,1.85,0.88,0.0,0.93,106.99999999999999,92.0,0.5349999999999999,0.4972972972972973,1010.0,0.10594059405940592,1.841348420556341,0.04938271604938271,True,False,False,False
2022-05-20,2022-06-10,21,41.0,0.4874,-0.5088,0.925,0.8,1.075,1.0,2.0,1.8,0.0,0.74,0.765,123.49999999999999,103.50000000000001,0.6174999999999999,0.5750000000000001,1020.0000000000001,0.12107843137254899,2.1044584500466845,0.04878048780487805,True,False,False,False
2022-05-27,2022-06-17,21,41.5,0.4685,-0.5286,0.825,0.75,1.075,1.0,1.9,1.75,0.0,2.66,3.75,-185.0,-200.0,-0.9736842105263158,-1.1428571428571428,1020.0000000000001,-0.1813725490196078,-3.152427637721755,0.04578313253012048,False,False,False,False
2022-06-03,2022-06-24,21,41.5,0.4755,-0.5212,0.8,0.75,1.0,0.95,1.8,1.7,0.0,1.66,1.875,-7.499999999999996,-17.500000000000004,-0.041666666666666644,-0.10294117647058826,1010.0000000000001,-0.00742574257425742,-0.12906647807637897,0.043373493975903614,False,False,False,False
2022-06-10,2022-07-01,21,40.5,0.4854,-0.5144,0.9,0.8,1.05,0.95,1.9500000000000002,1.75,0.0,1.07,1.125,82.50000000000001,62.5,0.4230769230769231,0.35714285714285715,1005.0,0.08208955223880599,1.4267945984363897,0.048148148148148155,True,False,False,False
2022-06-24,2022-07-15,21,40.0,0.4852,-0.5188,0.85,0.8,1.0,0.95,1.85,1.75,0.23,0.03,0.28,157.0,147.0,0.8486486486486486,0.84,985.0,0.15939086294416244,2.7703649987913948,0.04625,True,False,False,False
2022-07-29,2022-08-19,21,43.0,0.4239,-0.5899,0.525,0.45,0.9,0.85,1.425,1.3,0.25,0.0,0.30000000000000004,112.5,100.0,0.7894736842105263,0.7692307692307693,1002.5,0.11221945137157108,1.9504809405058783,0.03313953488372093,True,False,False,False
2022-08-26,2022-09-16,21,43.0,0.4472,-0.5696,0.6,0.55,0.9,0.85,1.5,1.4,0.12,0.04,0.175,132.5,122.49999999999999,0.8833333333333333,0.8749999999999999,1010.0,0.1311881188118812,2.28017444601603,0.03488372093023256,True,False,False,False
2022-09-30,2022-10-21,21,41.0,0.5002,-0.509,1.1,1.0,1.175,1.1,2.2750000000000004,2.1,0.74,0.0,0.79,148.50000000000003,131.0,0.6527472527472528,0.6238095238095238,1047.5000000000002,0.14176610978520285,2.464030003409478,0.05548780487804879,True,False,False,False
2022-10-28,2022-11-18,21,42.0,0.5689,-0.4465,1.1,1.05,0.775,0.7,1.875,1.75,0.98,0.0,1.005,87.00000000000001,74.50000000000001,0.4640000000000001,0.4257142857142858,1027.5,0.08467153284671534,1.4716718804310047,0.044642857142857144,True,False,False,False
2022-11-25,2022-12-16,21,43.0,0.4884,-0.6485,0.9,0.65,1.65,0.9,2.55,1.55,0.0,0.75,0.775,177.5,77.5,0.6960784313725491,0.5,1115.0,0.1591928251121076,2.7669229126628228,0.059302325581395345,True,False,False,False
2022-12-30,2023-01-20,21,42.0,0.4715,-0.5501,0.625,0.55,0.8,0.75,1.425,1.3,0.59,0.0,0.625,80.0,67.5,0.5614035087719298,0.5192307692307693,982.5,0.08142493638676845,1.4152429419604993,0.03392857142857143,True,False,False,False
2023-01-27,2023-02-17,21,41.0,0.5026,-0.5194,0.775,0.65,0.825,0.75,1.6,1.4,0.0,0.67,3.175,-157.49999999999997,-177.5,-0.9843749999999998,-1.2678571428571428,980.0000000000001,-0.16071428571428567,-2.793367346938775,0.03902439024390244,False,False,False,False
2023-02-24,2023-03-17,21,39.0,0.5264,-0.4958,0.75,0.65,0.675,0.6,1.425,1.25,0.0,0.61,0.675,75.0,57.49999999999999,0.5263157894736842,0.45999999999999996,922.5000000000001,0.08130081300813007,1.4130855594270226,0.03653846153846154,True,False,False,False
2023-03-03,2023-03-24,21,40.0,0.5533,-0.4699,0.775,0.65,0.575,0.5,1.35,1.15,0.0,1.47,1.5250000000000001,-17.500000000000004,-37.50000000000002,-0.12962962962962965,-0.32608695652173936,935.0,-0.018716577540106957,-0.3253119429590019,0.03375,False,False,False,False
2023-03-10,2023-03-31,21,39.5,0.5109,-0.5127,0.775,0.6,0.75,0.65,1.525,1.25,0.03,0.23,0.305,122.0,94.5,0.8,0.756,942.5,0.12944297082228118,2.249842111911078,0.03860759493670886,True,False,False,False
2023-03-17,2023-04-06,20,38.5,0.5172,-0.5021,0.75,0.65,0.725,0.65,1.475,1.3,1.45,0.0,1.5,-2.499999999999991,-19.999999999999996,-0.016949152542372822,-0.15384615384615383,917.5,-0.002724795640326966,-0.04972752043596713,0.03831168831168831,False,False,False,False
2023-03-24,2023-04-14,21,38.5,0.5333,-0.4865,0.775,0.7,0.675,0.6,1.4500000000000002,1.2999999999999998,1.7,0.0,1.75,-29.999999999999982,-45.000000000000014,-0.20689655172413776,-0.3461538461538463,915.0,-0.03278688524590162,-0.5698672911787662,0.03766233766233767,False,False,False,False
2023-03-31,2023-04-21,21,39.5,0.4823,-0.5499,0.575,0.5,0.65,0.6,1.225,1.1,0.35,0.01,0.425,80.0,67.5,0.6530612244897959,0.6136363636363635,912.5,0.08767123287671233,1.5238095238095237,0.031012658227848103,True,False,False,False
2023-04-14,2023-05-05,21,40.5,0.4424,-0.5837,0.475,0.4,0.725,0.65,1.2,1.05,0.89,0.0,0.925,27.499999999999993,12.5,0.2291666666666666,0.11904761904761904,930.0,0.02956989247311827,0.5139528929851509,0.029629629629629627,True,False,False,False
2023-04-21,2023-05-12,21,40.0,0.4726,-0.5475,0.55,0.35,0.675,0.45,1.225,0.8,1.34,0.0,1.365,-13.99999999999999,-56.49999999999999,-0.11428571428571419,-0.7062499999999999,922.5,-0.015176151761517603,-0.26377597109304407,0.030625000000000003,False,False,False,False
2023-04-28,2023-05-19,21,41.0,0.5682,-0.4633,0.625,0.55,0.45,0.4,1.075,0.9500000000000001,0.03,0.15,0.2,87.5,75.0,0.813953488372093,0.7894736842105263,927.5000000000001,0.09433962264150943,1.6397124887690926,0.02621951219512195,True,False,False,False
2023-05-05,2023-05-26,21,41.5,0.4981,-0.539,0.525,0.5,0.6,0.45,1.125,0.95,0.5,0.0,0.55,57.49999999999999,39.99999999999999,0.5111111111111111,0.4210526315789473,942.5000000000001,0.061007957559681684,1.0603764052039912,0.02710843373493976,True,False,False,False
2023-05-12,2023-06-02,21,41.5,0.4754,-0.5671,0.5,0.4,0.6,0.5,1.1,0.9,0.8,0.0,0.95,15.000000000000014,-4.999999999999993,0.13636363636363646,-0.055555555555555476,940.0000000000001,0.01595744680851065,0.27735562310030415,0.026506024096385545,True,False,False,False
2023-05-19,2023-06-09,21,41.0,0.4864,-0.5522,0.55,0.4,0.575,0.45,1.125,0.8500000000000001,1.11,0.0,1.1749999999999998,-4.999999999999982,-32.49999999999997,-0.04444444444444429,-0.3823529411764702,932.5000000000001,-0.005361930294906146,-0.0931954551257497,0.027439024390243903,False,False,False,False
2023-05-26,2023-06-16,21,42.0,0.5179,-0.518,0.65,0.55,0.6,0.45,1.25,1.0,1.11,0.0,1.15,10.000000000000009,-14.999999999999991,0.08000000000000007,-0.1499999999999999,965.0,0.010362694300518144,0.1801134961756725,0.02976190476190476,True,False,False,False
2023-06-02,2023-06-23,21,42.5,0.4476,-0.5909,0.45,0.3,0.7,0.5,1.15,0.8,0.1,0.02,0.125,102.49999999999999,67.5,0.8913043478260869,0.84375,965.0,0.10621761658031087,1.8461633358006413,0.027058823529411764,True,False,False,False
2023-06-09,2023-06-30,21,42.0,0.5731,-0.4631,0.675,0.55,0.45,0.3,1.125,0.8500000000000001,1.7,0.0,1.75,-62.5,-89.99999999999999,-0.5555555555555556,-1.0588235294117643,952.5,-0.06561679790026247,-1.1404824396950382,0.026785714285714284,False,False,False,False
2023-06-16,2023-07-07,21,43.5,0.4443,-0.5973,0.45,0.3,0.65,0.5,1.1,0.8,0.13,0.02,0.155,94.5,64.5,0.859090909090909,0.80625,980.0000000000001,0.09642857142857142,1.6760204081632653,0.025287356321839084,True,False,False,False
2023-06-23,2023-07-14,21,42.5,0.5647,-0.4723,0.625,0.5,0.45,0.3,1.075,0.8,1.78,0.0,1.805,-73.0,-100.49999999999999,-0.6790697674418604,-1.2562499999999999,957.5,-0.0762402088772846,-1.3251274400099464,0.02529411764705882,False,False,False,False
2023-06-30,2023-07-21,21,44.0,0.4418,-0.5998,0.4,0.35,0.6,0.5,1.0,0.85,0.36,0.0,0.4,60.0,44.99999999999999,0.6,0.5294117647058822,980.0000000000001,0.06122448979591836,1.0641399416909618,0.022727272727272728,True,False,False,False
2023-07-07,2023-07-28,21,44.0,0.4295,-0.609,0.4,0.25,0.7,0.55,1.1,0.8,0.5,0.0,0.55,55.00000000000001,25.0,0.5,0.3125,990.0000000000001,0.05555555555555556,0.9656084656084657,0.025,True,False,False,False
2023-07-14,2023-08-04,21,44.5,0.4726,-0.5695,0.45,0.4,0.575,0.5,1.025,0.9,0.0,0.5,0.55,47.499999999999986,35.0,0.4634146341463414,0.3888888888888889,992.5,0.04785894206549117,0.8318339930430608,0.023033707865168538,True,False,False,False
2023-07-21,2023-08-11,21,44.5,0.5112,-0.5312,0.525,0.45,0.525,0.45,1.05,0.9,0.0,0.86,0.9,15.000000000000002,0.0,0.14285714285714288,0.0,995.0,0.015075376884422112,0.26202440775305097,0.02359550561797753,True,False,False,False
2023-07-28,2023-08-18,21,44.5,0.5465,-0.4927,0.625,0.55,0.5,0.45,1.125,1.0,0.0,1.12,1.2,-7.499999999999996,-19.999999999999996,-0.06666666666666662,-0.19999999999999996,1002.5,-0.007481296758104734,-0.1300320627003918,0.025280898876404494,False,False,False,False
2023-08-04,2023-08-25,21,44.0,0.5446,-0.4923,0.675,0.6,0.525,0.45,1.2000000000000002,1.05,0.01,0.26,0.28500000000000003,91.50000000000001,76.5,0.7625000000000001,0.7285714285714285,1000.0000000000001,0.0915,1.5903571428571428,0.02727272727272728,True,False,False,False
2023-08-11,2023-09-01,21,44.0,0.4414,-0.5941,0.45,0.4,0.725,0.65,1.175,1.05,0.22,0.02,0.275,90.0,77.5,0.7659574468085106,0.7380952380952381,997.5000000000001,0.09022556390977443,1.568206229860365,0.026704545454545457,True,False,False,False
2023-08-25,2023-09-15,21,44.0,0.4734,-0.5693,0.475,0.45,0.6,0.55,1.075,1.0,1.11,0.0,1.1749999999999998,-9.999999999999986,-17.499999999999982,-0.09302325581395336,-0.17499999999999982,987.5000000000001,-0.010126582278480997,-0.17600964436407449,0.02443181818181818,False,False,False,False
2023-09-29,2023-10-20,21,44.0,0.5918,-0.444,0.775,0.7,0.475,0.4,1.25,1.1,0.08,0.07,0.155,109.5,94.5,0.876,0.859090909090909,1005.0000000000001,0.108955223880597,1.8937455579246623,0.028409090909090908,True,False,False,False
2023-10-27,2023-11-17,21,43.0,0.5293,-0.5058,0.65,0.6,0.6,0.55,1.25,1.15,2.03,0.0,2.0749999999999997,-82.49999999999997,-92.49999999999999,-0.6599999999999998,-0.8043478260869565,985.0,-0.08375634517766495,-1.4557650471356052,0.029069767441860465,False,False,False,False
2023-12-29,2024-01-19,21,49.0,0.4969,-0.5398,0.65,0.6,0.7,0.65,1.35,1.25,0.59,0.0,0.615,73.50000000000001,63.5,0.5444444444444445,0.508,1115.0,0.06591928251121078,1.1457399103139017,0.027551020408163266,True,False,False,False
2024-01-26,2024-02-16,21,49.0,0.5802,-0.4588,0.8,0.75,0.5,0.45,1.3,1.2,2.22,0.0,2.25,-95.0,-105.0,-0.7307692307692307,-0.875,1110.0,-0.08558558558558559,-1.4875589875589876,0.02653061224489796,False,False,False,False
2024-02-23,2024-03-15,21,52.0,0.4914,-0.5502,0.625,0.6,0.675,0.65,1.3,1.25,0.0,1.52,1.5499999999999998,-24.99999999999998,-29.999999999999982,-0.19230769230769215,-0.23999999999999985,1170.0,-0.02136752136752135,-0.3713878713878711,0.025,False,False,False,False
2024-05-31,2024-06-21,21,53.0,0.5104,-0.5006,1.2,1.1,1.15,1.05,2.3499999999999996,2.1500000000000004,1.72,0.0,1.7449999999999999,60.49999999999998,40.50000000000005,0.2574468085106382,0.18837209302325603,1295.0000000000002,0.0467181467181467,0.8120058834344545,0.044339622641509424,True,False,False,False
2024-06-28,2024-07-19,21,56.0,0.4796,-0.566,0.55,0.5,0.675,0.6,1.225,1.1,0.31,0.11,0.535,69.0,56.50000000000001,0.563265306122449,0.5136363636363637,1242.5,0.055533199195171024,0.9652198907732106,0.021875000000000002,True,False,False,False
2024-07-26,2024-08-16,21,57.0,0.4822,-0.5548,0.65,0.6,0.8,0.7,1.4500000000000002,1.2999999999999998,0.0,0.7,1.25,20.000000000000018,4.999999999999982,0.13793103448275873,0.03846153846153833,1285.0,0.015564202334630364,0.27052065962571825,0.025438596491228073,True,False,False,False
2024-08-30,2024-09-20,21,58.0,0.4715,-0.5734,0.55,0.5,0.725,0.7,1.275,1.2,0.81,0.0,0.8350000000000001,43.999999999999986,36.499999999999986,0.3450980392156862,0.30416666666666653,1287.5000000000002,0.03417475728155338,0.5939898289412849,0.021982758620689654,True,False,False,False
2024-09-27,2024-10-18,21,59.0,0.57,-0.46,0.95,0.9,0.65,0.6,1.6,1.5,0.0,2.44,2.475,-87.5,-97.50000000000001,-0.546875,-0.6500000000000001,1340.0,-0.06529850746268656,-1.1349502487562186,0.027118644067796613,False,False,False,False
2024-10-25,2024-11-15,21,55.0,0.493,-0.5306,1.0,0.95,1.15,1.1,2.15,2.05,0.0,2.0,2.05,10.000000000000009,0.0,0.046511627906976785,0.0,1315.0,0.0076045627376425924,0.13217454282093077,0.039090909090909086,True,False,False,False
2024-11-29,2024-12-20,21,55.0,0.4309,-0.6222,0.6,0.5,0.975,0.7,1.575,1.2,0.0,1.47,1.4949999999999999,8.000000000000007,-29.499999999999993,0.05079365079365084,-0.24583333333333326,1257.5,0.006361829025844936,0.11057464735397152,0.028636363636363637,True,False,False,False
2024-12-27,2025-01-17,21,53.0,0.5579,-0.3737,0.8,0.75,0.55,0.5,1.35,1.25,0.0,1.86,2.3000000000000003,-95.00000000000001,-105.00000000000003,-0.7037037037037038,-0.8400000000000002,1195.0000000000002,-0.0794979079497908,-1.3817493524606494,0.02547169811320755,False,False,False,False
2025-01-31,2025-02-21,21,51.0,0.5463,-0.4778,0.95,0.9,0.75,0.7,1.7,1.6,0.0,1.67,1.75,-5.000000000000004,-14.999999999999991,-0.02941176470588238,-0.09374999999999994,1190.0,-0.004201680672268912,-0.07302921168467394,0.03333333333333333,False,False,False,False
2025-02-28,2025-03-21,21,48.0,0.5313,-0.4916,0.875,0.8,0.725,0.6,1.6,1.4,3.47,0.0,3.55,-194.99999999999997,-215.0,-1.2187499999999998,-1.5357142857142858,1120.0,-0.17410714285714282,-3.026147959183673,0.03333333333333333,False,False,False,False
2025-03-28,2025-04-17,20,51.0,0.5995,-0.4261,1.0,0.95,0.575,0.55,1.575,1.5,1.36,0.0,1.45,12.5,5.000000000000004,0.07936507936507936,0.03333333333333336,1177.5,0.010615711252653927,0.19373673036093417,0.03088235294117647,True,False,False,False
2025-04-25,2025-05-16,21,53.0,0.5011,-0.5204,0.975,0.95,1.05,1.0,2.025,1.95,1.66,0.0,1.7,32.49999999999999,25.0,0.1604938271604938,0.1282051282051282,1262.5000000000002,0.02574257425742573,0.4474304573314472,0.03820754716981132,True,False,False,False
2025-05-30,2025-06-20,21,54.0,0.58,-0.3692,1.1,1.05,0.675,0.6,1.7750000000000001,1.65,0.0,0.05,0.07500000000000001,170.00000000000003,157.5,0.9577464788732396,0.9545454545454546,1257.5,0.1351888667992048,2.349711256271893,0.032870370370370376,True,False,False,False
2025-06-27,2025-07-18,21,56.0,0.5081,-0.5219,0.675,0.65,0.7,0.65,1.375,1.3,0.0,1.48,1.505,-12.99999999999999,-20.499999999999986,-0.09454545454545447,-0.15769230769230758,1257.5,-0.010337972166998003,-0.1796838019502034,0.024553571428571428,False,False,False,False
2025-07-25,2025-08-15,21,54.0,0.4979,-0.5346,0.65,0.6,0.7,0.65,1.35,1.25,0.0,1.36,1.4,-4.999999999999982,-14.999999999999991,-0.0370370370370369,-0.11999999999999993,1215.0,-0.004115226337448545,-0.07152655300803425,0.025,False,False,False,False
2025-08-29,2025-09-19,21,52.0,0.5368,-0.496,0.675,0.65,0.575,0.55,1.25,1.2000000000000002,1.925,0.025,1.95,-70.0,-74.99999999999997,-0.56,-0.6249999999999997,1165.0,-0.060085836909871244,-1.044349070100143,0.02403846153846154,False,False,False,False
2025-09-26,2025-10-17,21,52.0,0.5707,-0.4225,1.075,0.9,0.575,0.55,1.65,1.4500000000000002,2.7,0.35,3.0500000000000003,-140.00000000000003,-160.0,-0.8484848484848486,-1.1034482758620687,1205.0,-0.1161825726141079,-2.0193637621023517,0.03173076923076923,False,False,False,False
2025-10-31,2025-11-21,21,54.0,0.5175,-0.4893,0.925,0.55,0.75,0.65,1.675,1.2000000000000002,0.225,0.1,0.325,135.0,87.50000000000003,0.8059701492537313,0.7291666666666669,1247.5,0.10821643286573146,1.880904666475809,0.031018518518518518,True,False,False,False
2025-11-28,2025-12-19,21,55.0,0.454,-0.5114,0.5,0.3,1.525,0.8,2.025,1.1,0.025,0.65,0.675,135.0,42.50000000000001,0.6666666666666666,0.38636363636363635,1302.5,0.1036468330134357,1.8014806690430492,0.03681818181818182,True,False,False,False
2025-12-26,2026-01-16,21,54.0,0.5279,-0.4832,0.625,0.45,0.6,0.55,1.225,1.0,0.025,1.15,1.1749999999999998,5.000000000000027,-17.499999999999982,0.04081632653061246,-0.17499999999999982,1202.5,0.00415800415800418,0.07227007227007265,0.022685185185185187,True,False,False,False
2026-01-30,2026-02-20,21,52.0,0.5138,-0.493,0.65,0.6,0.825,0.75,1.475,1.35,1.4,0.025,1.4249999999999998,5.000000000000027,-7.499999999999973,0.03389830508474594,-0.05555555555555536,1187.5,0.004210526315789496,0.0731829573934841,0.02836538461538462,True,False,False,False
