ticker,n,n_oos,avg_roc,median_roc,win_rate,sharpe,oos_avg_roc,oos_win_rate
OIH,24,11,77.42961125982649,65.82707046655256,0.6666666666666666,0.5817464921097819,122.00804860201747,0.7272727272727273
OZK,21,21,44.91156348980428,21.702127659574458,0.6190476190476191,0.542209977312482,44.91156348980428,0.6190476190476191
NOV,22,0,58.65130826028992,12.366294728741824,0.5454545454545454,0.47601895506403746,,
WBD,28,24,55.14970013724828,33.4024020567131,0.5714285714285714,0.45950929289940223,40.751734499677234,0.5416666666666666
TEM,16,16,49.380420425440846,11.273332929562113,0.6875,0.44871963417335925,49.380420425440846,0.6875
EOSE,20,20,44.85424168400143,23.225165562913915,0.6,0.43762229959535,44.85424168400143,0.6
ETHA,17,17,42.082097590885496,37.28571428571428,0.5882352941176471,0.43696756430490835,42.082097590885496,0.5882352941176471
FANG,23,19,51.41829671302245,20.27027027027028,0.5652173913043478,0.41739302376615683,42.75562829304724,0.5263157894736842
BTDR,16,16,32.30707912213379,18.27282109015857,0.6875,0.4107204772089935,32.30707912213379,0.6875
AG,30,11,84.62383676768555,41.983534707415316,0.6666666666666666,0.39650118962071024,140.8484071243097,0.8181818181818182
BE,26,25,37.268221668280816,34.77569979220142,0.5769230769230769,0.37475936865922876,33.330993545764734,0.56
RRC,37,13,32.76874743895271,11.42857142857144,0.5405405405405406,0.3634158930699632,17.216184684869834,0.6153846153846154
LOW,86,21,30.648934952596996,11.174480307677333,0.6162790697674418,0.361009336863881,48.17673175627861,0.6666666666666666
CYBR,22,0,29.687228936487188,-4.706558061821223,0.45454545454545453,0.31396431805890246,,
VLO,103,32,32.25206737659597,7.848101265822774,0.5339805825242718,0.3088481332934266,42.64700989712789,0.59375
WGS,15,15,52.372873184991846,-25.000000000000007,0.4666666666666667,0.3078680997179604,52.372873184991846,0.4666666666666667
SU,82,35,22.43110888704265,20.32438926712054,0.5609756097560976,0.2797463542532128,23.00648734946045,0.5714285714285714
MT,51,11,22.277358725682642,14.285714285714285,0.5686274509803921,0.2781752470174826,-8.430238182251122,0.36363636363636365
ZION,15,15,17.45759276707777,22.597402597402603,0.6,0.2767545355057115,17.45759276707777,0.6
BK,38,3,24.546609294180737,-0.38363171355499964,0.4473684210526316,0.27227929054016764,,
ET,18,4,39.136589549370775,5.770782889426952,0.5555555555555556,0.2708781507069499,,
BBAI,16,16,53.167035826612604,-23.18681318681319,0.25,0.2693967426280016,53.167035826612604,0.25
EOG,76,45,23.695033821725747,22.461368653421637,0.5921052631578947,0.26639820971763295,18.83633007563583,0.6444444444444445
CAT,209,93,24.876685245131043,6.411698537682793,0.5263157894736842,0.26505240916515804,25.163156796243516,0.5806451612903226
TECK,58,29,21.901168919965546,11.851263308437945,0.5517241379310345,0.26012737683124026,10.647524960090934,0.5172413793103449
AR,46,38,20.449759655132993,12.352734468919348,0.5652173913043478,0.254463143392459,27.449814052224042,0.631578947368421
CLF,103,37,22.57036607505682,4.458598726114654,0.5436893203883495,0.25100328100391933,33.53964246024921,0.5945945945945946
URI,73,30,22.927527165563543,5.8921161825726065,0.5068493150684932,0.24687678602866073,30.462988405824778,0.5
HPE,40,21,25.729206808282175,4.311099987485917,0.525,0.24466377313546644,42.324835144641476,0.5714285714285714
MU,148,63,19.69247948830531,1.0919264588329298,0.5067567567567568,0.24286654043695333,35.13731898568742,0.5555555555555556
CEG,25,25,38.7051372297589,-0.7746478873239396,0.48,0.23989825575511076,38.7051372297589,0.48
FUTU,61,45,36.31107669085431,-8.854781582054299,0.45901639344262296,0.23868535291512405,30.165287631295435,0.4666666666666667
PAA,18,2,16.719147413517156,12.222222222222225,0.5,0.23684804405791218,,
PSX,107,52,22.79862032258747,-6.2499999999999964,0.48598130841121495,0.23315455201958718,28.366924151045218,0.46153846153846156
HCA,24,3,15.262775927442325,20.41994667343829,0.5416666666666666,0.2312950267631705,,
KOLD,68,67,18.110064381533537,5.635805911879526,0.5147058823529411,0.2306405826115693,18.575042629927612,0.5223880597014925
JETS,32,6,18.169447896482936,-1.1904761904761911,0.5,0.22832346139539617,29.368746433654945,0.8333333333333334
PAAS,26,25,20.288853940514862,9.07189542483659,0.5384615384615384,0.2241982636789666,22.851759449486806,0.56
STX,164,68,20.823074654385557,-5.817789757412399,0.4817073170731707,0.22128871693086796,24.84783523045835,0.5147058823529411
BSX,70,29,17.92547921124388,-4.916943521594698,0.45714285714285713,0.22081858785334216,15.366621386040794,0.41379310344827586
CMA,28,28,15.611921769060842,-4.3942394239424,0.4642857142857143,0.2124417835547508,15.611921769060842,0.4642857142857143
RCL,121,46,37.98654899313997,7.1907957813998085,0.5289256198347108,0.2074340989944639,28.888566582468048,0.5434782608695652
FDX,175,83,18.45506113421914,2.41245136186768,0.5028571428571429,0.20435653746830088,21.58522025028096,0.5421686746987951
VOD,32,2,15.254191616809575,4.523809523809515,0.5625,0.20268970017373758,,
XOM,228,83,16.695548501510295,-3.787581699346403,0.4692982456140351,0.20053139126863082,28.15779080430359,0.5421686746987951
GM,99,47,15.868215163193517,2.8753993610223736,0.5151515151515151,0.19907900272737353,24.25507125278075,0.5531914893617021
WFC,193,85,19.440005456159827,0.9230769230769171,0.5077720207253886,0.19849587588761938,15.745176875715313,0.5176470588235295
COP,133,65,20.754651639328156,-3.2679738562091507,0.49624060150375937,0.19833756823744308,9.260504963052894,0.38461538461538464
DB,24,5,25.57114681226331,-20.591278640059123,0.4583333333333333,0.19689664951053013,41.65361305361306,0.4
APLD,38,38,31.12087452344027,-7.6804939105862156,0.4473684210526316,0.19564125324790707,31.12087452344027,0.4473684210526316
IOT,63,63,20.258772852658357,-0.48780487804877015,0.49206349206349204,0.19339412054801242,20.258772852658357,0.49206349206349204
COHR,53,50,16.455829904475216,-3.4482758620689538,0.49056603773584906,0.19311673125761256,15.898320292746883,0.48
NEE,34,34,25.34368549026781,2.4787886698864288,0.5294117647058824,0.19229446912552298,25.34368549026781,0.5294117647058824
ERX,49,11,19.62178818567462,-1.463414634146332,0.4897959183673469,0.18849361976361542,26.368142099044178,0.6363636363636364
ETN,20,10,11.949035277404287,-5.651381718797457,0.45,0.1879959113219763,8.669785550569404,0.4
AEM,21,21,14.33979593680886,-2.777777777777775,0.42857142857142855,0.18537380977792842,14.33979593680886,0.42857142857142855
AFL,60,23,24.432143038897262,-0.9818902093944544,0.48333333333333334,0.1802830363483192,-12.313807567067064,0.34782608695652173
HSBC,35,11,22.974772447704083,-24.285714285714278,0.42857142857142855,0.17799319073491374,115.05624304126314,0.7272727272727273
OSCR,22,22,31.442580318784394,-29.742424242424242,0.4090909090909091,0.17522549192878728,31.442580318784394,0.4090909090909091
CVS,145,57,17.88440229484973,-10.60869565217392,0.41379310344827586,0.17439053722261266,30.392766346090486,0.43859649122807015
MRK,154,54,15.890448797682598,-7.25873026531475,0.474025974025974,0.17390831586658284,15.137666889894794,0.48148148148148145
PBR,93,22,13.960630080740447,0.56497175141243,0.5053763440860215,0.16976523162667492,-2.5563396711681077,0.36363636363636365
FEZ,16,3,16.350910430117782,-4.259376986649702,0.4375,0.16672519969824343,,
SIG,88,36,13.48051926073977,-4.404039564458484,0.4659090909090909,0.16555805629607306,26.608473212744613,0.5555555555555556
LRCX,119,55,14.13045898754484,0.041067761806973344,0.5042016806722689,0.16428996333716273,28.067722914261562,0.5818181818181818
SMH,83,33,16.748142614777894,1.6611295681063212,0.5060240963855421,0.16421157759583924,34.03379870938676,0.5757575757575758
INTC,207,77,16.594590061153287,-6.493506493506483,0.463768115942029,0.15768842359028498,25.062587445064576,0.4675324675324675
BKNG,184,86,12.620357175242717,-0.8401956101671797,0.4891304347826087,0.15497102445376712,5.07145369046724,0.46511627906976744
HD,167,56,13.961829305512639,-16.66666666666667,0.41916167664670656,0.15363649562448792,24.009225371925567,0.4642857142857143
HOOD,109,83,12.65576856680922,-2.4498886414253773,0.4954128440366973,0.15109783443902108,17.88603684255509,0.5060240963855421
INTU,97,47,15.93189300006,-15.44642857142856,0.41237113402061853,0.14662580147472837,23.042002834552505,0.44680851063829785
NOK,29,3,14.696977915880368,-23.076923076923077,0.41379310344827586,0.14318186756380621,,
COST,111,42,13.7343985925148,-2.7118644067796636,0.4954954954954955,0.1417721926518384,21.316032011832622,0.5238095238095238
TJX,46,30,9.24761293571514,-9.157044027026922,0.4782608695652174,0.1406356825276579,6.44214458274777,0.43333333333333335
SLB,124,55,14.116911504650853,-17.809928933492962,0.4274193548387097,0.1401119149095014,5.932623869820329,0.41818181818181815
SCHW,94,55,13.652588844269854,-6.89429724914597,0.4574468085106383,0.13923230429060374,21.82871712806831,0.4909090909090909
XHB,40,7,10.009798145908409,-4.650371564150774,0.45,0.1383450520739831,33.68766169746818,0.42857142857142855
UAL,89,48,13.998557360314091,-20.41633306645317,0.42696629213483145,0.1371637969132045,-3.7591526406654214,0.3958333333333333
GS,149,55,10.829142164172486,-0.26168224299065523,0.4966442953020134,0.1349066204159179,-2.413900912473828,0.4
SIRI,40,38,13.550560729881331,-15.914480776140852,0.425,0.12737258329679316,5.469326184400503,0.42105263157894735
SYY,38,0,12.604746519648371,-11.720430107526884,0.47368421052631576,0.12330597662537243,,
VST,34,34,11.598475933255028,-18.51285720989161,0.4411764705882353,0.12316587938237102,11.598475933255028,0.4411764705882353
MRVL,115,90,11.997286605825074,-12.78688524590163,0.4434782608695652,0.12305340625687004,7.286731393124275,0.37777777777777777
AMAT,145,80,11.081207150057015,-12.183353437876978,0.4413793103448276,0.12288943791399427,15.785737400515364,0.4625
WMB,63,28,9.276490976112362,-2.061855670103095,0.4603174603174603,0.12248163461567821,8.92067582845207,0.5
HAL,153,44,10.827430189876369,-4.216867469879522,0.49019607843137253,0.12208347535303189,-6.043311927285191,0.38636363636363635
AGNC,27,8,14.522047869534246,-31.70731707317073,0.37037037037037035,0.12198668603218507,37.26795547447722,0.5
CVNA,177,129,10.005883595126772,-10.592964824120594,0.4632768361581921,0.12090355936009857,9.84219619777743,0.4806201550387597
NBIS,35,35,15.10924563817911,-16.144578313253003,0.34285714285714286,0.11791059129197196,15.10924563817911,0.34285714285714286
APA,81,49,12.19933647577188,-13.798977853492342,0.4691358024691358,0.11425308168994613,24.30342815477836,0.4897959183673469
AZN,42,14,10.630470125446895,-26.977387182778703,0.4523809523809524,0.1124990891657732,33.90012879693644,0.5
IBM,205,70,8.597275703807991,0.36719706242349276,0.5073170731707317,0.11214990413937524,11.861086033993729,0.5285714285714286
ULTA,186,65,8.215937119078678,-2.673743862441051,0.489247311827957,0.11070184222593814,15.750599165276816,0.5384615384615384
WDC,105,47,10.492289577281491,-7.304785894206539,0.47619047619047616,0.10777414600361658,27.345647538164233,0.5106382978723404
TQQQ,90,29,52298.85486168593,0.40479760119939434,0.5,0.10543451182044497,-16.65054789500751,0.3448275862068966
CRWV,24,24,8.947634528327134,-13.153529292649395,0.4166666666666667,0.10471740035368651,8.947634528327134,0.4166666666666667
MET,128,22,8.76747203931883,-10.283241542092838,0.4453125,0.10351183842975938,9.986198340443039,0.5
RKLB,35,35,8.018715536754456,-0.7449856733524299,0.45714285714285713,0.103185441759376,8.018715536754456,0.45714285714285713
MCK,62,27,8.1621976866619,-10.830009940939128,0.45161290322580644,0.10276907413696507,14.197220784123036,0.48148148148148145
CMG,151,61,8.594250467591797,-10.606694560669471,0.4503311258278146,0.10183349784216178,-1.337885139521287,0.4426229508196721
ABBV,185,53,8.775268417538117,-14.708785784797618,0.42702702702702705,0.1017754582095016,25.691808699137635,0.49056603773584906
ROST,49,35,7.697738435404228,9.93865030674845,0.5306122448979592,0.10155583374835893,5.283195441166524,0.4857142857142857
COTY,33,2,9.499388942755843,-21.951219512195124,0.36363636363636365,0.10103170665328443,,
M,54,17,13.458054508911868,-13.255150739145613,0.48148148148148145,0.10087890153532719,42.38857872051025,0.5294117647058824
XRT,38,9,7.407116709760367,-10.075526273501527,0.47368421052631576,0.09771783666318683,-34.68393790902183,0.1111111111111111
CORZ,27,27,12.97850016410329,-14.838709677419354,0.3333333333333333,0.09703756355627488,12.97850016410329,0.3333333333333333
DVN,100,67,7.868882030608444,-9.58984089913881,0.43,0.09583928678656929,19.268591901065992,0.47761194029850745
XLK,57,11,6.322035533178753,-2.362204724409451,0.47368421052631576,0.09414036626464041,-0.7627611948729341,0.45454545454545453
IYR,118,17,7.752988793839841,-12.035583464154891,0.4406779661016949,0.09357141812890431,-5.1043173388867356,0.23529411764705882
MARA,134,76,8.848518279198071,-16.108886346300537,0.4552238805970149,0.09297857563852763,-5.588398346294134,0.40789473684210525
KLAC,40,12,7.0212383911057525,-9.119658119658121,0.4,0.09002074278572608,19.35857060594715,0.4166666666666667
EQT,29,23,7.21170042278108,-17.127071823204425,0.41379310344827586,0.08965793988030266,11.492743732791224,0.4782608695652174
TXN,126,47,8106.27205967998,-24.14600550964187,0.3253968253968254,0.08895295411957979,-13.990708107692578,0.3404255319148936
NEM,177,77,6.818074712145647,-10.173160173160186,0.4689265536723164,0.08533728235114738,19.69445465433295,0.5454545454545454
FCX,115,51,6.267309709162541,-4.136253041362519,0.46956521739130436,0.08431306497154982,8.964372577248369,0.49019607843137253
PM,77,30,6.251139660575245,-5.386416861826707,0.45454545454545453,0.08220067532722986,9.657720482189013,0.5
GLW,98,32,7.929885569059599,-21.109154929577464,0.3877551020408163,0.0814422653492315,28.690741352471754,0.40625
C,141,58,6.754887872012301,-3.6603221083455346,0.49645390070921985,0.07968129736778823,-0.7422526173024149,0.46551724137931033
FAS,53,9,6.494497712958516,-22.051282051282055,0.37735849056603776,0.07963674117469206,-45.137002699527265,0.1111111111111111
CLS,47,47,8.596369989397287,-26.415094339622648,0.40425531914893614,0.07958079756587003,8.596369989397287,0.40425531914893614
DECK,42,32,6.74315006668787,-3.8668981481481532,0.47619047619047616,0.07950014896545576,15.800349406190012,0.53125
BAC,133,52,6.924260291375507,-16.666666666666664,0.39097744360902253,0.07946119922613246,-12.938829454233002,0.3076923076923077
EPD,47,15,5.008122674101682,1.6666666666666683,0.5106382978723404,0.07677739424181841,12.583864706103451,0.7333333333333333
TPR,68,34,6.891604154928967,-18.861484803188837,0.4264705882352941,0.07646297832129828,-4.0474451595511,0.38235294117647056
TEVA,50,19,5.536133822048927,-7.841383422778771,0.48,0.07623661068338587,1.8656296102790577,0.47368421052631576
ASML,76,61,8.467710212582123,-31.370743924103817,0.3815789473684211,0.07561059445828003,5.445919802728403,0.32786885245901637
LLY,178,107,39989.52594741458,-13.731822223574968,0.4438202247191011,0.07496162561968782,12.189122953786503,0.4953271028037383
TSM,129,74,6.932123725051658,-13.59223300970874,0.40310077519379844,0.07378140313229449,-3.520206349985599,0.4189189189189189
AVGO,207,79,6.741389796521825,-11.973684210526308,0.43478260869565216,0.07305682299837946,-4.3508654473884185,0.379746835443038
AXP,124,47,5.424297384424111,-12.873531224526321,0.41935483870967744,0.07147943394527918,16.555228848850902,0.48936170212765956
EW,44,2,5.749661238347366,-18.770293609671846,0.4090909090909091,0.0714779484535421,,
KMI,44,10,5.360373247299761,-8.274914089347073,0.4318181818181818,0.07024850530130856,38.090768038756764,0.5
PNC,110,46,5.397102067022437,-11.00445563734987,0.4,0.06538705926528407,9.357290250108134,0.391304347826087
JNJ,111,43,6.320672137846805,-18.233618233618238,0.38738738738738737,0.06460807002427182,-2.027275589953148,0.3953488372093023
MNDY,17,16,5.1363245157638415,19.307359307359295,0.5294117647058824,0.06437271705113082,4.250634841289127,0.5
NUE,50,16,6.279604148321172,-14.067475103312784,0.38,0.06330360665516249,5.972102075210012,0.5625
LEN,40,20,6.251612670998971,-16.759389013452925,0.375,0.062047538706789786,-15.702971916143076,0.35
OXY,122,57,5.711870486983781,-22.52231556839066,0.4016393442622951,0.05514679814187287,8.21748018004538,0.40350877192982454
CVX,179,55,5.086009873714675,-21.276595744680858,0.39664804469273746,0.05500499038853758,4.162455435005742,0.45454545454545453
RIG,32,13,4.698559179880698,-12.487335359675784,0.46875,0.054426827491567895,5.840472160474845,0.5384615384615384
UPRO,76,18,4.39997292129768,-3.296947271045328,0.47368421052631576,0.0506208632144842,-0.17450732592984922,0.4444444444444444
NTES,84,14,4.747237907351576,-15.423058078619068,0.4166666666666667,0.05022264521630527,5.045552246186743,0.2857142857142857
REGN,73,35,3.7776395758523345,-13.33333333333334,0.410958904109589,0.050090401300330115,6.795799865319998,0.42857142857142855
KKR,47,23,3.9982855096509082,-8.571428571428573,0.44680851063829785,0.04922195107832101,-12.366056230848006,0.34782608695652173
JPM,112,52,3.4274029800240897,-9.814411033923225,0.45535714285714285,0.047300736473863896,-0.8050816938565089,0.40384615384615385
NTR,57,21,3.887775412474797,-21.818181818181824,0.43859649122807015,0.047118121726783736,-3.7737078060694156,0.38095238095238093
NTAP,171,62,3.3638500462953953,-5.511811023622042,0.47368421052631576,0.04529502097547659,-2.7131236254169084,0.5
NLY,42,25,3.507766528203663,-25.508100147275407,0.42857142857142855,0.04420090143440887,15.591668715288101,0.52
RVLV,22,0,3.1507301531483374,-12.142857142857148,0.45454545454545453,0.04363958682167642,,
NET,147,105,3.1697522133168916,-9.127182044887773,0.4421768707482993,0.03964370368017459,-0.6436447695219748,0.4
ANET,187,90,3.0556081100639854,-14.46428571428572,0.42780748663101603,0.038699621185591844,0.06835296068894381,0.43333333333333335
META,180,150,2.790514515110556,-15.366487822485428,0.4222222222222222,0.03833162375359018,2.5444337503623617,0.4266666666666667
AMC,105,38,5.6320048947461565,-30.158730158730158,0.3619047619047619,0.03632628423131237,-37.67985516196058,0.13157894736842105
ZIM,60,37,3.122872033315687,-24.9020979020979,0.36666666666666664,0.034936930227845206,-8.14886259726793,0.35135135135135137
URA,30,20,3.5972368365274563,-23.513513513513523,0.4,0.03363096424628953,12.369196412426044,0.3
AAPL,162,52,2.657656120283699,-20.32397817581198,0.4074074074074074,0.032864159869189884,-19.904483610863828,0.3269230769230769
CELH,66,65,2.0549167959953483,-3.2592822743514116,0.5,0.031499250550705356,1.616497866098911,0.49230769230769234
ARM,82,82,2.5410855422436622,-7.289651745097288,0.45121951219512196,0.030921211190671472,2.5410855422436622,0.45121951219512196
NVDA,206,101,2.3596839360598296,-15.792604183755454,0.41262135922330095,0.030522561673283655,-6.11427207289056,0.3564356435643564
LB,38,0,2.3656237342738744,-22.846592179857446,0.39473684210526316,0.02944310736918789,,
ON,70,58,2.373491176477901,-28.12745413582234,0.4142857142857143,0.027639589075710683,4.41615974890591,0.39655172413793105
BURL,107,49,1.8314540875348981,-11.838006230529597,0.45794392523364486,0.02533125035024523,-8.196721225873791,0.3673469387755102
DELL,91,89,1.8163885641302662,-13.088235294117641,0.42857142857142855,0.02482864455122617,1.295160333165581,0.42696629213483145
BP,107,36,2.624256014094054,-30.316742081447963,0.38317757009345793,0.024518066056415065,3.2115551924613124,0.25
AAL,110,27,2.012988590080551,-23.53266888150609,0.45454545454545453,0.023513454149509082,6.406720701869959,0.48148148148148145
KVUE,17,17,1.4878084882399325,-17.85714285714286,0.47058823529411764,0.021838251603698355,1.4878084882399325,0.47058823529411764
ASTS,57,55,2.1860633695870795,-27.536231884057965,0.2982456140350877,0.019542885744681417,1.9140414315114571,0.2909090909090909
DAL,111,36,1.5414124017824105,-14.606741573033712,0.42342342342342343,0.018277744529162147,-0.8573343322787316,0.3888888888888889
CAH,39,17,1.269469056192633,-18.82352941176472,0.3333333333333333,0.017103806786373542,16.083349860791753,0.4117647058823529
UNP,113,26,1.601994316419104,-27.120418848167542,0.3893805309734513,0.01703755164179191,2.8565474017814667,0.46153846153846156
MS,157,75,1.402900288582247,-17.47873163186388,0.40764331210191085,0.017036823947220194,10.860999383658935,0.4
NOW,181,93,1.295843089753636,-17.26027397260273,0.425414364640884,0.015153451643691095,3.598806452503663,0.45161290322580644
ED,47,0,1.0309115480124698,2.7450980392156796,0.5106382978723404,0.014972814524310414,,
AAOI,50,28,0.9608213079850221,-26.703296703296704,0.4,0.012266441431945883,-10.888390222558757,0.39285714285714285
VALE,68,22,0.8018083219433066,-8.46499305353623,0.45588235294117646,0.010858755361130774,43.08533123324007,0.7727272727272727
NUGT,103,29,0.8071288992939367,-21.739130434782602,0.39805825242718446,0.009792776804430721,19.012142036363468,0.6551724137931034
CSCO,150,64,0.6790988515643975,-14.152202937249669,0.44,0.008967765410822883,-13.972024105435061,0.375
SYM,42,42,0.713845380180741,-16.85093314434208,0.42857142857142855,0.007951421141283202,0.713845380180741,0.42857142857142855
AMRN,57,0,0.5210651399372483,-11.956521739130432,0.40350877192982454,0.006602572107563462,,
COF,87,51,0.5853397140204565,-25.890736342042754,0.3448275862068966,0.005810850854674788,-15.598774745208454,0.3137254901960784
NFLX,379,157,0.28639159748862275,-17.15596330275229,0.41424802110817943,0.003757608682512858,7.985393277617847,0.47770700636942676
SO,79,15,0.2613879559811581,-17.884130982367747,0.4177215189873418,0.003043682548506233,23.243965611783196,0.5333333333333333
DE,91,43,0.20470473482609952,-27.318611987381715,0.3956043956043956,0.0024245771056369252,4.930981543410471,0.4186046511627907
CF,83,41,0.03419169323842824,-20.746887966804987,0.40963855421686746,0.0004180167908282188,4.143321038858629,0.4634146341463415
PLTR,165,122,-0.08078528412889444,-19.69309462915601,0.42424242424242425,-0.0009382716951488699,1.2298659140396362,0.4098360655737705
EA,123,36,-0.3057551022029106,-24.580152671755727,0.3902439024390244,-0.003751064035498211,15.353814556978783,0.5
WPM,143,69,-0.47484033249772845,-13.086419753086414,0.45454545454545453,-0.006235802226947474,-14.768152833540725,0.391304347826087
CI,62,33,-0.5217783646438543,-16.63427833466577,0.46774193548387094,-0.007769097652368286,1.315441136042709,0.45454545454545453
LUMN,30,12,-0.6646984363658597,-18.07359307359306,0.43333333333333335,-0.008419260919355727,0.7925290844371826,0.4166666666666667
CME,58,11,-0.6412885268553563,-25.49663860456665,0.41379310344827586,-0.008710086149199948,-1.8146443208336545,0.36363636363636365
CIEN,76,12,-0.6344274308877738,-12.4087591240876,0.4342105263157895,-0.009939844445593975,0.8205934235050911,0.5
WMT,188,55,-0.7472680781412444,-15.333342610244488,0.44148936170212766,-0.010215238013327054,0.8423169186735994,0.43636363636363634
FSLR,136,51,-1.0079243496043124,-17.444771723122237,0.375,-0.01118380622378768,-6.735385732091708,0.35294117647058826
SPGI,50,21,-0.8719809951303387,-5.05490956072351,0.46,-0.014400113479646969,11.624734109837831,0.47619047619047616
LMT,97,37,-1.653467533796474,-25.892857142857135,0.35051546391752575,-0.01945161202950065,15.567119424220508,0.4864864864864865
GDXJ,64,14,-1.8079043541090867,-26.7960572337043,0.40625,-0.020056770431294026,-1.7626023930476415,0.5
MNST,52,2,-2.304898692116994,-30.464452812963593,0.2692307692307692,-0.024005851652701568,,
TNA,54,13,-1.720584519097156,-16.530379385756394,0.42592592592592593,-0.024223868406251098,-18.7881266269094,0.23076923076923078
GOOG,240,78,-1.9162305679302274,-11.17383440609373,0.42083333333333334,-0.026037018697207526,-1.5073687553124637,0.41025641025641024
SLV,67,20,-2.1372221312287576,-20.000000000000007,0.40298507462686567,-0.02769690161733587,-17.59501231415332,0.25
NVO,67,65,-2.734865808603096,-41.649899396378274,0.373134328358209,-0.028697617619337035,-0.828595689217203,0.38461538461538464
CMI,37,4,-2.385728251212838,-25.71428571428573,0.3783783783783784,-0.030170939383082705,,
ANF,178,109,-2.042041642240406,-16.89889788573999,0.4157303370786517,-0.03043612859804878,3.2946825142324907,0.44036697247706424
NTNX,60,1,-2.67824505577118,-21.56862745098039,0.4166666666666667,-0.033262417315903695,,
MAR,70,49,-2.846848730858771,-17.214611872146126,0.42857142857142855,-0.039529333658569185,-4.581154788382429,0.4489795918367347
RDDT,59,59,-2.9527817090218744,-14.477611940298493,0.3898305084745763,-0.03991479912086213,-2.9527817090218744,0.3898305084745763
MPC,57,16,-3.7161426428125046,-32.47588424437299,0.40350877192982454,-0.04381919210976829,46.56259157357122,0.6875
AZO,66,2,-3.4082665044207117,-19.82019829858614,0.3939393939393939,-0.04493638091364073,,
APO,79,40,-3.638303776965609,-35.71428571428572,0.3670886075949367,-0.045302177437536395,-7.477003225640163,0.375
KO,136,39,-3.550332220107188,-21.845714949163224,0.4117647058823529,-0.04846450999980366,-8.90271520985865,0.38461538461538464
V,118,44,-3.5394785690270893,-22.583173552640645,0.4406779661016949,-0.049467013943950595,6.618380660048453,0.5227272727272727
TMUS,120,41,-3.8655309975844427,-24.918668668668673,0.375,-0.05029468079714434,-1.7655744277779744,0.3902439024390244
GAP,31,31,-5.015390904584854,-33.550488599348526,0.3225806451612903,-0.05301781724823827,-5.015390904584854,0.3225806451612903
DKS,196,98,-3.9119119172418926,-21.24358974358974,0.3979591836734694,-0.054627350069477755,-0.006708613096373638,0.3877551020408163
GOOGL,233,83,-4.256851847604914,-15.16778523489933,0.41630901287553645,-0.05605412927570205,-10.12535169813872,0.3855421686746988
CCJ,57,35,-4.346048126424616,-19.25,0.43859649122807015,-0.06013401481493579,4.644900843703989,0.45714285714285713
ADI,65,33,-5.483649900669726,-34.02366863905325,0.3076923076923077,-0.061152168002451476,18.605532753475106,0.3939393939393939
NOC,58,17,-5.7886372704443145,-30.26224614892596,0.27586206896551724,-0.06153077255108349,-26.79032593600417,0.23529411764705882
ASO,55,38,-3.9844747635885382,-10.222222222222221,0.4,-0.062323535553688844,-0.4104340924250734,0.3684210526315789
PCG,58,16,-3.913202124050756,-17.89346246973365,0.4482758620689655,-0.06254902462220646,6.793597777860333,0.5
UCO,42,19,-4.707238623872214,-19.880470406786195,0.3333333333333333,-0.06476663245063212,-4.063226138428794,0.3684210526315789
MSTR,131,97,-4.665322343844139,-16.128064032016002,0.4122137404580153,-0.06506640108484642,-5.55138062804167,0.3917525773195876
LVS,161,59,-5.179430212091421,-28.53333333333334,0.37267080745341613,-0.06557274876529164,-15.687575821426224,0.3220338983050847
GE,120,54,-4.304156904769865,-14.948046786282084,0.4166666666666667,-0.06852219456478172,-0.3218198929513843,0.4074074074074074
ELF,85,84,-5.244873547085743,-22.02729044834309,0.38823529411764707,-0.07011006210074758,-4.9237146342865,0.39285714285714285
ADP,71,28,-4.657444195559003,-13.035714285714292,0.4225352112676056,-0.0737430712985307,-3.8603639724059766,0.4642857142857143
PANW,185,95,-5.7804697096227375,-15.1170568561873,0.4,-0.07561260510325582,-4.918529202535206,0.4
JNUG,84,16,-6.152790926203424,-32.5370523796373,0.3333333333333333,-0.0760433682190943,16.400277276966637,0.5625
KR,71,27,-5.102121713768407,-20.000000000000007,0.4507042253521127,-0.07630213448659677,-24.963574237859074,0.2962962962962963
CRWD,179,121,-5.5462688262806,-24.412811387900366,0.36312849162011174,-0.07657660470622198,-3.1332009229152864,0.39669421487603307
RTX,102,54,-5.85810847136613,-19.861103733999048,0.35294117647058826,-0.07780104394661753,-2.2208598518558738,0.3888888888888889
BROS,38,31,-5.410078933479661,-22.51856251856252,0.3684210526315789,-0.07852895578742103,-2.368191132744453,0.3870967741935484
EBAY,158,74,-5.50021508488654,-20.98768481016827,0.4050632911392405,-0.08104230005854893,-9.167321452259774,0.36486486486486486
GSK,52,28,-7.185387911740124,-36.753246753246756,0.34615384615384615,-0.08226786997089824,-3.007522899883461,0.35714285714285715
EXPE,89,34,-6.285783842129359,-24.16184971098265,0.3707865168539326,-0.08734248372708657,0.8029282345118522,0.47058823529411764
GILD,159,45,-6.235507236164379,-14.347826086956516,0.4025157232704403,-0.09179164491795046,-0.6034791688088004,0.4666666666666667
GD,82,34,-8.67800947659807,-33.402916657304004,0.32926829268292684,-0.09306760403614728,-30.445993410605503,0.23529411764705882
MCD,157,48,-7.20716620241321,-28.45070422535211,0.35668789808917195,-0.09812253511368721,-9.936452923732714,0.2916666666666667
TBT,44,3,-7.908344731041771,-36.64918414918415,0.3181818181818182,-0.09982512582220643,,
UBER,186,113,-7.398008026362113,-17.962756955391647,0.42473118279569894,-0.10531451291572287,-6.769212304926419,0.3893805309734513
AA,150,83,-7.808596066005786,-26.98215162927788,0.34,-0.10878642950386,-2.801652622723115,0.3614457831325301
MDB,155,115,-7.814471716306971,-28.31775700934579,0.36129032258064514,-0.11055779524220428,-12.345708147219705,0.3217391304347826
EWZ,171,51,-7.951608120291241,-19.9004975124378,0.38011695906432746,-0.11758201167709004,-17.413125913539094,0.37254901960784315
IBB,41,14,-9.931071635708271,-33.422103861517975,0.34146341463414637,-0.12144549345305368,3.844031547696958,0.5714285714285714
SHEL,20,20,-9.589181827541557,-36.10062893081761,0.35,-0.12225826223139054,-9.589181827541557,0.35
XLI,51,6,-7.7283665013671365,-13.498622589531676,0.43137254901960786,-0.1285163913181993,-16.264781521538477,0.3333333333333333
HL,27,11,-8.578144558909834,-21.37931034482759,0.4074074074074074,-0.13015684988711243,-1.607448031078023,0.5454545454545454
LYB,15,0,-9.405923849947325,-33.77777777777778,0.4,-0.13826486919016517,,
DIA,165,27,-9.900775324419964,-24.417426545086126,0.34545454545454546,-0.14287802959938822,6.783806748281254,0.4074074074074074
VRTX,17,14,-11.430380837863414,-33.308270676691734,0.23529411764705882,-0.144052641393159,-21.330201352163765,0.14285714285714285
AIG,102,35,-10.818096817527408,-29.67270461951313,0.3137254901960784,-0.14433037315347147,-18.754720078504082,0.2857142857142857
MSFT,247,114,-10.350280532677365,-23.381770145310433,0.3684210526315789,-0.1443509899478685,-12.862631372529481,0.35964912280701755
FLR,21,0,-10.78399815483912,-32.14285714285715,0.38095238095238093,-0.1447918196530787,,
DHI,104,42,-9.267754343931058,-16.34289439374185,0.375,-0.14567764956032309,6.937163875298882,0.4523809523809524
NVDL,52,52,-10.344502649272053,-35.814951591975245,0.34615384615384615,-0.15103064857356907,-10.344502649272053,0.34615384615384615
XLY,55,9,-11.200976751310844,-40.87591240875913,0.3090909090909091,-0.1516799674464441,-10.596774060912216,0.2222222222222222
SILJ,17,6,-9.455938428496562,-26.923076923076923,0.35294117647058826,-0.15708180257141396,-6.697330516670849,0.3333333333333333
NXPI,65,20,-10.985134573089933,-20.51948051948051,0.36923076923076925,-0.1571843262083566,-24.98720631492409,0.3
JBL,18,0,-13.363356089009772,-39.19871794871794,0.3888888888888889,-0.15906667681666187,,
FTNT,91,87,-10.653306494621296,-22.040816326530603,0.38461538461538464,-0.16371288500214953,-10.442231985233095,0.3793103448275862
XME,24,1,-11.677457597047017,-21.541248606466002,0.375,-0.1639550925700814,,
VRT,48,48,-9.134849464022155,-6.781296918567238,0.4583333333333333,-0.1676139510790715,-9.134849464022155,0.4583333333333333
HYG,77,13,-10.751395486367178,-25.71428571428572,0.3246753246753247,-0.17128676446637078,-30.242026911867807,0.23076923076923078
URBN,60,17,-11.70091599755208,-25.126705653021446,0.38333333333333336,-0.18032534627234417,7.730193060208269,0.5294117647058824
GME,180,90,-15.104032185028034,-32.856523623753795,0.3388888888888889,-0.18409220628748105,-30.976879068218917,0.25555555555555554
SPOT,95,75,-14.100703052152912,-32.96367112810707,0.37894736842105264,-0.1996402323405298,-12.635775711567529,0.38666666666666666
DJT,62,62,-16.2069373375162,-38.15061906479144,0.25806451612903225,-0.20695171689820493,-16.2069373375162,0.25806451612903225
LITE,63,17,-12.525256212503631,-16.22641509433962,0.4126984126984127,-0.20701020436575762,-20.073245458897187,0.47058823529411764
SDOW,19,8,-15.774356017083203,-30.58823529411765,0.2631578947368421,-0.21899207708760582,-4.755933701719904,0.375
DASH,136,108,-13.658006587597322,-26.040923261841264,0.34558823529411764,-0.2200363372205221,-16.7248089841491,0.3333333333333333
HSY,51,18,-14.600115112603907,-28.69565217391305,0.27450980392156865,-0.23102606932437478,-4.317453244512199,0.3888888888888889
NU,17,17,-12.939668509256322,-29.83425414364641,0.35294117647058826,-0.23132812940035571,-12.939668509256322,0.35294117647058826
TTWO,122,50,-15.681448800794778,-35.57876952846823,0.4016393442622951,-0.23854533083324453,-23.476458301458706,0.34
WULF,19,19,-15.432664523827935,-25.80645161290322,0.2631578947368421,-0.2556206369349701,-15.432664523827935,0.2631578947368421
TOL,66,23,-15.251330709198893,-18.075187969924816,0.36363636363636365,-0.2590393851293921,-19.972660704236407,0.43478260869565216
ISRG,108,70,-14.519677754916168,-26.04092135818741,0.35185185185185186,-0.2614873266842343,-16.98336460052613,0.3142857142857143
KGC,26,5,-17.007265351452702,-30.1759410801964,0.38461538461538464,-0.26962849474322437,48.5943081926286,0.8
IVV,24,9,-14.971541075455944,-11.345167652859956,0.375,-0.27316688628869523,-35.01441530178682,0.1111111111111111
SPXL,20,16,-18.697584598414462,-36.98440605412017,0.3,-0.29068264692415224,-21.445565653678457,0.3125
XLC,26,14,-17.196390677149378,-24.559270516717326,0.2692307692307692,-0.29476473494270206,-8.182246046927693,0.35714285714285715
TGTX,26,25,-19.511851719376935,-26.185348631950575,0.34615384615384615,-0.2981369402530365,-21.70409049403436,0.32
HIG,29,0,-23.770567062272985,-52.63157894736842,0.2413793103448276,-0.3106002016500143,,
SYF,33,2,-17.65081012731364,-32.72727272727272,0.36363636363636365,-0.3204426146383381,,
EWW,50,3,-18.0180472856808,-25.941826547800012,0.3,-0.32427590693044384,,
HUT,47,33,-18.299590561335673,-30.697674418604663,0.3404255319148936,-0.3247729726363015,-18.15201549739877,0.30303030303030304
SRPT,67,35,-21.3550525999553,-30.810810810810814,0.26865671641791045,-0.38252425033612325,-27.478804837979897,0.22857142857142856
TSCO,18,11,-26.33857269796582,-35.90540333690495,0.2777777777777778,-0.4291033638683121,-34.43766744639508,0.18181818181818182
NRG,32,19,-29.880711673569714,-50.01942090395481,0.25,-0.45966932236510155,-29.379165245987064,0.2631578947368421
EWJ,43,2,-25.67010763272099,-39.13043478260869,0.23255813953488372,-0.5010394341322117,,
VKTX,31,31,-28.470850256372238,-55.09293680297398,0.3548387096774194,-0.5056259661659238,-28.470850256372238,0.3548387096774194
THC,31,2,-26.937192496661577,-35.29411764705881,0.12903225806451613,-0.5359931213886864,,
CSTM,18,3,-27.46922659070306,-24.41890166028098,0.3333333333333333,-0.5938966218059539,,
SAVA,45,17,-28.89764176383307,-36.618141097424406,0.26666666666666666,-0.6312226257616048,-39.00288333512005,0.17647058823529413
RUM,19,19,-32.91016128957379,-47.826086956521735,0.21052631578947367,-0.6593683426731072,-32.91016128957379,0.21052631578947367
LNG,31,9,-34.65013901224599,-40.168067226890756,0.22580645161290322,-0.727099804262932,-6.583809058609652,0.4444444444444444
PHM,22,13,-36.854456533930964,-48.96969696969697,0.22727272727272727,-0.8786794216628866,-40.47676327682369,0.23076923076923078
DBX,16,6,-36.88211098077606,-47.22222222222223,0.125,-0.9048001121868596,-29.156436458656213,0.16666666666666666
CIFR,17,17,-34.33570131586213,-33.564814814814824,0.23529411764705882,-0.9559315860459686,-34.33570131586213,0.23529411764705882
