short_delta_target,wing_delta_width,vix_threshold,entry_date,expiry,actual_dte,short_strike,long_strike,spread_width,short_delta,long_delta,short_mid,short_bid,net_credit_mid,net_credit_worst,credit_pct_of_width,max_loss,vix_on_entry,exit_date,exit_net_value,exit_type,days_held,net_pnl,net_pnl_worst,pnl_pct,roc,annualized_roc,is_win,is_open,split_flag,missing_exit_data
0.35,0.05,,2018-01-05,2018-01-26,21,127.0,127.5,0.5,0.3355,0.2771,0.6,0.56,0.13499999999999995,0.06000000000000005,0.2699999999999999,36.50000000000001,,2018-01-18,0.025,early,13,10.999999999999996,3.5000000000000053,0.8148148148148149,0.30136986301369845,8.461538461538456,True,False,False,False
0.35,0.05,,2018-01-19,2018-02-09,21,124.5,125.0,0.5,0.3297,0.2784,0.71,0.66,0.13,0.050000000000000044,0.26,37.0,11.27,2018-02-01,0.015,early,13,11.5,3.5000000000000044,0.8846153846153846,0.3108108108108108,8.726611226611226,True,False,False,False
0.35,0.05,,2018-01-26,2018-02-16,21,124.5,125.0,0.5,0.3601,0.3005,0.755,0.71,0.18500000000000005,0.10999999999999999,0.3700000000000001,31.499999999999993,11.08,2018-01-31,0.040000000000000036,early,5,14.500000000000002,6.999999999999995,0.7837837837837835,0.46031746031746046,33.603174603174615,True,False,False,False
0.35,0.05,,2018-02-02,2018-02-23,21,121.0,121.5,0.5,0.3544,0.3003,0.83,0.79,0.20999999999999996,0.09000000000000008,0.41999999999999993,29.000000000000004,17.31,2018-02-07,0.04999999999999999,early,5,15.999999999999998,4.000000000000009,0.761904761904762,0.5517241379310344,40.27586206896551,True,False,False,False
0.35,0.05,,2018-02-09,2018-03-02,21,120.0,120.5,0.5,0.3293,0.2895,0.86,0.76,0.05499999999999994,-0.26,0.10999999999999988,44.50000000000001,29.06,2018-02-21,0.015000000000000006,early,12,3.9999999999999933,-27.500000000000004,0.7272727272727268,0.08988764044943803,2.7340823970037405,True,False,False,False
0.35,0.05,,2018-02-23,2018-03-16,21,119.0,119.5,0.5,0.3702,0.3114,0.755,0.71,0.135,0.010000000000000009,0.27,36.5,16.49,2018-03-16,0.5,expiry,21,-36.5,-49.0,-2.7037037037037037,-1.0,-17.38095238095238,False,False,False,False
0.35,0.05,,2018-03-09,2018-03-29,20,119.0,119.5,0.5,0.3572,0.2882,0.605,0.58,0.135,0.05999999999999994,0.27,36.5,14.64,2018-03-29,0.5,expiry,20,-36.5,-44.00000000000001,-2.7037037037037037,-1.0,-18.25,False,False,False,False
0.35,0.05,,2018-03-16,2018-04-06,21,120.5,121.0,0.5,0.3762,0.3068,0.665,0.63,0.15000000000000002,0.07999999999999996,0.30000000000000004,35.0,15.8,2018-04-06,0.44,expiry,21,-28.999999999999996,-36.00000000000001,-1.933333333333333,-0.8285714285714285,-14.401360544217685,False,False,False,False
0.35,0.05,,2018-03-23,2018-04-13,21,121.0,121.5,0.5,0.3671,0.305,0.71,0.63,0.16499999999999992,-0.020000000000000018,0.32999999999999985,33.50000000000001,24.87,2018-04-13,0.004999999999999999,early,21,15.999999999999993,-2.5000000000000013,0.9696969696969697,0.4776119402985072,8.301350390902623,True,False,False,False
0.35,0.05,,2018-04-06,2018-04-27,21,122.0,122.5,0.5,0.3779,0.3128,0.7,0.65,0.15999999999999992,0.07000000000000006,0.31999999999999984,34.00000000000001,21.49,2018-04-19,0.020000000000000004,early,13,13.99999999999999,5.000000000000006,0.8749999999999997,0.41176470588235253,11.561085972850666,True,False,False,False
0.35,0.05,,2018-04-20,2018-05-11,21,119.5,120.0,0.5,0.3462,0.2844,0.61,0.58,0.15999999999999998,0.09999999999999998,0.31999999999999995,34.0,16.88,2018-05-09,0.02,early,19,13.999999999999998,7.999999999999997,0.875,0.41176470588235287,7.910216718266252,True,False,False,False
0.35,0.05,,2018-04-27,2018-05-18,21,119.5,120.0,0.5,0.3662,0.2971,0.655,0.62,0.17500000000000004,0.12,0.3500000000000001,32.49999999999999,15.41,2018-05-15,0.009999999999999998,early,18,16.500000000000004,11.0,0.9428571428571428,0.5076923076923079,10.2948717948718,True,False,False,False
0.35,0.05,,2018-05-04,2018-05-25,21,120.0,120.5,0.5,0.3547,0.2808,0.57,0.55,0.14999999999999997,0.11000000000000004,0.29999999999999993,35.0,14.77,2018-05-15,0.020000000000000004,early,11,12.999999999999995,9.000000000000004,0.8666666666666665,0.3714285714285713,12.32467532467532,True,False,False,False
0.35,0.05,,2018-05-11,2018-06-01,21,120.0,120.5,0.5,0.3784,0.3052,0.635,0.58,0.195,0.11999999999999994,0.39,30.5,12.65,2018-05-15,0.04000000000000001,early,4,15.5,7.999999999999993,0.7948717948717948,0.5081967213114754,46.372950819672134,True,False,False,False
0.35,0.05,,2018-05-18,2018-06-08,21,118.0,118.5,0.5,0.371,0.3023,0.6,0.57,0.14499999999999996,0.06999999999999995,0.2899999999999999,35.50000000000001,13.42,2018-05-29,-0.5149999999999997,early,11,65.99999999999997,58.499999999999964,4.551724137931034,1.8591549295774636,61.69014084507039,True,False,False,False
0.35,0.05,,2018-05-25,2018-06-15,21,120.5,121.0,0.5,0.3636,0.2922,0.575,0.53,0.14499999999999996,0.08000000000000002,0.2899999999999999,35.50000000000001,13.22,2018-06-15,0.015000000000000001,early,21,12.999999999999995,6.500000000000002,0.8965517241379309,0.36619718309859134,6.364855801475516,True,False,False,False
0.35,0.05,,2018-06-01,2018-06-22,21,121.5,122.0,0.5,0.351,0.2888,0.62,0.58,0.14,0.05999999999999994,0.28,36.0,13.46,2018-06-06,0.039999999999999994,early,5,10.000000000000002,1.999999999999995,0.7142857142857143,0.27777777777777785,20.277777777777782,True,False,False,False
0.35,0.05,,2018-06-08,2018-06-29,21,121.0,121.5,0.5,0.3317,0.272,0.595,0.55,0.13499999999999995,0.040000000000000036,0.2699999999999999,36.50000000000001,12.18,2018-06-29,0.48,expiry,21,-34.5,-43.99999999999999,-2.5555555555555567,-0.9452054794520546,-16.428571428571427,False,False,False,False
0.35,0.05,,2018-06-29,2018-07-20,21,122.5,123.0,0.5,0.3619,0.2902,0.59,0.57,0.15999999999999998,0.12999999999999995,0.31999999999999995,34.0,16.09,2018-07-18,0.015,early,19,14.499999999999996,11.499999999999995,0.9062499999999999,0.426470588235294,8.192724458204333,True,False,False,False
0.35,0.05,,2018-07-13,2018-08-03,21,123.5,124.0,0.5,0.374,0.3025,0.61,0.57,0.15999999999999998,0.07999999999999996,0.31999999999999995,34.0,12.18,2018-07-20,0.024999999999999994,early,7,13.499999999999998,5.4999999999999964,0.84375,0.3970588235294117,20.70378151260504,True,False,False,False
0.35,0.05,,2018-07-20,2018-08-10,21,121.5,122.0,0.5,0.3765,0.3085,0.635,0.61,0.16500000000000004,0.10999999999999999,0.33000000000000007,33.5,12.86,2018-07-30,0.039999999999999994,early,10,12.500000000000005,6.999999999999999,0.7575757575757578,0.3731343283582091,13.619402985074633,True,False,False,False
0.35,0.05,,2018-08-10,2018-08-31,21,121.5,122.0,0.5,0.3912,0.3212,0.675,0.63,0.125,0.010000000000000009,0.25,37.5,13.16,2018-08-31,-0.01,early,21,13.5,2.000000000000001,1.08,0.36,6.257142857142857,True,False,False,False
0.35,0.05,,2018-08-17,2018-09-07,21,122.0,122.5,0.5,0.3355,0.2754,0.56,0.5,0.16000000000000003,0.08000000000000002,0.32000000000000006,34.0,12.64,2018-08-31,0.035,early,14,12.500000000000004,4.500000000000001,0.78125,0.3676470588235295,9.585084033613446,True,False,False,False
0.35,0.05,,2018-08-24,2018-09-14,21,123.0,123.5,0.5,0.3442,0.2719,0.515,0.48,0.135,0.07,0.27,36.5,11.99,2018-09-04,0.015,early,11,12.000000000000002,5.500000000000001,0.8888888888888891,0.32876712328767127,10.90909090909091,True,False,False,False
0.35,0.05,,2018-08-31,2018-09-21,21,121.5,122.0,0.5,0.3789,0.3031,0.615,0.57,0.15999999999999998,0.07999999999999996,0.31999999999999995,34.0,12.86,2018-09-07,0.039999999999999994,early,7,11.999999999999998,3.9999999999999964,0.75,0.3529411764705882,18.403361344537814,True,False,False,False
0.35,0.05,,2018-09-07,2018-09-28,21,120.0,120.5,0.5,0.3816,0.3135,0.63,0.6,0.16499999999999998,0.10999999999999999,0.32999999999999996,33.5,14.88,2018-09-18,0.020000000000000004,early,11,14.499999999999996,8.999999999999998,0.8787878787878788,0.4328358208955223,14.36227951153324,True,False,False,False
0.35,0.05,,2018-09-14,2018-10-05,21,119.5,120.0,0.5,0.3506,0.2805,0.535,0.5,0.14,0.08000000000000002,0.28,36.0,12.07,2018-09-19,0.035,early,5,10.500000000000002,4.500000000000001,0.75,0.29166666666666674,21.29166666666667,True,False,False,False
0.35,0.05,,2018-09-21,2018-10-12,21,118.0,118.5,0.5,0.3498,0.2801,0.585,0.55,0.13499999999999995,0.06000000000000005,0.2699999999999999,36.50000000000001,11.68,2018-10-03,0.019999999999999997,early,12,11.499999999999996,4.000000000000005,0.851851851851852,0.31506849315068475,9.583333333333327,True,False,False,False
0.35,0.05,,2018-09-28,2018-10-19,21,118.0,118.5,0.5,0.3751,0.2984,0.61,0.59,0.16499999999999998,0.12999999999999995,0.32999999999999996,33.5,12.12,2018-10-03,0.045,early,5,11.999999999999998,8.499999999999995,0.7272727272727273,0.3582089552238805,26.149253731343276,True,False,False,False
0.35,0.05,,2018-10-05,2018-10-26,21,114.5,115.0,0.5,0.3323,0.2713,0.665,0.63,0.15500000000000003,0.08999999999999997,0.31000000000000005,34.5,14.82,2018-10-26,0.44,expiry,21,-28.499999999999996,-35.0,-1.838709677419354,-0.826086956521739,-14.358178053830226,False,False,False,False
0.35,0.05,,2018-10-12,2018-11-02,21,116.0,116.5,0.5,0.3331,0.2721,0.57,0.55,0.08999999999999997,-0.019999999999999907,0.17999999999999994,41.0,21.31,2018-10-30,0.025,early,18,6.499999999999997,-4.499999999999991,0.7222222222222222,0.1585365853658536,3.214769647696476,True,False,False,False
0.35,0.05,,2018-10-19,2018-11-09,21,114.5,115.0,0.5,0.3622,0.2934,0.695,0.66,0.16999999999999993,0.10999999999999999,0.33999999999999986,33.00000000000001,19.89,2018-11-07,0.015,early,19,15.499999999999991,9.499999999999998,0.9117647058823528,0.46969696969696934,9.0231259968102,True,False,False,False
0.35,0.05,,2018-10-26,2018-11-16,21,116.0,116.5,0.5,0.3569,0.3001,0.735,0.69,0.15000000000000002,0.05999999999999994,0.30000000000000004,35.0,24.16,2018-10-31,0.04500000000000001,early,5,10.500000000000002,1.499999999999993,0.7000000000000001,0.30000000000000004,21.900000000000002,True,False,False,False
0.35,0.05,,2018-11-02,2018-11-23,21,113.5,114.0,0.5,0.3305,0.2726,0.62,0.55,0.15999999999999998,0.020000000000000018,0.31999999999999995,34.0,19.51,2018-11-23,0.5,expiry,21,-34.0,-48.0,-2.1250000000000004,-1.0,-17.38095238095238,False,False,False,False
0.35,0.05,,2018-11-16,2018-12-07,21,115.5,116.0,0.5,0.3621,0.2907,0.64,0.56,0.2,0.07000000000000006,0.4,30.0,18.14,2018-11-23,0.040000000000000036,early,7,15.999999999999998,3.0000000000000027,0.7999999999999999,0.5333333333333333,27.809523809523807,True,False,False,False
0.35,0.05,,2018-11-30,2018-12-21,21,116.0,116.5,0.5,0.3434,0.2764,0.57,0.54,0.12999999999999995,0.06000000000000005,0.2599999999999999,37.00000000000001,18.07,2018-12-21,0.5,expiry,21,-37.00000000000001,-43.99999999999999,-2.846153846153848,-1.0,-17.38095238095238,False,False,False,False
0.35,0.05,,2018-12-14,2019-01-04,21,119.5,120.0,0.5,0.344,0.2829,0.6,0.55,0.08999999999999997,-0.029999999999999916,0.17999999999999994,41.0,21.63,2019-01-04,0.5,expiry,21,-41.0,-52.99999999999999,-4.555555555555557,-1.0,-17.38095238095238,False,False,False,False
0.35,0.05,,2018-12-21,2019-01-11,21,121.5,123.0,1.5,0.4203,0.2665,1.005,0.9,0.3749999999999999,0.21000000000000008,0.24999999999999992,112.5,30.11,2019-01-10,0.025,early,20,34.999999999999986,18.500000000000007,0.9333333333333333,0.311111111111111,5.677777777777775,True,False,False,False
0.35,0.05,,2018-12-28,2019-01-18,21,122.5,123.0,0.5,0.3296,0.2825,0.72,0.68,0.125,0.050000000000000044,0.25,37.5,28.34,2019-01-14,0.024999999999999994,early,17,10.0,2.500000000000005,0.8,0.26666666666666666,5.7254901960784315,True,False,False,False
0.35,0.05,,2019-01-04,2019-01-25,21,123.5,124.0,0.5,0.3494,0.2965,0.755,0.68,0.14500000000000002,0.020000000000000018,0.29000000000000004,35.5,21.38,2019-01-10,0.03499999999999999,early,6,11.000000000000004,-1.4999999999999971,0.7586206896551726,0.30985915492957755,18.849765258215967,True,False,False,False
0.35,0.05,,2019-01-25,2019-02-15,21,121.5,122.0,0.5,0.3407,0.2762,0.605,0.56,0.15499999999999997,0.08000000000000007,0.30999999999999994,34.5,17.42,2019-02-15,0.42000000000000004,expiry,21,-26.500000000000007,-34.0,-1.7096774193548396,-0.7681159420289857,-13.350586611456182,False,False,False,False
0.35,0.05,,2019-02-01,2019-02-22,21,122.0,122.5,0.5,0.3647,0.2966,0.61,0.54,0.15499999999999997,0.030000000000000027,0.30999999999999994,34.5,16.14,2019-02-21,0.015,early,20,13.999999999999996,1.5000000000000027,0.9032258064516129,0.4057971014492753,7.405797101449274,True,False,False,False
0.35,0.05,,2019-02-08,2019-03-01,21,123.5,124.0,0.5,0.3383,0.2747,0.58,0.51,0.13999999999999996,-0.010000000000000009,0.2799999999999999,36.00000000000001,15.72,2019-02-21,0.020000000000000004,early,13,11.999999999999995,-3.0000000000000013,0.857142857142857,0.3333333333333331,9.358974358974352,True,False,False,False
0.35,0.05,,2019-03-01,2019-03-22,21,120.0,120.5,0.5,0.3384,0.2733,0.525,0.5,0.11500000000000005,0.04999999999999999,0.2300000000000001,38.49999999999999,13.57,2019-03-22,0.5,expiry,21,-38.49999999999999,-45.0,-3.3478260869565197,-1.0,-17.38095238095238,False,False,False,False
0.35,0.05,,2019-03-08,2019-03-29,21,122.5,123.0,0.5,0.3703,0.2944,0.59,0.55,0.15499999999999997,0.08000000000000007,0.30999999999999994,34.5,16.05,2019-03-29,0.5,expiry,21,-34.5,-41.99999999999999,-2.225806451612904,-1.0,-17.38095238095238,False,False,False,False
0.35,0.05,,2019-03-15,2019-04-05,21,122.5,123.0,0.5,0.3616,0.2888,0.56,0.55,0.16000000000000003,0.11000000000000004,0.32000000000000006,34.0,12.88,2019-04-05,0.5,expiry,21,-34.0,-38.99999999999999,-2.1249999999999996,-1.0,-17.38095238095238,False,False,False,False
0.35,0.05,,2019-03-22,2019-04-12,21,126.0,126.5,0.5,0.3389,0.286,0.685,0.67,0.15000000000000002,0.10000000000000009,0.30000000000000004,35.0,16.48,2019-04-03,0.015,early,12,13.5,8.500000000000009,0.8999999999999999,0.38571428571428573,11.73214285714286,True,False,False,False
0.35,0.05,,2019-03-29,2019-04-18,20,127.5,128.0,0.5,0.3458,0.2931,0.71,0.69,0.135,0.09999999999999998,0.27,36.5,13.71,2019-04-02,0.04000000000000001,early,4,9.5,5.999999999999997,0.7037037037037037,0.2602739726027397,23.75,True,False,False,False
0.35,0.05,,2019-04-05,2019-04-26,21,125.0,125.5,0.5,0.3714,0.3027,0.595,0.57,0.13999999999999996,0.06999999999999995,0.2799999999999999,36.00000000000001,12.82,2019-04-12,0.024999999999999994,early,7,11.499999999999996,4.499999999999996,0.8214285714285714,0.3194444444444443,16.656746031746025,True,False,False,False
0.35,0.05,,2019-04-12,2019-05-03,21,123.5,124.0,0.5,0.3737,0.3044,0.595,0.56,0.16999999999999998,0.11000000000000004,0.33999999999999997,33.0,12.01,2019-05-03,0.08,expiry,21,8.999999999999998,3.000000000000004,0.5294117647058822,0.27272727272727265,4.740259740259739,True,False,False,False
0.35,0.05,,2019-04-26,2019-05-17,21,124.5,125.0,0.5,0.383,0.3148,0.605,0.59,0.15499999999999997,0.12999999999999995,0.30999999999999994,34.5,12.73,2019-05-17,0.5,expiry,21,-34.5,-37.00000000000001,-2.225806451612904,-1.0,-17.38095238095238,False,False,False,False
0.35,0.05,,2019-05-03,2019-05-24,21,124.5,125.0,0.5,0.3756,0.3031,0.555,0.53,0.14000000000000007,0.11000000000000004,0.28000000000000014,35.99999999999999,12.87,2019-05-24,0.5,expiry,21,-35.99999999999999,-38.99999999999999,-2.5714285714285694,-1.0,-17.38095238095238,False,False,False,False
0.35,0.05,,2019-05-10,2019-05-31,21,126.0,126.5,0.5,0.3412,0.2767,0.555,0.52,0.12000000000000005,0.050000000000000044,0.2400000000000001,37.99999999999999,16.04,2019-05-31,0.5,expiry,21,-37.99999999999999,-44.99999999999999,-3.1666666666666647,-1.0,-17.38095238095238,False,False,False,False
0.35,0.05,,2019-05-17,2019-06-07,21,127.0,127.5,0.5,0.354,0.2883,0.555,0.52,0.13500000000000006,0.040000000000000036,0.27000000000000013,36.49999999999999,15.96,2019-06-07,0.5,expiry,21,-36.49999999999999,-46.0,-2.703703703703702,-1.0,-17.38095238095238,False,False,False,False
0.35,0.05,,2019-05-31,2019-06-21,21,133.0,134.0,1.0,0.3773,0.2881,1.0,0.96,0.28500000000000003,0.20999999999999996,0.28500000000000003,71.5,18.71,2019-06-21,0.009999999999999998,early,21,27.500000000000004,19.999999999999996,0.9649122807017544,0.3846153846153847,6.684981684981686,True,False,False,False
0.35,0.05,,2019-06-07,2019-06-28,21,133.0,133.5,0.5,0.3696,0.3184,0.86,0.83,0.15500000000000003,0.09999999999999998,0.31000000000000005,34.5,16.3,2019-06-28,0.07,expiry,21,8.500000000000002,2.9999999999999973,0.5483870967741935,0.24637681159420294,4.282263630089718,True,False,False,False
0.35,0.05,,2019-06-14,2019-07-05,21,132.5,133.0,0.5,0.3705,0.3241,0.93,0.91,0.15000000000000002,0.10999999999999999,0.30000000000000004,35.0,15.28,2019-07-05,0.015,early,21,13.5,9.499999999999998,0.8999999999999999,0.38571428571428573,6.704081632653062,True,False,False,False
0.35,0.05,,2019-06-21,2019-07-12,21,132.5,133.0,0.5,0.3648,0.3118,0.795,0.77,0.14500000000000002,0.09999999999999998,0.29000000000000004,35.5,15.4,2019-07-12,0.0,early,21,14.500000000000002,9.999999999999998,1.0,0.4084507042253522,7.099262240107311,True,False,False,False
0.35,0.05,,2019-06-28,2019-07-19,21,134.0,134.5,0.5,0.3729,0.3176,0.81,0.8,0.15500000000000003,0.14,0.31000000000000005,34.5,15.08,2019-07-11,0.010000000000000002,early,13,14.500000000000002,13.0,0.9354838709677419,0.4202898550724638,11.800445930880715,True,False,False,False
0.35,0.05,,2019-07-05,2019-07-26,21,133.5,134.0,0.5,0.3728,0.3123,0.715,0.7,0.135,0.09999999999999998,0.27,36.5,13.28,2019-07-12,0.03,early,7,10.500000000000002,6.999999999999998,0.7777777777777779,0.28767123287671237,15.000000000000002,True,False,False,False
0.35,0.05,,2019-07-12,2019-08-02,21,131.5,132.0,0.5,0.3655,0.3127,0.76,0.74,0.16000000000000003,0.13,0.32000000000000006,34.0,12.39,2019-08-02,0.5,expiry,21,-34.0,-37.0,-2.1249999999999996,-1.0,-17.38095238095238,False,False,False,False
0.35,0.05,,2019-07-19,2019-08-09,21,133.0,133.5,0.5,0.3533,0.3004,0.77,0.76,0.15500000000000003,0.13,0.31000000000000005,34.5,14.45,2019-08-09,0.5,expiry,21,-34.5,-37.0,-2.2258064516129026,-1.0,-17.38095238095238,False,False,False,False
0.35,0.05,,2019-07-26,2019-08-16,21,132.5,133.0,0.5,0.3564,0.2966,0.71,0.7,0.15999999999999992,0.1399999999999999,0.31999999999999984,34.00000000000001,12.16,2019-08-16,0.5,expiry,21,-34.00000000000001,-36.00000000000001,-2.1250000000000013,-1.0,-17.38095238095238,False,False,False,False
0.35,0.05,,2019-08-02,2019-08-23,21,138.0,138.5,0.5,0.3331,0.2871,0.81,0.79,0.135,0.10000000000000009,0.27,36.5,17.61,2019-08-23,0.5,expiry,21,-36.5,-39.99999999999999,-2.7037037037037037,-1.0,-17.38095238095238,False,False,False,False
0.35,0.05,,2019-08-09,2019-08-30,21,142.0,143.0,1.0,0.3532,0.2849,1.09,1.07,0.2650000000000001,0.2300000000000001,0.2650000000000001,73.49999999999999,17.97,2019-08-30,1.0,expiry,21,-73.49999999999999,-76.99999999999999,-2.773584905660375,-1.0,-17.38095238095238,False,False,False,False
0.35,0.05,,2019-08-16,2019-09-06,21,148.0,149.0,1.0,0.3746,0.3197,1.51,1.49,0.29000000000000004,0.25,0.29000000000000004,71.0,18.47,2019-09-05,0.010000000000000002,early,20,28.000000000000004,24.0,0.9655172413793104,0.3943661971830986,7.19718309859155,True,False,False,False
0.35,0.05,,2019-08-23,2019-09-13,21,148.0,149.0,1.0,0.3573,0.2994,1.355,1.33,0.2749999999999999,0.22999999999999998,0.2749999999999999,72.50000000000001,19.87,2019-09-09,0.019999999999999997,early,17,25.49999999999999,21.0,0.9272727272727271,0.35172413793103424,7.551724137931029,True,False,False,False
0.35,0.05,,2019-09-06,2019-09-27,21,148.0,148.5,0.5,0.3412,0.3045,1.055,1.04,0.1499999999999999,0.12,0.2999999999999998,35.00000000000001,15.0,2019-09-10,0.0050000000000000044,early,4,14.499999999999991,11.5,0.9666666666666667,0.4142857142857139,37.803571428571395,True,False,False,False
0.35,0.05,,2019-09-13,2019-10-04,21,139.0,139.5,0.5,0.3405,0.3055,1.155,1.14,0.16500000000000004,0.1299999999999999,0.33000000000000007,33.5,13.74,2019-10-04,0.5,expiry,21,-33.5,-37.000000000000014,-2.03030303030303,-1.0,-17.38095238095238,False,False,False,False
0.35,0.05,,2019-09-20,2019-10-11,21,144.0,144.5,0.5,0.3484,0.3153,1.2,1.17,0.1499999999999999,0.08999999999999986,0.2999999999999998,35.00000000000001,15.32,2019-10-10,0.035,early,20,11.499999999999991,5.499999999999986,0.7666666666666665,0.32857142857142824,5.996428571428565,True,False,False,False
0.35,0.05,,2019-09-27,2019-10-18,21,144.5,145.0,0.5,0.3491,0.3149,1.17,1.16,0.1499999999999999,0.1299999999999999,0.2999999999999998,35.00000000000001,17.22,2019-10-11,0.024999999999999994,early,14,12.499999999999991,10.49999999999999,0.8333333333333333,0.3571428571428568,9.31122448979591,True,False,False,False
0.35,0.05,,2019-10-04,2019-10-25,21,148.0,148.5,0.5,0.3513,0.3137,1.08,1.06,0.15500000000000003,0.1200000000000001,0.31000000000000005,34.5,17.04,2019-10-10,0.03,early,6,12.500000000000004,9.00000000000001,0.8064516129032259,0.36231884057971026,22.041062801932373,True,False,False,False
0.35,0.05,,2019-10-11,2019-11-01,21,142.5,143.0,0.5,0.332,0.2968,1.065,1.02,0.1499999999999999,0.07000000000000006,0.2999999999999998,35.00000000000001,15.58,2019-10-24,0.039999999999999994,early,13,10.999999999999991,3.0000000000000067,0.7333333333333332,0.31428571428571395,8.824175824175814,True,False,False,False
0.35,0.05,,2019-10-18,2019-11-08,21,141.5,142.0,0.5,0.335,0.2964,0.98,0.96,0.15000000000000002,0.10999999999999999,0.30000000000000004,35.0,14.25,2019-10-28,0.03,early,10,12.000000000000002,7.999999999999999,0.8,0.3428571428571429,12.514285714285716,True,False,False,False
0.35,0.05,,2019-10-25,2019-11-15,21,140.0,140.5,0.5,0.3413,0.2965,0.87,0.86,0.14500000000000002,0.12,0.29000000000000004,35.5,12.65,2019-11-07,0.024999999999999994,early,13,12.000000000000002,9.5,0.8275862068965517,0.33802816901408456,9.490790899241604,True,False,False,False
0.35,0.05,,2019-11-01,2019-11-22,21,142.0,142.5,0.5,0.3609,0.3159,0.945,0.93,0.15999999999999992,0.13,0.31999999999999984,34.00000000000001,12.3,2019-11-05,0.035,early,4,12.499999999999991,9.5,0.7812499999999998,0.36764705882352905,33.54779411764702,True,False,False,False
0.35,0.05,,2019-11-15,2019-12-06,21,139.0,139.5,0.5,0.3632,0.3155,0.855,0.84,0.16000000000000003,0.13,0.32000000000000006,34.0,12.05,2019-12-06,-0.005,early,21,16.500000000000004,13.5,1.03125,0.48529411764705893,8.434873949579835,True,False,False,False
0.35,0.05,,2019-11-22,2019-12-13,21,141.5,142.0,0.5,0.3364,0.2914,0.835,0.82,0.1499999999999999,0.12,0.2999999999999998,35.00000000000001,12.34,2019-12-10,0.04000000000000001,early,18,10.999999999999991,7.999999999999999,0.7333333333333332,0.31428571428571395,6.373015873015866,True,False,False,False
0.35,0.05,,2019-11-29,2019-12-20,21,141.5,142.5,1.0,0.3694,0.2799,0.995,0.98,0.31999999999999995,0.29999999999999993,0.31999999999999995,68.0,12.62,2019-12-12,0.06000000000000001,early,13,25.999999999999996,23.999999999999993,0.8125,0.38235294117647056,10.73529411764706,True,False,False,False
0.35,0.05,,2019-12-06,2019-12-27,21,140.0,140.5,0.5,0.3351,0.2928,0.9,0.88,0.14500000000000002,0.10999999999999999,0.29000000000000004,35.5,13.62,2019-12-18,0.019999999999999997,early,12,12.500000000000004,9.0,0.8620689655172415,0.3521126760563381,10.710093896713618,True,False,False,False
0.35,0.05,,2019-12-13,2020-01-03,21,140.0,140.5,0.5,0.3752,0.3224,0.88,0.86,0.17500000000000004,0.13,0.3500000000000001,32.49999999999999,12.63,2019-12-18,0.05000000000000002,early,5,12.500000000000004,7.999999999999999,0.7142857142857143,0.3846153846153848,28.076923076923087,True,False,False,False
0.35,0.05,,2019-12-20,2020-01-10,21,138.0,138.5,0.5,0.3695,0.3145,0.825,0.81,0.16999999999999993,0.14,0.33999999999999986,33.00000000000001,12.51,2020-01-10,0.38,expiry,21,-21.000000000000007,-24.0,-1.2352941176470598,-0.6363636363636365,-11.060606060606062,False,False,False,False
0.35,0.05,,2019-12-27,2020-01-17,21,139.0,139.5,0.5,0.3589,0.3106,0.87,0.86,0.15500000000000003,0.13,0.31000000000000005,34.5,13.43,2020-01-17,0.0,early,21,15.500000000000004,13.0,1.0,0.4492753623188407,7.808833678398897,True,False,False,False
0.35,0.05,,2020-01-03,2020-01-24,21,140.5,141.5,1.0,0.3719,0.2847,1.0,0.98,0.29500000000000004,0.26,0.29500000000000004,70.5,14.02,2020-01-17,0.049999999999999996,early,14,24.500000000000004,21.000000000000004,0.8305084745762712,0.34751773049645396,9.060283687943263,True,False,False,False
0.35,0.05,,2020-01-10,2020-01-31,21,140.0,140.5,0.5,0.3457,0.2957,0.74,0.73,0.15000000000000002,0.13,0.30000000000000004,35.0,12.56,2020-01-31,0.5,expiry,21,-35.0,-37.0,-2.333333333333333,-1.0,-17.38095238095238,False,False,False,False
0.35,0.05,,2020-01-17,2020-02-07,21,139.5,140.0,0.5,0.3336,0.2844,0.705,0.69,0.1499999999999999,0.12,0.2999999999999998,35.00000000000001,12.1,2020-02-07,0.5,expiry,21,-35.00000000000001,-38.0,-2.3333333333333353,-1.0,-17.38095238095238,False,False,False,False
0.35,0.05,,2020-01-31,2020-02-21,21,148.0,148.5,0.5,0.3435,0.3129,1.175,1.16,0.135,0.09999999999999987,0.27,36.5,18.84,2020-02-05,0.029999999999999985,early,5,10.500000000000002,6.9999999999999885,0.7777777777777779,0.28767123287671237,21.000000000000004,True,False,False,False
0.35,0.05,,2020-02-07,2020-02-28,21,146.0,147.0,1.0,0.3699,0.2924,1.08,1.07,0.28,0.26,0.28,72.0,15.47,2020-02-28,1.0,expiry,21,-72.0,-74.0,-2.571428571428571,-1.0,-17.38095238095238,False,False,False,False
0.35,0.05,,2020-02-14,2020-03-06,21,146.0,146.5,0.5,0.3601,0.3172,0.98,0.97,0.10999999999999999,0.020000000000000018,0.21999999999999997,39.0,13.68,2020-03-06,0.5,expiry,21,-39.0,-48.0,-3.545454545454546,-1.0,-17.38095238095238,False,False,False,False
0.35,0.05,,2020-02-21,2020-03-13,21,150.5,151.0,0.5,0.3339,0.3023,1.135,1.12,0.135,0.09000000000000008,0.27,36.5,17.08,2020-03-13,0.4399999999999995,expiry,21,-30.49999999999995,-34.99999999999994,-2.2592592592592555,-0.8356164383561631,-14.523809523809502,False,False,False,False
0.35,0.05,,2020-02-28,2020-03-20,21,160.0,161.0,1.0,0.3409,0.3067,2.08,2.05,0.2450000000000001,0.17999999999999972,0.2450000000000001,75.49999999999999,40.11,2020-03-12,0.025000000000000355,early,13,21.999999999999975,15.499999999999936,0.8979591836734679,0.2913907284768209,8.181355068772278,True,False,False,False
0.35,0.05,,2020-03-06,2020-03-27,21,175.0,177.5,2.5,0.3518,0.3109,4.05,3.65,0.47499999999999964,-0.3500000000000001,0.18999999999999986,202.50000000000003,41.94,2020-03-13,0.14000000000000012,early,7,33.49999999999995,-49.00000000000002,0.7052631578947364,0.16543209876543183,8.626102292768945,True,False,False,False
0.35,0.05,,2020-03-20,2020-04-09,20,163.5,166.0,2.5,0.3524,0.3042,3.75,3.45,0.6949999999999998,0.10000000000000009,0.2779999999999999,180.50000000000003,66.04,2020-04-09,1.1,expiry,20,-40.50000000000003,-100.0,-0.5827338129496408,-0.2243767313019392,-4.09487534626039,False,False,False,False
0.35,0.05,,2020-03-27,2020-04-17,21,171.0,173.0,2.0,0.3584,0.298,2.255,2.2,0.5699999999999998,0.4700000000000002,0.2849999999999999,143.00000000000003,65.54,2020-04-08,0.16500000000000004,early,12,40.49999999999998,30.500000000000014,0.7105263157894735,0.283216783216783,8.614510489510483,True,False,False,False
0.35,0.05,,2020-04-03,2020-04-24,21,172.5,173.5,1.0,0.3515,0.3147,2.02,1.85,0.28,-0.05999999999999983,0.28,72.0,46.8,2020-04-13,0.04999999999999999,early,10,23.000000000000004,-10.999999999999982,0.8214285714285714,0.3194444444444445,11.659722222222223,True,False,False,False
0.35,0.05,,2020-04-17,2020-05-08,21,172.0,173.5,1.5,0.3419,0.2963,2.22,2.18,0.3350000000000002,0.2400000000000002,0.22333333333333347,116.49999999999999,38.15,2020-05-04,0.09500000000000003,early,17,24.000000000000014,14.500000000000018,0.7164179104477612,0.20600858369098726,4.423125473365315,True,False,False,False
0.35,0.05,,2020-04-24,2020-05-15,21,174.0,176.0,2.0,0.3573,0.2909,2.175,2.14,0.46499999999999986,0.40000000000000013,0.23249999999999993,153.5,35.93,2020-05-04,0.13,early,10,33.499999999999986,27.000000000000014,0.7204301075268816,0.21824104234527678,7.965798045602602,True,False,False,False
0.35,0.05,,2020-05-01,2020-05-22,21,170.5,172.0,1.5,0.358,0.2901,1.665,1.61,0.3900000000000001,0.29000000000000004,0.26000000000000006,110.99999999999999,37.19,2020-05-11,0.07999999999999999,early,10,31.000000000000018,21.000000000000004,0.794871794871795,0.2792792792792795,10.193693693693701,True,False,False,False
0.35,0.05,,2020-05-08,2020-05-29,21,166.5,168.0,1.5,0.3625,0.2901,1.67,1.59,0.41999999999999993,0.28,0.27999999999999997,108.0,27.98,2020-05-26,0.1,early,18,31.999999999999996,18.000000000000004,0.761904761904762,0.2962962962962963,6.008230452674897,True,False,False,False
0.35,0.05,,2020-05-15,2020-06-05,21,169.5,170.5,1.0,0.3414,0.2965,1.46,1.4,0.19500000000000006,0.039999999999999813,0.19500000000000006,80.5,31.89,2020-05-18,0.04999999999999993,early,3,14.500000000000012,-1.000000000000012,0.743589743589744,0.18012422360248462,21.91511387163563,True,False,False,False
0.35,0.05,,2020-05-22,2020-06-12,21,168.0,168.5,0.5,0.3377,0.312,1.395,1.33,0.14500000000000002,0.030000000000000027,0.29000000000000004,35.5,28.16,2020-06-01,0.040000000000000036,early,10,10.499999999999998,-1.0000000000000009,0.7241379310344825,0.2957746478873239,10.795774647887322,True,False,False,False
0.35,0.05,,2020-05-29,2020-06-19,21,166.0,167.0,1.0,0.358,0.3023,1.46,1.43,0.29000000000000004,0.24,0.29000000000000004,71.0,27.51,2020-06-04,0.04500000000000001,early,6,24.500000000000004,19.499999999999996,0.8448275862068966,0.3450704225352113,20.991784037558688,True,False,False,False
0.35,0.05,,2020-06-05,2020-06-26,21,158.5,159.5,1.0,0.3482,0.2922,1.385,1.29,0.30000000000000004,0.13000000000000012,0.30000000000000004,70.0,24.52,2020-06-26,1.0,expiry,21,-70.0,-86.99999999999999,-2.333333333333333,-1.0,-17.38095238095238,False,False,False,False
0.35,0.05,,2020-06-12,2020-07-02,20,165.0,166.0,1.0,0.3447,0.2917,1.41,1.33,0.27,0.13000000000000012,0.27,73.0,36.09,2020-07-01,0.07499999999999998,early,19,19.500000000000004,5.500000000000013,0.7222222222222223,0.26712328767123295,5.131578947368422,True,False,False,False
0.35,0.05,,2020-06-19,2020-07-10,21,164.5,165.5,1.0,0.3502,0.2939,1.415,1.36,0.29499999999999993,0.18000000000000016,0.29499999999999993,70.5,35.12,2020-07-10,1.0,expiry,21,-70.5,-81.99999999999999,-2.389830508474577,-1.0,-17.38095238095238,False,False,False,False
0.35,0.05,,2020-06-26,2020-07-17,21,167.5,168.5,1.0,0.3495,0.2994,1.475,1.43,0.28500000000000014,0.20999999999999996,0.28500000000000014,71.49999999999999,34.73,2020-07-17,0.0,early,21,28.500000000000014,20.999999999999996,1.0,0.39860139860139887,6.928071928071933,True,False,False,False
0.35,0.05,,2020-07-10,2020-07-31,21,168.5,170.0,1.5,0.3628,0.2836,1.465,1.4,0.405,0.31999999999999984,0.27,109.5,27.29,2020-07-31,1.5000000000000002,expiry,21,-109.50000000000001,-118.00000000000004,-2.703703703703704,-1.0000000000000002,-17.380952380952383,False,False,False,False
0.35,0.05,,2020-07-17,2020-08-07,21,168.5,169.5,1.0,0.3655,0.3026,1.345,1.31,0.29000000000000004,0.20999999999999996,0.29000000000000004,71.0,25.68,2020-08-07,0.94,expiry,21,-64.99999999999999,-73.0,-2.241379310344827,-0.9154929577464787,-15.912139503688795,False,False,False,False
0.35,0.05,,2020-07-24,2020-08-14,21,172.5,173.5,1.0,0.3381,0.2895,1.43,1.37,0.25,0.14000000000000012,0.25,75.0,25.84,2020-08-10,0.065,early,17,18.5,7.500000000000012,0.74,0.24666666666666667,5.296078431372549,True,False,False,False
0.35,0.05,,2020-07-31,2020-08-21,21,173.5,174.0,0.5,0.3404,0.3116,1.29,1.26,0.135,0.08000000000000007,0.27,36.5,24.46,2020-08-11,0.03,early,11,10.500000000000002,5.000000000000007,0.7777777777777779,0.28767123287671237,9.545454545454547,True,False,False,False
0.35,0.05,,2020-08-07,2020-08-28,21,172.0,172.5,0.5,0.3546,0.3248,1.465,1.42,0.15000000000000013,0.06999999999999984,0.30000000000000027,34.999999999999986,22.21,2020-08-12,0.035,early,5,11.500000000000012,3.4999999999999836,0.7666666666666667,0.32857142857142907,23.985714285714323,True,False,False,False
0.35,0.05,,2020-08-14,2020-09-04,21,165.5,166.5,1.0,0.3475,0.2882,1.32,1.28,0.29500000000000015,0.22999999999999998,0.29500000000000015,70.49999999999999,22.05,2020-08-28,0.08000000000000002,early,14,21.500000000000014,14.999999999999996,0.7288135593220341,0.30496453900709247,7.950861195542053,True,False,False,False
0.35,0.05,,2020-08-21,2020-09-11,21,168.5,169.0,0.5,0.3366,0.3055,1.2,1.17,0.14500000000000002,0.07999999999999985,0.29000000000000004,35.5,22.54,2020-08-27,0.024999999999999994,early,6,12.000000000000002,5.499999999999986,0.8275862068965517,0.33802816901408456,20.563380281690144,True,False,False,False
0.35,0.05,,2020-08-28,2020-09-18,21,163.0,164.0,1.0,0.3641,0.3034,1.505,1.46,0.33499999999999996,0.27,0.33499999999999996,66.5,22.96,2020-09-18,0.42,expiry,21,-8.500000000000002,-14.999999999999996,-0.25373134328358216,-0.12781954887218047,-2.2216254923021843,False,False,False,False
0.35,0.05,,2020-09-04,2020-09-25,21,165.5,166.5,1.0,0.3424,0.2876,1.385,1.32,0.2749999999999999,0.15000000000000013,0.2749999999999999,72.50000000000001,30.75,2020-09-25,0.015,early,21,25.99999999999999,13.500000000000012,0.9454545454545453,0.3586206896551722,6.23316912972085,True,False,False,False
0.35,0.05,,2020-09-11,2020-10-02,21,166.5,167.5,1.0,0.3547,0.2906,1.325,1.26,0.32999999999999996,0.19999999999999996,0.32999999999999996,67.0,26.87,2020-09-30,0.06,early,19,26.999999999999996,13.999999999999996,0.8181818181818182,0.4029850746268656,7.741555380989786,True,False,False,False
0.35,0.05,,2020-09-18,2020-10-09,21,165.5,166.0,0.5,0.3374,0.3023,1.12,1.08,0.16500000000000015,0.10000000000000009,0.3300000000000003,33.499999999999986,25.83,2020-10-05,0.025,early,17,14.000000000000016,7.50000000000001,0.8484848484848487,0.4179104477611947,8.972783143108003,True,False,False,False
0.35,0.05,,2020-09-25,2020-10-16,21,167.0,168.0,1.0,0.3536,0.2904,1.245,1.23,0.30000000000000016,0.27,0.30000000000000016,69.99999999999999,26.38,2020-10-05,0.03,early,10,27.000000000000014,24.000000000000004,0.9,0.385714285714286,14.07857142857144,True,False,False,False
0.35,0.05,,2020-10-02,2020-10-23,21,165.0,165.5,0.5,0.3414,0.3069,1.145,1.11,0.16000000000000003,0.09000000000000008,0.32000000000000006,34.0,27.63,2020-10-07,0.035,early,5,12.500000000000004,5.500000000000008,0.78125,0.3676470588235295,26.838235294117652,True,False,False,False
0.35,0.05,,2020-10-09,2020-10-30,21,161.5,162.0,0.5,0.356,0.315,1.11,1.07,0.17500000000000004,0.10000000000000009,0.3500000000000001,32.49999999999999,25.0,2020-10-23,0.04999999999999999,early,14,12.500000000000005,5.00000000000001,0.7142857142857144,0.38461538461538486,10.027472527472534,True,False,False,False
0.35,0.05,,2020-10-16,2020-11-06,21,163.5,164.5,1.0,0.3611,0.2955,1.355,1.33,0.33499999999999996,0.29000000000000004,0.33499999999999996,66.5,27.41,2020-11-05,0.049999999999999996,early,20,28.499999999999996,24.000000000000004,0.8507462686567163,0.4285714285714285,7.821428571428569,True,False,False,False
0.35,0.05,,2020-10-23,2020-11-13,21,160.5,161.5,1.0,0.3522,0.2964,1.485,1.44,0.32000000000000006,0.24,0.32000000000000006,68.0,27.55,2020-11-09,0.03,early,17,29.000000000000004,21.0,0.9062499999999999,0.42647058823529416,9.15657439446367,True,False,False,False
0.35,0.05,,2020-10-30,2020-11-20,21,161.0,162.0,1.0,0.3566,0.3101,1.825,1.79,0.33499999999999996,0.27,0.33499999999999996,66.5,38.02,2020-11-09,0.03499999999999999,early,10,30.0,23.500000000000004,0.8955223880597015,0.45112781954887216,16.466165413533833,True,False,False,False
0.35,0.05,,2020-11-06,2020-11-27,21,161.5,162.0,0.5,0.3494,0.3119,1.105,0.99,0.16999999999999993,-0.040000000000000036,0.33999999999999986,33.00000000000001,24.86,2020-11-09,0.044999999999999984,early,3,12.499999999999995,-8.500000000000002,0.7352941176470588,0.37878787878787856,46.08585858585855,True,False,False,False
0.35,0.05,,2020-11-13,2020-12-04,21,160.0,160.5,0.5,0.3316,0.2942,0.98,0.94,0.18999999999999995,0.05999999999999994,0.3799999999999999,31.000000000000007,23.1,2020-12-01,0.04500000000000001,early,18,14.499999999999993,1.499999999999993,0.763157894736842,0.4677419354838706,9.4847670250896,True,False,False,False
0.35,0.05,,2020-11-20,2020-12-11,21,163.0,164.0,1.0,0.3633,0.2947,1.225,1.18,0.29000000000000004,0.18999999999999995,0.29000000000000004,71.0,23.7,2020-12-01,0.03,early,11,26.0,15.999999999999995,0.8965517241379309,0.36619718309859156,12.151088348271447,True,False,False,False
0.35,0.05,,2020-11-27,2020-12-18,21,162.0,162.5,0.5,0.3486,0.315,1.18,1.16,0.1499999999999999,0.09999999999999987,0.2999999999999998,35.00000000000001,20.84,2020-12-02,0.03500000000000003,early,5,11.499999999999988,6.499999999999984,0.7666666666666663,0.3285714285714281,23.985714285714252,True,False,False,False
0.35,0.05,,2020-12-04,2020-12-24,20,157.0,157.5,0.5,0.3437,0.3084,1.13,1.09,0.16999999999999993,0.09000000000000008,0.33999999999999986,33.00000000000001,20.79,2020-12-24,0.34,expiry,20,-17.00000000000001,-24.999999999999993,-1.000000000000001,-0.5151515151515154,-9.401515151515156,False,False,False,False
0.35,0.05,,2020-12-11,2020-12-31,20,160.0,161.0,1.0,0.365,0.2879,1.08,1.05,0.31000000000000005,0.25,0.31000000000000005,69.0,23.31,2020-12-18,0.07999999999999999,early,7,23.000000000000007,17.0,0.7419354838709677,0.3333333333333334,17.380952380952387,True,False,False,False
0.35,0.05,,2020-12-18,2021-01-08,21,158.5,159.0,0.5,0.3323,0.2955,1.025,0.97,0.15999999999999992,0.06999999999999995,0.31999999999999984,34.00000000000001,21.57,2021-01-06,0.020000000000000004,early,19,13.99999999999999,4.999999999999995,0.8749999999999997,0.41176470588235253,7.910216718266246,True,False,False,False
0.35,0.05,,2021-01-08,2021-01-29,21,153.5,154.0,0.5,0.3333,0.2974,1.005,0.96,0.1449999999999999,0.05999999999999994,0.2899999999999998,35.50000000000001,21.56,2021-01-29,0.005000000000000001,early,21,13.99999999999999,5.499999999999994,0.9655172413793102,0.39436619718309823,6.854460093896708,True,False,False,False
0.35,0.05,,2021-01-15,2021-02-05,21,154.0,154.5,0.5,0.3315,0.2975,1.01,0.97,0.15000000000000002,0.06999999999999995,0.30000000000000004,35.0,24.34,2021-02-02,0.03,early,18,12.000000000000002,3.999999999999995,0.8,0.3428571428571429,6.952380952380953,True,False,False,False
0.35,0.05,,2021-01-22,2021-02-12,21,153.5,154.0,0.5,0.3525,0.313,1.005,0.96,0.15499999999999992,0.06999999999999995,0.30999999999999983,34.50000000000001,21.91,2021-02-04,0.04000000000000001,early,13,11.499999999999991,2.9999999999999942,0.7419354838709676,0.333333333333333,9.358974358974349,True,False,False,False
0.35,0.05,,2021-01-29,2021-02-19,21,153.5,154.5,1.0,0.3528,0.286,1.14,1.1,0.2799999999999999,0.21000000000000008,0.2799999999999999,72.00000000000001,33.09,2021-02-05,0.065,early,7,21.499999999999993,14.500000000000007,0.7678571428571428,0.29861111111111094,15.570436507936497,True,False,False,False
0.35,0.05,,2021-02-05,2021-02-26,21,150.0,150.5,0.5,0.3493,0.3119,1.16,1.11,0.16499999999999992,0.07000000000000006,0.32999999999999985,33.50000000000001,20.87,2021-02-16,0.035,early,11,12.999999999999993,3.5000000000000058,0.7878787878787877,0.38805970149253705,12.876526458616002,True,False,False,False
0.35,0.05,,2021-02-12,2021-03-05,21,149.0,149.5,0.5,0.3487,0.3137,1.1,1.04,0.14000000000000012,0.010000000000000009,0.28000000000000025,35.999999999999986,19.97,2021-02-22,0.035,early,10,10.500000000000012,-2.4999999999999996,0.7500000000000002,0.29166666666666713,10.64583333333335,True,False,False,False
0.35,0.05,,2021-02-19,2021-03-12,21,145.0,146.0,1.0,0.3657,0.3008,1.34,1.28,0.31000000000000005,0.19999999999999996,0.31000000000000005,69.0,22.05,2021-03-02,0.09,early,11,22.000000000000007,10.999999999999996,0.7096774193548387,0.318840579710145,10.579710144927539,True,False,False,False
0.35,0.05,,2021-02-26,2021-03-19,21,145.0,146.0,1.0,0.3295,0.2745,1.28,1.25,0.27,0.19999999999999996,0.27,73.0,27.95,2021-03-05,0.07999999999999999,early,7,19.000000000000004,11.999999999999996,0.7037037037037038,0.26027397260273977,13.571428571428573,True,False,False,False
0.35,0.05,,2021-03-05,2021-03-26,21,141.0,142.0,1.0,0.3568,0.2934,1.33,1.27,0.30500000000000016,0.19999999999999996,0.30500000000000016,69.49999999999999,24.66,2021-03-17,0.03499999999999999,early,12,27.000000000000018,16.499999999999996,0.8852459016393445,0.3884892086330939,11.816546762589939,True,False,False,False
0.35,0.05,,2021-03-12,2021-04-01,20,138.0,139.0,1.0,0.3667,0.3045,1.405,1.31,0.31499999999999995,0.18999999999999995,0.31499999999999995,68.5,20.69,2021-03-29,0.08499999999999999,early,17,22.999999999999996,10.499999999999995,0.7301587301587302,0.33576642335766416,7.209102619149848,True,False,False,False
0.35,0.05,,2021-03-19,2021-04-09,21,136.5,137.0,0.5,0.3402,0.3055,1.24,1.16,0.18500000000000005,0.04999999999999982,0.3700000000000001,31.499999999999993,20.95,2021-04-09,0.4900000000000001,expiry,21,-30.500000000000004,-44.00000000000003,-1.6486486486486482,-0.9682539682539686,-16.82917611489041,False,False,False,False
0.35,0.05,,2021-04-09,2021-04-30,21,139.5,140.0,0.5,0.342,0.3031,1.01,0.98,0.16000000000000003,0.09999999999999998,0.32000000000000006,34.0,16.69,2021-04-29,0.045,early,20,11.500000000000004,5.499999999999998,0.7187500000000001,0.3382352941176472,6.1727941176470615,True,False,False,False
0.35,0.05,,2021-04-16,2021-05-07,21,141.0,142.0,1.0,0.368,0.2954,1.215,1.18,0.31500000000000006,0.2499999999999999,0.31500000000000006,68.5,16.25,2021-05-07,0.0,early,21,31.500000000000007,24.99999999999999,1.0,0.45985401459854025,7.992700729927009,True,False,False,False
0.35,0.05,,2021-04-23,2021-05-14,21,142.0,142.5,0.5,0.3413,0.3066,1.1,1.07,0.15500000000000014,0.10000000000000009,0.3100000000000003,34.499999999999986,17.33,2021-05-07,0.035,early,14,12.000000000000014,6.500000000000009,0.774193548387097,0.3478260869565223,9.068322981366475,True,False,False,False
0.35,0.05,,2021-04-30,2021-05-21,21,140.0,141.0,1.0,0.363,0.2815,1.1,1.08,0.3350000000000001,0.30000000000000004,0.3350000000000001,66.49999999999999,18.61,2021-05-12,0.03499999999999999,early,12,30.00000000000001,26.500000000000007,0.8955223880597016,0.45112781954887243,13.721804511278203,True,False,False,False
0.35,0.05,,2021-05-07,2021-05-28,21,140.5,141.5,1.0,0.3651,0.2839,1.02,0.97,0.30500000000000005,0.20999999999999996,0.30500000000000005,69.5,16.69,2021-05-12,0.06,early,5,24.500000000000004,14.999999999999996,0.8032786885245902,0.3525179856115108,25.73381294964029,True,False,False,False
0.35,0.05,,2021-05-14,2021-06-04,21,138.5,139.0,0.5,0.3326,0.2912,0.88,0.84,0.16500000000000004,0.09999999999999998,0.33000000000000007,33.5,18.81,2021-06-04,0.4999999999999999,expiry,21,-33.499999999999986,-39.99999999999999,-2.030303030303029,-0.9999999999999996,-17.380952380952372,False,False,False,False
0.35,0.05,,2021-05-21,2021-06-11,21,139.0,139.5,0.5,0.3507,0.306,0.88,0.82,0.15500000000000003,0.039999999999999925,0.31000000000000005,34.5,20.15,2021-06-11,0.5,expiry,21,-34.5,-46.00000000000001,-2.2258064516129026,-1.0,-17.38095238095238,False,False,False,False
0.35,0.05,,2021-05-28,2021-06-18,21,140.0,140.5,0.5,0.358,0.3123,0.93,0.92,0.16000000000000003,0.14,0.32000000000000006,34.0,16.76,2021-06-18,0.5,expiry,21,-34.0,-36.0,-2.1249999999999996,-1.0,-17.38095238095238,False,False,False,False
0.35,0.05,,2021-06-04,2021-06-25,21,141.0,142.0,1.0,0.3684,0.281,0.94,0.9,0.2899999999999999,0.21000000000000008,0.2899999999999999,71.00000000000001,16.42,2021-06-25,0.8099999999999999,expiry,21,-52.0,-59.999999999999986,-1.7931034482758625,-0.7323943661971829,-12.729711602951037,False,False,False,False
0.35,0.05,,2021-06-18,2021-07-09,21,147.5,148.5,1.0,0.3615,0.3019,1.305,1.25,0.2649999999999999,0.1399999999999999,0.2649999999999999,73.50000000000001,20.7,2021-06-25,0.029999999999999985,early,7,23.499999999999993,10.999999999999991,0.8867924528301888,0.31972789115646244,16.6715257531584,True,False,False,False
0.35,0.05,,2021-06-25,2021-07-16,21,143.5,144.0,0.5,0.3342,0.2946,0.91,0.89,0.135,0.09999999999999998,0.27,36.5,15.62,2021-07-16,0.5,expiry,21,-36.5,-40.0,-2.7037037037037037,-1.0,-17.38095238095238,False,False,False,False
0.35,0.05,,2021-07-02,2021-07-23,21,146.5,147.0,0.5,0.3535,0.3126,0.97,0.93,0.15000000000000002,0.08000000000000007,0.30000000000000004,35.0,15.07,2021-07-23,0.4999999999999998,expiry,21,-34.99999999999998,-41.99999999999997,-2.3333333333333317,-0.9999999999999994,-17.38095238095237,False,False,False,False
0.35,0.05,,2021-07-09,2021-07-30,21,148.5,150.0,1.5,0.354,0.2674,1.18,1.14,0.3849999999999999,0.30999999999999994,0.2566666666666666,111.50000000000003,16.18,2021-07-30,0.94,expiry,21,-55.50000000000001,-63.0,-1.441558441558442,-0.4977578475336322,-8.651505445227418,False,False,False,False
0.35,0.05,,2021-07-16,2021-08-06,21,150.0,151.0,1.0,0.37,0.3083,1.335,1.29,0.29499999999999993,0.20999999999999996,0.29499999999999993,70.5,18.45,2021-08-06,0.005,early,21,28.999999999999993,20.499999999999996,0.9830508474576272,0.4113475177304963,7.1496116176967215,True,False,False,False
0.35,0.05,,2021-08-06,2021-08-27,21,150.0,151.0,1.0,0.3526,0.2878,1.23,1.2,0.31999999999999995,0.25,0.31999999999999995,68.0,16.15,2021-08-25,0.08,early,19,23.999999999999993,17.0,0.7499999999999999,0.35294117647058815,6.78018575851393,True,False,False,False
0.35,0.05,,2021-08-13,2021-09-03,21,150.0,151.0,1.0,0.3671,0.2952,1.21,1.17,0.29999999999999993,0.20999999999999996,0.29999999999999993,70.0,15.45,2021-09-03,0.005,early,21,29.499999999999993,20.499999999999996,0.9833333333333333,0.4214285714285713,7.324829931972787,True,False,False,False
0.35,0.05,,2021-08-20,2021-09-10,21,152.0,153.0,1.0,0.3586,0.2899,1.175,1.15,0.31500000000000006,0.22999999999999987,0.31500000000000006,68.5,18.56,2021-09-03,0.019999999999999997,early,14,29.500000000000004,20.99999999999999,0.9365079365079364,0.43065693430656937,11.22784150156413,True,False,False,False
0.35,0.05,,2021-08-27,2021-09-17,21,151.0,152.0,1.0,0.3419,0.2745,1.06,1.02,0.27,0.20000000000000007,0.27,73.0,16.39,2021-09-07,0.06000000000000001,early,11,21.000000000000004,14.000000000000007,0.7777777777777779,0.28767123287671237,9.545454545454547,True,False,False,False
0.35,0.05,,2021-09-03,2021-09-24,21,150.0,151.0,1.0,0.342,0.2643,0.975,0.94,0.28,0.20999999999999996,0.28,72.0,16.41,2021-09-23,0.05499999999999999,early,20,22.500000000000004,15.499999999999996,0.8035714285714286,0.31250000000000006,5.703125000000001,True,False,False,False
0.35,0.05,,2021-09-10,2021-10-01,21,150.0,151.0,1.0,0.3482,0.2693,0.935,0.9,0.27,0.20000000000000007,0.27,73.0,20.95,2021-09-24,0.08,early,14,19.0,12.000000000000007,0.7037037037037037,0.2602739726027397,6.785714285714286,True,False,False,False
0.35,0.05,,2021-09-17,2021-10-08,21,151.0,152.0,1.0,0.3348,0.2656,1.01,0.97,0.27,0.19999999999999996,0.27,73.0,20.81,2021-09-27,0.07499999999999998,early,10,19.500000000000004,12.499999999999996,0.7222222222222223,0.26712328767123295,9.750000000000004,True,False,False,False
0.35,0.05,,2021-09-24,2021-10-15,21,148.5,149.5,1.0,0.359,0.2849,1.18,1.15,0.31499999999999995,0.2599999999999999,0.31499999999999995,68.5,17.75,2021-10-05,0.059999999999999984,early,11,25.499999999999996,19.99999999999999,0.8095238095238096,0.37226277372262767,12.352355673523554,True,False,False,False
0.35,0.05,,2021-10-01,2021-10-22,21,147.0,147.5,0.5,0.3488,0.3103,1.115,1.06,0.15500000000000003,0.040000000000000036,0.31000000000000005,34.5,21.15,2021-10-08,0.035,early,7,12.000000000000002,0.5000000000000032,0.7741935483870968,0.3478260869565218,18.13664596273292,True,False,False,False
0.35,0.05,,2021-10-08,2021-10-29,21,143.5,144.5,1.0,0.3647,0.286,1.095,1.04,0.30499999999999994,0.21000000000000008,0.30499999999999994,69.5,18.77,2021-10-29,1.0000000000000004,expiry,21,-69.50000000000006,-79.00000000000004,-2.2786885245901662,-1.0000000000000009,-17.380952380952397,False,False,False,False
0.35,0.05,,2021-10-15,2021-11-05,21,147.0,147.5,0.5,0.334,0.2981,1.05,1.01,0.15000000000000002,0.07000000000000006,0.30000000000000004,35.0,16.3,2021-11-05,0.5000000000000002,expiry,21,-35.00000000000002,-43.000000000000014,-2.3333333333333344,-1.0000000000000007,-17.38095238095239,False,False,False,False
0.35,0.05,,2021-10-22,2021-11-12,21,146.0,146.5,0.5,0.3426,0.3089,1.165,1.14,0.16000000000000014,0.10999999999999988,0.3200000000000003,33.999999999999986,15.43,2021-11-12,0.5,expiry,21,-33.999999999999986,-39.000000000000014,-2.1249999999999973,-1.0,-17.38095238095238,False,False,False,False
0.35,0.05,,2021-10-29,2021-11-19,21,150.0,150.5,0.5,0.3472,0.3132,1.28,1.26,0.16999999999999993,0.13000000000000012,0.33999999999999986,33.00000000000001,16.26,2021-11-15,0.020000000000000004,early,17,14.999999999999991,11.00000000000001,0.8823529411764705,0.4545454545454542,9.759358288770047,True,False,False,False
0.35,0.05,,2021-11-12,2021-12-03,21,149.5,150.0,0.5,0.3441,0.3134,1.205,1.17,0.15500000000000003,0.07999999999999985,0.31000000000000005,34.5,16.29,2021-11-23,0.04000000000000001,early,11,11.500000000000002,3.999999999999984,0.7419354838709676,0.33333333333333337,11.060606060606062,True,False,False,False
0.35,0.05,,2021-11-19,2021-12-10,21,150.0,151.0,1.0,0.343,0.2743,1.035,0.99,0.2699999999999999,0.17999999999999994,0.2699999999999999,73.00000000000001,17.91,2021-12-10,0.0,early,21,26.99999999999999,17.999999999999993,1.0,0.3698630136986299,6.428571428571424,True,False,False,False
0.35,0.05,,2021-11-26,2021-12-17,21,152.0,153.0,1.0,0.3637,0.3084,1.53,1.51,0.30000000000000004,0.26,0.30000000000000004,70.0,28.62,2021-12-15,0.065,early,19,23.500000000000004,19.5,0.7833333333333333,0.33571428571428574,6.449248120300752,True,False,False,False
0.35,0.05,,2021-12-03,2021-12-23,20,157.0,158.0,1.0,0.3523,0.306,1.56,1.5,0.2650000000000001,0.1499999999999999,0.2650000000000001,73.49999999999999,30.67,2021-12-08,0.035,early,5,23.00000000000001,11.499999999999991,0.8679245283018867,0.3129251700680274,22.843537414966,True,False,False,False
0.35,0.05,,2021-12-10,2021-12-31,21,150.5,151.5,1.0,0.3613,0.2923,1.27,1.22,0.30500000000000005,0.21999999999999997,0.30500000000000005,69.5,18.69,2021-12-28,0.075,early,18,23.000000000000004,14.499999999999996,0.7540983606557378,0.3309352517985612,6.710631494804158,True,False,False,False
0.35,0.05,,2021-12-17,2022-01-07,21,153.0,154.0,1.0,0.3446,0.2872,1.25,1.19,0.255,0.1399999999999999,0.255,74.5,21.57,2021-12-28,0.07,early,11,18.5,6.999999999999989,0.7254901960784313,0.2483221476510067,8.239780353874314,True,False,False,False
0.35,0.05,,2021-12-31,2022-01-21,21,150.0,151.0,1.0,0.3655,0.3034,1.365,1.35,0.32000000000000006,0.28,0.32000000000000006,68.0,17.22,2022-01-04,0.060000000000000026,early,4,26.0,22.0,0.8124999999999998,0.38235294117647056,34.88970588235294,True,False,False,False
0.35,0.05,,2022-01-07,2022-01-28,21,145.0,145.5,0.5,0.3195,0.2882,1.045,1.02,0.1399999999999999,0.08999999999999997,0.2799999999999998,36.00000000000001,18.76,2022-01-26,0.019999999999999997,early,19,11.999999999999991,6.999999999999998,0.8571428571428572,0.33333333333333304,6.403508771929819,True,False,False,False
0.35,0.05,,2022-01-14,2022-02-04,21,144.0,145.0,1.0,0.3397,0.2757,1.205,1.17,0.29500000000000004,0.21999999999999997,0.29500000000000004,70.5,19.19,2022-02-03,0.024999999999999994,early,20,27.0,19.499999999999996,0.9152542372881355,0.3829787234042553,6.98936170212766,True,False,False,False
0.35,0.05,,2022-01-21,2022-02-11,21,145.5,146.5,1.0,0.3566,0.2962,1.345,1.29,0.30000000000000004,0.18999999999999995,0.30000000000000004,70.0,28.85,2022-02-03,0.07,early,13,23.000000000000004,11.999999999999995,0.7666666666666667,0.3285714285714286,9.225274725274726,True,False,False,False
0.35,0.05,,2022-01-28,2022-02-18,21,145.0,146.0,1.0,0.3595,0.2888,1.28,1.26,0.29500000000000004,0.25,0.29500000000000004,70.5,27.66,2022-02-04,0.05500000000000001,early,7,24.000000000000004,19.5,0.8135593220338984,0.34042553191489366,17.750759878419455,True,False,False,False
0.35,0.05,,2022-02-04,2022-02-25,21,141.0,141.5,0.5,0.3381,0.3054,1.135,1.1,0.15000000000000002,0.08000000000000007,0.30000000000000004,35.0,23.22,2022-02-15,0.025000000000000022,early,11,12.5,5.500000000000005,0.8333333333333333,0.35714285714285715,11.85064935064935,True,False,False,False
0.35,0.05,,2022-02-11,2022-03-04,21,140.0,141.5,1.5,0.3711,0.2875,1.545,1.41,0.385,0.039999999999999813,0.25666666666666665,111.5,27.36,2022-03-04,0.44999999999999996,expiry,21,-6.499999999999995,-41.000000000000014,-0.1688311688311687,-0.05829596412556049,-1.0132393764680754,False,False,False,False
0.35,0.05,,2022-02-18,2022-03-11,21,140.5,141.0,0.5,0.3389,0.3118,1.295,1.23,0.14500000000000002,0.030000000000000027,0.29000000000000004,35.5,27.75,2022-03-09,0.02500000000000001,early,19,12.000000000000002,0.5000000000000018,0.8275862068965517,0.33802816901408456,6.493699036323203,True,False,False,False
0.35,0.05,,2022-02-25,2022-03-18,21,139.0,140.0,1.0,0.3522,0.286,1.43,1.42,0.30999999999999983,0.29000000000000004,0.30999999999999983,69.00000000000001,27.59,2022-03-10,0.07999999999999996,early,13,22.999999999999986,21.000000000000007,0.7419354838709677,0.33333333333333304,9.35897435897435,True,False,False,False
0.35,0.05,,2022-03-04,2022-03-25,21,143.5,145.0,1.5,0.3532,0.2924,1.78,1.67,0.395,0.18999999999999995,0.26333333333333336,110.5,31.98,2022-03-10,0.05500000000000002,early,6,34.0,13.499999999999993,0.8607594936708861,0.3076923076923077,18.71794871794872,True,False,False,False
0.35,0.05,,2022-03-11,2022-04-01,21,137.0,138.0,1.0,0.3597,0.3052,1.46,1.39,0.2849999999999999,0.1499999999999999,0.2849999999999999,71.50000000000001,30.75,2022-03-17,0.07999999999999999,early,6,20.499999999999993,6.999999999999992,0.719298245614035,0.28671328671328655,17.44172494172493,True,False,False,False
0.35,0.05,,2022-03-18,2022-04-08,21,135.5,136.5,1.0,0.3537,0.2944,1.315,1.28,0.30499999999999994,0.24,0.30499999999999994,69.5,23.87,2022-03-22,0.09000000000000002,early,4,21.499999999999993,14.999999999999996,0.7049180327868851,0.3093525179856114,28.22841726618704,True,False,False,False
0.35,0.05,,2022-03-25,2022-04-14,20,131.0,132.0,1.0,0.365,0.3063,1.675,1.63,0.33000000000000007,0.25,0.33000000000000007,67.0,20.81,2022-04-08,0.05,early,14,28.000000000000007,20.0,0.8484848484848485,0.4179104477611941,10.895522388059703,True,False,False,False
0.35,0.05,,2022-04-01,2022-04-22,21,135.0,136.0,1.0,0.3436,0.2861,1.34,1.26,0.29500000000000015,0.1399999999999999,0.29500000000000015,70.49999999999999,19.63,2022-04-06,0.08000000000000002,early,5,21.500000000000014,5.9999999999999885,0.7288135593220341,0.30496453900709247,22.262411347517748,True,False,False,False
0.35,0.05,,2022-04-08,2022-04-29,21,127.0,128.5,1.5,0.3733,0.2934,1.695,1.61,0.5,0.3500000000000001,0.3333333333333333,100.0,21.16,2022-04-14,0.13499999999999998,early,6,36.5,21.50000000000001,0.73,0.365,22.204166666666666,True,False,False,False
0.35,0.05,,2022-04-22,2022-05-13,21,123.0,124.0,1.0,0.3337,0.2847,1.49,1.43,0.2849999999999999,0.16999999999999993,0.2849999999999999,71.50000000000001,28.21,2022-05-05,0.030000000000000006,early,13,25.49999999999999,13.999999999999993,0.894736842105263,0.35664335664335645,10.013448090371163,True,False,False,False
0.35,0.05,,2022-04-29,2022-05-20,21,122.0,123.0,1.0,0.3553,0.2983,1.605,1.57,0.30499999999999994,0.24,0.30499999999999994,69.5,33.4,2022-05-05,0.08999999999999997,early,6,21.499999999999996,15.000000000000002,0.7049180327868853,0.3093525179856115,18.818944844124697,True,False,False,False
0.35,0.05,,2022-05-06,2022-05-27,21,116.0,117.0,1.0,0.3583,0.3007,1.495,1.42,0.32000000000000006,0.16999999999999993,0.32000000000000006,68.0,30.19,2022-05-27,1.0,expiry,21,-68.0,-83.0,-2.1249999999999996,-1.0,-17.38095238095238,False,False,False,False
0.35,0.05,,2022-05-13,2022-06-03,21,118.5,119.0,0.5,0.3415,0.3122,1.315,1.27,0.15500000000000003,0.07000000000000006,0.31000000000000005,34.5,28.87,2022-06-01,0.045,early,19,11.000000000000004,2.500000000000006,0.7096774193548387,0.318840579710145,6.125095347063312,True,False,False,False
0.35,0.05,,2022-05-20,2022-06-10,21,121.0,122.0,1.0,0.3464,0.2913,1.355,1.31,0.28,0.18999999999999995,0.28,72.0,29.43,2022-06-01,0.07500000000000001,early,12,20.5,11.499999999999993,0.7321428571428571,0.2847222222222222,8.660300925925926,True,False,False,False
0.35,0.05,,2022-05-27,2022-06-17,21,121.0,122.0,1.0,0.351,0.288,1.24,1.21,0.29000000000000004,0.25,0.29000000000000004,71.0,25.72,2022-06-03,0.08000000000000002,early,7,21.000000000000004,17.0,0.7241379310344828,0.295774647887324,15.42253521126761,True,False,False,False
0.35,0.05,,2022-06-03,2022-06-24,21,117.5,118.5,1.0,0.3626,0.2911,1.21,1.18,0.30499999999999994,0.24,0.30499999999999994,69.5,24.79,2022-06-13,0.07,early,10,23.499999999999993,17.0,0.7704918032786885,0.3381294964028776,12.341726618705032,True,False,False,False
0.35,0.05,,2022-06-10,2022-07-01,21,116.0,117.0,1.0,0.3542,0.2903,1.295,1.26,0.31999999999999995,0.25,0.31999999999999995,68.0,27.75,2022-06-14,0.08499999999999996,early,4,23.5,16.500000000000004,0.7343750000000001,0.34558823529411764,31.534926470588236,True,False,False,False
0.35,0.05,,2022-06-17,2022-07-08,21,114.5,115.0,0.5,0.3348,0.3039,1.25,1.19,0.15999999999999992,-0.020000000000000018,0.31999999999999984,34.00000000000001,31.13,2022-07-08,0.0,early,21,15.999999999999993,-2.0000000000000018,1.0,0.47058823529411736,8.17927170868347,True,False,False,False
0.35,0.05,,2022-06-24,2022-07-15,21,115.0,115.5,0.5,0.3411,0.3081,1.225,1.21,0.15000000000000013,0.10999999999999988,0.30000000000000027,34.999999999999986,27.23,2022-07-15,0.5,expiry,21,-34.999999999999986,-39.000000000000014,-2.3333333333333304,-1.0,-17.38095238095238,False,False,False,False
0.35,0.05,,2022-07-01,2022-07-22,21,118.5,119.5,1.0,0.3553,0.3047,1.39,1.32,0.2799999999999998,0.16000000000000014,0.2799999999999998,72.00000000000001,26.7,2022-07-08,0.08000000000000002,early,7,19.99999999999998,8.000000000000012,0.7142857142857141,0.2777777777777774,14.484126984126965,True,False,False,False
0.35,0.05,,2022-07-08,2022-07-29,21,115.0,116.0,1.0,0.3503,0.296,1.365,1.31,0.2649999999999999,0.17000000000000015,0.2649999999999999,73.50000000000001,24.64,2022-07-29,1.0,expiry,21,-73.50000000000001,-82.99999999999999,-2.773584905660379,-1.0,-17.38095238095238,False,False,False,False
0.35,0.05,,2022-07-15,2022-08-05,21,118.5,119.5,1.0,0.3537,0.2975,1.37,1.32,0.29000000000000004,0.16000000000000014,0.29000000000000004,71.0,24.23,2022-08-05,0.004999999999999999,early,21,28.500000000000004,15.500000000000014,0.9827586206896551,0.40140845070422543,6.976861167002013,True,False,False,False
0.35,0.05,,2022-07-29,2022-08-19,21,120.0,121.0,1.0,0.3593,0.2938,1.245,1.22,0.30000000000000016,0.24,0.30000000000000016,69.99999999999999,21.33,2022-08-11,0.030000000000000006,early,13,27.000000000000014,21.0,0.9,0.385714285714286,10.829670329670337,True,False,False,False
0.35,0.05,,2022-08-05,2022-08-26,21,119.0,120.0,1.0,0.3534,0.2891,1.18,1.12,0.2899999999999999,0.18000000000000016,0.2899999999999999,71.00000000000001,21.15,2022-08-17,0.07499999999999998,early,12,21.499999999999993,10.500000000000018,0.7413793103448275,0.3028169014084505,9.210680751173703,True,False,False,False
0.35,0.05,,2022-08-12,2022-09-02,21,117.0,118.0,1.0,0.3675,0.2924,1.14,1.09,0.30999999999999994,0.21000000000000008,0.30999999999999994,69.0,19.53,2022-08-23,0.06999999999999999,early,11,23.999999999999993,14.000000000000007,0.7741935483870968,0.3478260869565216,11.54150197628458,True,False,False,False
0.35,0.05,,2022-08-19,2022-09-09,21,115.0,115.5,0.5,0.344,0.3076,1.105,1.07,0.16000000000000003,0.09000000000000008,0.32000000000000006,34.0,20.6,2022-09-01,0.03,early,13,13.000000000000004,6.000000000000008,0.8125,0.3823529411764707,10.735294117647062,True,False,False,False
0.35,0.05,,2022-08-26,2022-09-16,21,115.5,116.5,1.0,0.3578,0.2888,1.2,1.18,0.30999999999999994,0.2699999999999999,0.30999999999999994,69.0,25.56,2022-09-06,0.020000000000000004,early,11,28.999999999999993,24.99999999999999,0.9354838709677419,0.4202898550724637,13.945981554677205,True,False,False,False
0.35,0.05,,2022-09-02,2022-09-23,21,113.0,113.5,0.5,0.3291,0.2969,1.135,1.1,0.14500000000000002,0.07000000000000006,0.29000000000000004,35.5,25.47,2022-09-12,0.04000000000000001,early,10,10.500000000000002,3.0000000000000053,0.7241379310344828,0.295774647887324,10.795774647887326,True,False,False,False
0.35,0.05,,2022-09-16,2022-10-07,21,109.5,110.0,0.5,0.3347,0.3008,1.15,1.12,0.15999999999999992,0.10000000000000009,0.31999999999999984,34.00000000000001,26.3,2022-09-27,0.020000000000000018,early,11,13.99999999999999,8.000000000000007,0.8749999999999997,0.41176470588235253,13.663101604278062,True,False,False,False
0.35,0.05,,2022-09-23,2022-10-14,21,108.0,109.0,1.0,0.3537,0.2937,1.34,1.29,0.30000000000000004,0.20999999999999996,0.30000000000000004,70.0,29.92,2022-10-05,0.06,early,12,24.000000000000004,14.999999999999996,0.8,0.3428571428571429,10.42857142857143,True,False,False,False
0.35,0.05,,2022-09-30,2022-10-21,21,105.0,106.0,1.0,0.353,0.2956,1.42,1.37,0.32499999999999996,0.2400000000000002,0.32499999999999996,67.5,31.62,2022-10-10,0.07999999999999999,early,10,24.499999999999996,16.00000000000002,0.7538461538461539,0.36296296296296293,13.248148148148147,True,False,False,False
0.35,0.05,,2022-10-07,2022-10-28,21,103.5,104.5,1.0,0.3542,0.2898,1.295,1.24,0.31499999999999995,0.20999999999999996,0.31499999999999995,68.5,31.36,2022-10-17,0.08000000000000002,early,10,23.499999999999993,12.999999999999995,0.7460317460317459,0.34306569343065685,12.521897810218976,True,False,False,False
0.35,0.05,,2022-10-14,2022-11-04,21,101.0,102.0,1.0,0.3632,0.3025,1.445,1.38,0.33499999999999996,0.21999999999999997,0.33499999999999996,66.5,32.02,2022-10-20,0.09500000000000003,early,6,23.999999999999993,12.499999999999995,0.7164179104477609,0.3609022556390976,21.954887218045105,True,False,False,False
0.35,0.05,,2022-10-21,2022-11-11,21,96.0,97.0,1.0,0.3634,0.3096,1.625,1.57,0.33499999999999996,0.22999999999999998,0.33499999999999996,66.5,29.69,2022-11-11,1.0,expiry,21,-66.5,-77.0,-1.9850746268656716,-1.0,-17.38095238095238,False,False,False,False
0.35,0.05,,2022-10-28,2022-11-18,21,99.0,100.0,1.0,0.3478,0.2899,1.295,1.27,0.2849999999999999,0.25,0.2849999999999999,71.50000000000001,25.75,2022-11-07,0.04999999999999999,early,10,23.499999999999993,20.0,0.8245614035087719,0.32867132867132853,11.996503496503491,True,False,False,False
0.35,0.05,,2022-11-04,2022-11-25,21,96.5,97.0,0.5,0.3527,0.3124,1.065,1.03,0.16499999999999992,0.09000000000000008,0.32999999999999985,33.50000000000001,24.55,2022-11-25,0.5,expiry,21,-33.50000000000001,-40.99999999999999,-2.0303030303030316,-1.0,-17.38095238095238,False,False,False,False
0.35,0.05,,2022-11-11,2022-12-02,21,99.5,100.5,1.0,0.3693,0.2849,1.035,0.99,0.30499999999999994,0.20999999999999996,0.30499999999999994,69.5,22.52,2022-12-02,1.0,expiry,21,-69.5,-79.0,-2.2786885245901645,-1.0,-17.38095238095238,False,False,False,False
0.35,0.05,,2022-11-18,2022-12-09,21,101.5,102.0,0.5,0.3519,0.3134,1.11,1.07,0.16000000000000014,0.08000000000000007,0.3200000000000003,33.999999999999986,23.12,2022-12-09,0.5,expiry,21,-33.999999999999986,-41.99999999999999,-2.1249999999999973,-1.0,-17.38095238095238,False,False,False,False
0.35,0.05,,2022-11-25,2022-12-16,21,104.5,105.5,1.0,0.3538,0.2931,1.305,1.27,0.30000000000000004,0.24,0.30000000000000004,70.0,20.5,2022-12-16,1.0,expiry,21,-70.0,-76.0,-2.333333333333333,-1.0,-17.38095238095238,False,False,False,False
0.35,0.05,,2022-12-02,2022-12-23,21,109.0,110.0,1.0,0.3306,0.2712,1.1,1.05,0.2600000000000001,0.18000000000000005,0.2600000000000001,73.99999999999999,19.06,2022-12-19,0.039999999999999994,early,17,22.000000000000014,14.000000000000007,0.8461538461538464,0.29729729729729754,6.383147853736094,True,False,False,False
0.35,0.05,,2022-12-09,2022-12-30,21,109.0,110.0,1.0,0.3424,0.2828,1.225,1.2,0.28500000000000014,0.24,0.28500000000000014,71.49999999999999,22.83,2022-12-20,0.039999999999999994,early,11,24.500000000000018,20.0,0.8596491228070178,0.342657342657343,11.369993642720926,True,False,False,False
0.35,0.05,,2022-12-16,2023-01-06,21,110.0,111.0,1.0,0.334,0.2712,1.01,0.98,0.265,0.20999999999999996,0.265,73.5,22.62,2022-12-20,0.065,early,4,20.0,14.499999999999996,0.7547169811320755,0.272108843537415,24.82993197278912,True,False,False,False
0.35,0.05,,2022-12-23,2023-01-13,21,104.5,105.0,0.5,0.3486,0.3148,1.185,1.16,0.16000000000000014,0.10999999999999988,0.3200000000000003,33.999999999999986,20.87,2023-01-13,0.4999999999999998,expiry,21,-33.999999999999964,-38.99999999999999,-2.124999999999996,-0.9999999999999993,-17.38095238095237,False,False,False,False
0.35,0.05,,2022-12-30,2023-01-20,21,102.0,102.5,0.5,0.3462,0.3103,1.12,1.1,0.15500000000000014,0.1100000000000001,0.3100000000000003,34.499999999999986,21.67,2023-01-20,0.49999999999999956,expiry,21,-34.49999999999994,-38.99999999999994,-2.2258064516128977,-0.9999999999999988,-17.38095238095236,False,False,False,False
0.35,0.05,,2023-01-06,2023-01-27,21,107.5,108.0,0.5,0.3446,0.3093,1.145,1.1,0.16500000000000004,0.09000000000000008,0.33000000000000007,33.5,21.13,2023-01-27,0.0,early,21,16.500000000000004,9.000000000000007,1.0,0.4925373134328359,8.560767590618338,True,False,False,False
0.35,0.05,,2023-01-13,2023-02-03,21,108.5,109.5,1.0,0.3556,0.2867,1.185,1.14,0.31000000000000005,0.22999999999999987,0.31000000000000005,69.0,18.35,2023-02-03,0.0,early,21,31.000000000000007,22.999999999999986,1.0,0.4492753623188407,7.808833678398897,True,False,False,False
0.35,0.05,,2023-01-20,2023-02-10,21,108.5,109.0,0.5,0.3359,0.3005,1.09,1.06,0.15500000000000003,0.10000000000000009,0.31000000000000005,34.5,19.85,2023-02-06,0.04000000000000001,early,17,11.500000000000002,6.000000000000008,0.7419354838709676,0.33333333333333337,7.15686274509804,True,False,False,False
0.35,0.05,,2023-01-27,2023-02-17,21,108.5,109.5,1.0,0.3628,0.2825,1.105,1.08,0.30999999999999994,0.27,0.30999999999999994,69.0,18.51,2023-02-09,0.06,early,13,24.999999999999993,21.000000000000004,0.8064516129032258,0.36231884057971003,10.172798216276474,True,False,False,False
0.35,0.05,,2023-02-03,2023-02-24,21,108.5,109.5,1.0,0.3701,0.2866,1.015,0.99,0.30999999999999994,0.26,0.30999999999999994,69.0,18.33,2023-02-10,0.039999999999999994,early,7,26.999999999999996,22.000000000000004,0.870967741935484,0.3913043478260869,20.403726708074533,True,False,False,False
0.35,0.05,,2023-02-10,2023-03-03,21,105.0,105.5,0.5,0.3408,0.2973,0.945,0.92,0.16999999999999993,0.12,0.33999999999999986,33.00000000000001,20.53,2023-02-21,0.03,early,11,13.999999999999993,9.0,0.8235294117647058,0.4242424242424239,14.077134986225884,True,False,False,False
0.35,0.05,,2023-02-17,2023-03-10,21,104.0,104.5,0.5,0.3355,0.2913,0.915,0.9,0.15500000000000003,0.12,0.31000000000000005,34.5,20.02,2023-03-02,0.03,early,13,12.500000000000004,9.0,0.8064516129032259,0.36231884057971026,10.17279821627648,True,False,False,False
0.35,0.05,,2023-02-24,2023-03-17,21,103.0,103.5,0.5,0.3397,0.2998,0.99,0.97,0.16000000000000003,0.12,0.32000000000000006,34.0,21.67,2023-03-17,0.5000000000000004,expiry,21,-34.00000000000004,-38.00000000000004,-2.125000000000002,-1.0000000000000013,-17.380952380952404,False,False,False,False
0.35,0.05,,2023-03-03,2023-03-24,21,104.0,104.5,0.5,0.3385,0.2999,1.045,1.02,0.16499999999999992,0.12,0.32999999999999985,33.50000000000001,18.49,2023-03-24,0.5,expiry,21,-33.50000000000001,-38.0,-2.0303030303030316,-1.0,-17.38095238095238,False,False,False,False
0.35,0.05,,2023-03-10,2023-03-31,21,108.0,108.5,0.5,0.3468,0.3146,1.22,1.18,0.1499999999999999,0.07999999999999985,0.2999999999999998,35.00000000000001,24.8,2023-03-27,0.02500000000000001,early,17,12.499999999999991,5.499999999999984,0.8333333333333333,0.3571428571428568,7.6680672268907495,True,False,False,False
0.35,0.05,,2023-03-17,2023-04-06,20,110.0,111.0,1.0,0.3527,0.3009,1.425,1.38,0.28500000000000014,0.18999999999999995,0.28500000000000014,71.49999999999999,25.51,2023-03-27,0.039999999999999994,early,10,24.500000000000018,14.999999999999996,0.8596491228070178,0.342657342657343,12.506993006993019,True,False,False,False
0.35,0.05,,2023-03-24,2023-04-14,21,109.0,110.0,1.0,0.3677,0.3129,1.49,1.45,0.2649999999999999,0.19999999999999996,0.2649999999999999,73.50000000000001,21.74,2023-04-12,0.039999999999999994,early,19,22.499999999999993,15.999999999999998,0.8490566037735849,0.3061224489795917,5.880773361976367,True,False,False,False
0.35,0.05,,2023-03-31,2023-04-21,21,108.5,109.0,0.5,0.333,0.2998,1.035,1.01,0.1299999999999999,0.08999999999999997,0.2599999999999998,37.000000000000014,18.7,2023-04-14,0.010000000000000002,early,14,11.99999999999999,7.9999999999999964,0.923076923076923,0.3243243243243239,8.455598455598444,True,False,False,False
0.35,0.05,,2023-04-14,2023-05-05,21,106.5,107.5,1.0,0.3714,0.286,1.035,1.01,0.30499999999999994,0.26,0.30499999999999994,69.5,17.07,2023-05-01,0.05,early,17,25.499999999999996,21.000000000000004,0.8360655737704918,0.3669064748201438,7.877697841726617,True,False,False,False
0.35,0.05,,2023-04-21,2023-05-12,21,106.0,106.5,0.5,0.353,0.3096,0.925,0.91,0.15500000000000003,0.12,0.31000000000000005,34.5,16.77,2023-05-08,0.039999999999999994,early,17,11.500000000000004,8.0,0.7419354838709677,0.3333333333333334,7.156862745098041,True,False,False,False
0.35,0.05,,2023-04-28,2023-05-19,21,108.0,109.0,1.0,0.3691,0.285,1.04,1.03,0.31000000000000005,0.29000000000000004,0.31000000000000005,69.0,15.78,2023-05-08,0.06000000000000001,early,10,25.000000000000007,23.000000000000004,0.8064516129032259,0.36231884057971026,13.224637681159425,True,False,False,False
0.35,0.05,,2023-05-05,2023-05-26,21,107.0,107.5,0.5,0.333,0.2925,0.91,0.89,0.15000000000000002,0.10999999999999999,0.30000000000000004,35.0,17.19,2023-05-15,0.04000000000000001,early,10,11.000000000000002,6.999999999999998,0.7333333333333334,0.31428571428571433,11.471428571428573,True,False,False,False
0.35,0.05,,2023-05-12,2023-06-02,21,106.0,106.5,0.5,0.3582,0.3154,0.985,0.97,0.17499999999999993,0.14,0.34999999999999987,32.50000000000001,17.03,2023-05-18,0.05000000000000002,early,6,12.499999999999991,9.0,0.7142857142857141,0.38461538461538425,23.397435897435873,True,False,False,False
0.35,0.05,,2023-05-19,2023-06-09,21,103.0,103.5,0.5,0.3326,0.2932,0.885,0.87,0.14500000000000002,0.10999999999999999,0.29000000000000004,35.5,16.81,2023-06-07,0.019999999999999997,early,19,12.500000000000004,9.0,0.8620689655172415,0.3521126760563381,6.764269829503338,True,False,False,False
0.35,0.05,,2023-05-26,2023-06-16,21,102.5,103.5,1.0,0.3613,0.2866,1.11,1.1,0.31000000000000005,0.29000000000000004,0.31000000000000005,69.0,17.95,2023-06-16,0.18,expiry,21,13.000000000000005,11.000000000000004,0.4193548387096775,0.18840579710144936,3.2746721877156673,True,False,False,False
0.35,0.05,,2023-06-02,2023-06-23,21,103.5,104.0,0.5,0.3751,0.3225,0.875,0.87,0.16500000000000004,0.14,0.33000000000000007,33.5,14.6,2023-06-22,0.03,early,20,13.500000000000004,11.000000000000002,0.8181818181818182,0.4029850746268658,7.354477611940301,True,False,False,False
0.35,0.05,,2023-06-16,2023-07-07,21,104.0,104.5,0.5,0.3471,0.2949,0.76,0.75,0.16500000000000004,0.15000000000000002,0.33000000000000007,33.5,13.54,2023-06-29,0.039999999999999994,early,13,12.500000000000005,11.000000000000004,0.7575757575757578,0.3731343283582091,10.476463834672794,True,False,False,False
0.35,0.05,,2023-06-23,2023-07-14,21,104.5,105.0,0.5,0.3683,0.3159,0.845,0.82,0.15999999999999992,0.12,0.31999999999999984,34.00000000000001,13.44,2023-07-05,0.01999999999999999,early,12,13.999999999999993,10.0,0.8749999999999999,0.41176470588235264,12.52450980392156,True,False,False,False
0.35,0.05,,2023-06-30,2023-07-21,21,104.0,104.5,0.5,0.3707,0.3108,0.775,0.76,0.16500000000000004,0.14,0.33000000000000007,33.5,13.59,2023-07-06,0.03999999999999998,early,6,12.500000000000005,10.000000000000004,0.7575757575757578,0.3731343283582091,22.699004975124385,True,False,False,False
0.35,0.05,,2023-07-07,2023-07-28,21,101.0,101.5,0.5,0.3313,0.2858,0.775,0.76,0.15000000000000002,0.12,0.30000000000000004,35.0,14.83,2023-07-27,0.025,early,20,12.500000000000004,9.5,0.8333333333333335,0.35714285714285726,6.517857142857144,True,False,False,False
0.35,0.05,,2023-07-14,2023-08-04,21,102.5,103.0,0.5,0.3677,0.3113,0.82,0.8,0.16499999999999992,0.13,0.32999999999999985,33.50000000000001,13.34,2023-07-27,0.019999999999999997,early,13,14.499999999999993,11.000000000000002,0.8787878787878788,0.4328358208955221,12.152698048220428,True,False,False,False
0.35,0.05,,2023-07-21,2023-08-11,21,103.0,103.5,0.5,0.3438,0.2842,0.69,0.67,0.15999999999999992,0.12,0.31999999999999984,34.00000000000001,13.6,2023-07-27,0.03500000000000002,early,6,12.499999999999991,8.499999999999998,0.7812499999999998,0.36764705882352905,22.36519607843135,True,False,False,False
0.35,0.05,,2023-07-28,2023-08-18,21,101.0,101.5,0.5,0.3337,0.2725,0.665,0.65,0.17000000000000004,0.15000000000000002,0.3400000000000001,32.99999999999999,13.33,2023-08-02,0.05000000000000002,early,5,12.000000000000002,10.0,0.7058823529411764,0.36363636363636376,26.545454545454554,True,False,False,False
0.35,0.05,,2023-08-04,2023-08-25,21,98.5,99.0,0.5,0.3467,0.2987,0.885,0.86,0.16500000000000004,0.10999999999999999,0.33000000000000007,33.5,17.1,2023-08-14,0.045,early,10,12.000000000000004,6.499999999999999,0.7272727272727273,0.3582089552238807,13.074626865671643,True,False,False,False
0.35,0.05,,2023-08-11,2023-09-01,21,97.0,97.5,0.5,0.3481,0.2969,0.87,0.85,0.17000000000000004,0.13,0.3400000000000001,32.99999999999999,14.84,2023-08-21,0.030000000000000013,early,10,14.000000000000002,10.0,0.8235294117647058,0.42424242424242437,15.48484848484849,True,False,False,False
0.35,0.05,,2023-08-18,2023-09-08,21,95.5,96.0,0.5,0.3328,0.2857,0.825,0.81,0.16999999999999993,0.13,0.33999999999999986,33.00000000000001,17.3,2023-09-05,0.030000000000000006,early,18,13.999999999999993,10.0,0.8235294117647058,0.4242424242424239,8.602693602693597,True,False,False,False
0.35,0.05,,2023-08-25,2023-09-15,21,96.5,97.0,0.5,0.3485,0.297,0.82,0.81,0.15999999999999992,0.14,0.31999999999999984,34.00000000000001,15.68,2023-09-06,0.039999999999999994,early,12,11.999999999999993,10.000000000000002,0.7499999999999999,0.3529411764705879,10.735294117647049,True,False,False,False
0.35,0.05,,2023-09-01,2023-09-22,21,96.5,97.0,0.5,0.356,0.3039,0.83,0.81,0.16499999999999992,0.13,0.32999999999999985,33.50000000000001,13.09,2023-09-14,0.020000000000000004,early,13,14.499999999999991,11.0,0.8787878787878787,0.432835820895522,12.152698048220428,True,False,False,False
0.35,0.05,,2023-09-08,2023-09-29,21,96.0,97.0,1.0,0.3533,0.2526,0.745,0.73,0.275,0.25,0.275,72.5,13.84,2023-09-15,0.08,early,7,19.5,17.0,0.709090909090909,0.2689655172413793,14.02463054187192,True,False,False,False
0.35,0.05,,2023-09-29,2023-10-20,21,90.0,90.5,0.5,0.3652,0.3148,0.97,0.96,0.18499999999999994,0.15999999999999992,0.3699999999999999,31.500000000000007,17.52,2023-10-05,0.04999999999999999,early,6,13.499999999999995,10.999999999999993,0.7297297297297297,0.4285714285714283,26.071428571428555,True,False,False,False
0.35,0.05,,2023-10-06,2023-10-27,21,87.0,87.5,0.5,0.342,0.2968,0.96,0.94,0.15999999999999992,0.12,0.31999999999999984,34.00000000000001,17.45,2023-10-19,0.030000000000000013,early,13,12.99999999999999,8.999999999999998,0.8124999999999997,0.3823529411764702,10.735294117647047,True,False,False,False
0.35,0.05,,2023-10-13,2023-11-03,21,89.5,90.0,0.5,0.3437,0.3035,1.045,1.02,0.17499999999999993,0.14,0.34999999999999987,32.50000000000001,19.32,2023-10-18,0.04000000000000001,early,5,13.499999999999993,10.0,0.7714285714285714,0.4153846153846151,30.3230769230769,True,False,False,False
0.35,0.05,,2023-10-20,2023-11-10,21,85.0,85.5,0.5,0.3479,0.3079,1.045,1.04,0.16999999999999993,0.16000000000000003,0.33999999999999986,33.00000000000001,21.71,2023-11-10,0.5,expiry,21,-33.00000000000001,-34.0,-1.9411764705882366,-1.0,-17.38095238095238,False,False,False,False
0.35,0.05,,2023-10-27,2023-11-17,21,86.0,87.0,1.0,0.3596,0.2855,1.115,1.1,0.30499999999999994,0.28000000000000014,0.30499999999999994,69.5,21.27,2023-11-17,1.0,expiry,21,-69.5,-71.99999999999999,-2.2786885245901645,-1.0,-17.38095238095238,False,False,False,False
0.35,0.05,,2023-11-03,2023-11-24,21,89.5,90.0,0.5,0.3627,0.3196,0.965,0.95,0.15999999999999992,0.13,0.31999999999999984,34.00000000000001,14.91,2023-11-24,0.36,expiry,21,-20.000000000000007,-23.0,-1.250000000000001,-0.5882352941176472,-10.224089635854344,False,False,False,False
0.35,0.05,,2023-11-10,2023-12-01,21,89.5,90.5,1.0,0.3723,0.2817,0.965,0.95,0.31999999999999995,0.2899999999999999,0.31999999999999995,68.0,14.17,2023-12-01,1.0,expiry,21,-68.0,-71.00000000000001,-2.1250000000000004,-1.0,-17.38095238095238,False,False,False,False
0.35,0.05,,2023-11-17,2023-12-08,21,91.5,92.0,0.5,0.3405,0.2925,0.82,0.81,0.15499999999999992,0.14,0.30999999999999983,34.50000000000001,13.8,2023-12-08,0.5,expiry,21,-34.50000000000001,-36.0,-2.225806451612905,-1.0,-17.38095238095238,False,False,False,False
0.35,0.05,,2023-11-24,2023-12-15,21,91.0,91.5,0.5,0.3615,0.3105,0.88,0.87,0.16000000000000003,0.14,0.32000000000000006,34.0,12.46,2023-12-15,0.5,expiry,21,-34.0,-36.0,-2.1249999999999996,-1.0,-17.38095238095238,False,False,False,False
0.35,0.05,,2023-12-08,2023-12-29,21,96.0,97.0,1.0,0.3592,0.2746,0.94,0.93,0.2799999999999999,0.26,0.2799999999999999,72.00000000000001,12.35,2023-12-29,1.0,expiry,21,-72.00000000000001,-74.0,-2.5714285714285725,-1.0,-17.38095238095238,False,False,False,False
0.35,0.05,,2023-12-15,2024-01-05,21,101.0,102.0,1.0,0.3629,0.2775,0.945,0.94,0.2849999999999999,0.2699999999999999,0.2849999999999999,71.50000000000001,12.28,2024-01-02,0.05,early,18,23.499999999999993,21.999999999999993,0.8245614035087719,0.32867132867132853,6.664724164724162,True,False,False,False
0.35,0.05,,2023-12-22,2024-01-12,21,100.0,101.0,1.0,0.3818,0.2856,0.95,0.93,0.31499999999999995,0.28,0.31499999999999995,68.5,13.03,2024-01-04,0.09,early,13,22.499999999999996,19.000000000000004,0.7142857142857143,0.32846715328467146,9.222346996069621,True,False,False,False
0.35,0.05,,2024-01-05,2024-01-26,21,98.0,98.5,0.5,0.3576,0.31,0.87,0.86,0.16000000000000003,0.14,0.32000000000000006,34.0,13.35,2024-01-16,0.04000000000000001,early,11,12.000000000000002,10.0,0.75,0.3529411764705883,11.711229946524066,True,False,False,False
0.35,0.05,,2024-01-12,2024-02-02,21,98.0,98.5,0.5,0.3304,0.2804,0.71,0.7,0.14500000000000002,0.13,0.29000000000000004,35.5,12.7,2024-01-18,0.03,early,6,11.500000000000002,10.0,0.7931034482758621,0.32394366197183105,19.706572769953056,True,False,False,False
0.35,0.05,,2024-01-19,2024-02-09,21,95.5,96.0,0.5,0.3283,0.2734,0.72,0.71,0.15500000000000003,0.14,0.31000000000000005,34.5,13.3,2024-02-08,0.020000000000000004,early,20,13.5,12.000000000000002,0.8709677419354837,0.391304347826087,7.141304347826088,True,False,False,False
0.35,0.05,,2024-01-26,2024-02-16,21,95.0,95.5,0.5,0.3669,0.3118,0.81,0.8,0.17000000000000004,0.15000000000000002,0.3400000000000001,32.99999999999999,13.26,2024-02-13,0.010000000000000002,early,18,16.000000000000004,14.000000000000002,0.9411764705882353,0.4848484848484851,9.831649831649836,True,False,False,False
0.35,0.05,,2024-02-02,2024-02-23,21,98.0,98.5,0.5,0.3348,0.2866,0.76,0.75,0.14500000000000002,0.13,0.29000000000000004,35.5,13.85,2024-02-08,0.03,early,6,11.500000000000002,10.0,0.7931034482758621,0.32394366197183105,19.706572769953056,True,False,False,False
0.35,0.05,,2024-02-09,2024-03-01,21,95.0,95.5,0.5,0.3775,0.3206,0.815,0.8,0.17499999999999993,0.15000000000000002,0.34999999999999987,32.50000000000001,12.93,2024-02-21,0.025,early,12,14.999999999999995,12.500000000000004,0.8571428571428572,0.4615384615384613,14.038461538461531,True,False,False,False
0.35,0.05,,2024-02-16,2024-03-08,21,94.0,94.5,0.5,0.34,0.2797,0.66,0.65,0.16000000000000003,0.14,0.32000000000000006,34.0,14.24,2024-03-08,0.5,expiry,21,-34.0,-36.0,-2.1249999999999996,-1.0,-17.38095238095238,False,False,False,False
0.35,0.05,,2024-02-23,2024-03-15,21,95.0,95.5,0.5,0.3562,0.297,0.715,0.71,0.16499999999999992,0.1499999999999999,0.32999999999999985,33.50000000000001,13.75,2024-03-15,0.0,early,21,16.499999999999993,14.999999999999991,1.0,0.4925373134328355,8.560767590618331,True,False,False,False
0.35,0.05,,2024-03-01,2024-03-22,21,96.0,96.5,0.5,0.3533,0.2983,0.71,0.7,0.1499999999999999,0.13,0.2999999999999998,35.00000000000001,13.11,2024-03-14,0.019999999999999997,early,13,12.999999999999993,11.000000000000002,0.8666666666666667,0.37142857142857116,10.42857142857142,True,False,False,False
0.35,0.05,,2024-03-08,2024-03-28,20,97.0,98.0,1.0,0.3715,0.2495,0.75,0.74,0.305,0.29,0.305,69.5,14.74,2024-03-14,0.04,early,6,26.5,24.999999999999996,0.8688524590163934,0.381294964028777,23.19544364508393,True,False,False,False
0.35,0.05,,2024-03-15,2024-04-05,21,94.0,94.5,0.5,0.3788,0.3148,0.77,0.76,0.18000000000000005,0.16000000000000003,0.3600000000000001,31.999999999999996,14.41,2024-04-02,0.03,early,18,15.000000000000005,13.000000000000004,0.8333333333333335,0.4687500000000002,9.505208333333337,True,False,False,False
0.35,0.05,,2024-03-22,2024-04-12,21,95.0,95.5,0.5,0.35,0.2896,0.685,0.68,0.15500000000000003,0.14,0.31000000000000005,34.5,13.06,2024-04-02,0.04000000000000001,early,11,11.500000000000002,10.0,0.7419354838709676,0.33333333333333337,11.060606060606062,True,False,False,False
0.35,0.05,,2024-04-05,2024-04-26,21,93.0,93.5,0.5,0.3549,0.2933,0.66,0.65,0.15500000000000003,0.14,0.31000000000000005,34.5,16.03,2024-04-11,0.045,early,6,11.000000000000004,9.500000000000002,0.7096774193548387,0.318840579710145,19.39613526570049,True,False,False,False
0.35,0.05,,2024-04-12,2024-05-03,21,92.0,92.5,0.5,0.3348,0.2818,0.725,0.72,0.15500000000000003,0.14,0.31000000000000005,34.5,17.31,2024-04-16,0.04000000000000001,early,4,11.500000000000002,10.0,0.7419354838709676,0.33333333333333337,30.41666666666667,True,False,False,False
0.35,0.05,,2024-04-19,2024-05-10,21,90.5,91.0,0.5,0.3276,0.2726,0.66,0.65,0.15000000000000002,0.13,0.30000000000000004,35.0,18.71,2024-05-10,0.009999999999999998,early,21,14.000000000000002,12.000000000000002,0.9333333333333333,0.4000000000000001,6.952380952380953,True,False,False,False
0.35,0.05,,2024-04-26,2024-05-17,21,89.5,90.0,0.5,0.3425,0.2865,0.72,0.71,0.15999999999999992,0.14,0.31999999999999984,34.00000000000001,15.03,2024-05-17,0.5,expiry,21,-34.00000000000001,-36.0,-2.1250000000000013,-1.0,-17.38095238095238,False,False,False,False
0.35,0.05,,2024-05-03,2024-05-24,21,91.0,91.5,0.5,0.3789,0.3111,0.7,0.69,0.17499999999999993,0.15999999999999992,0.34999999999999987,32.50000000000001,13.49,2024-05-24,0.38999999999999996,expiry,21,-21.500000000000004,-23.000000000000004,-1.2285714285714293,-0.6615384615384615,-11.498168498168498,False,False,False,False
0.35,0.05,,2024-05-31,2024-06-21,21,91.5,92.0,0.5,0.3389,0.2763,0.615,0.61,0.14999999999999997,0.14,0.29999999999999993,35.0,12.92,2024-06-21,0.5,expiry,21,-35.0,-36.0,-2.333333333333334,-1.0,-17.38095238095238,False,False,False,False
0.35,0.05,,2024-06-14,2024-07-05,21,96.0,96.5,0.5,0.3522,0.306,0.81,0.8,0.14,0.12,0.28,36.0,12.66,2024-06-26,0.03,early,12,11.000000000000002,9.0,0.7857142857142857,0.3055555555555556,9.293981481481483,True,False,False,False
0.35,0.05,,2024-06-21,2024-07-12,21,95.0,95.5,0.5,0.3662,0.3151,0.78,0.77,0.15500000000000003,0.14,0.31000000000000005,34.5,13.2,2024-07-01,0.010000000000000002,early,10,14.500000000000002,13.0,0.9354838709677419,0.4202898550724638,15.340579710144928,True,False,False,False
0.35,0.05,,2024-06-28,2024-07-19,21,93.5,94.0,0.5,0.3426,0.2893,0.73,0.72,0.15500000000000003,0.14,0.31000000000000005,34.5,12.44,2024-07-19,0.0,early,21,15.500000000000004,14.000000000000002,1.0,0.4492753623188407,7.808833678398897,True,False,False,False
0.35,0.05,,2024-07-05,2024-07-26,21,94.0,94.5,0.5,0.3433,0.2813,0.66,0.65,0.15500000000000003,0.14,0.31000000000000005,34.5,12.48,2024-07-23,0.04,early,18,11.500000000000002,10.0,0.7419354838709676,0.33333333333333337,6.75925925925926,True,False,False,False
0.35,0.05,,2024-07-12,2024-08-02,21,95.0,95.5,0.5,0.3536,0.2896,0.645,0.64,0.15500000000000003,0.14,0.31000000000000005,34.5,12.46,2024-07-24,0.03,early,12,12.500000000000004,11.000000000000002,0.8064516129032259,0.36231884057971026,11.020531400966187,True,False,False,False
0.35,0.05,,2024-07-19,2024-08-09,21,94.0,94.5,0.5,0.3617,0.2972,0.75,0.74,0.17000000000000004,0.15000000000000002,0.3400000000000001,32.99999999999999,16.52,2024-08-09,0.5,expiry,21,-32.99999999999999,-35.0,-1.9411764705882344,-1.0,-17.38095238095238,False,False,False,False
0.35,0.05,,2024-08-02,2024-08-23,21,100.0,101.0,1.0,0.3823,0.3074,1.07,1.06,0.27,0.25,0.27,73.0,23.39,2024-08-08,0.06000000000000001,early,6,21.000000000000004,19.0,0.7777777777777779,0.28767123287671237,17.500000000000004,True,False,False,False
0.35,0.05,,2024-08-09,2024-08-30,21,98.0,98.5,0.5,0.3353,0.2894,0.74,0.73,0.135,0.12,0.27,36.5,20.37,2024-08-30,0.0,early,21,13.5,12.0,1.0,0.3698630136986301,6.428571428571429,True,False,False,False
0.35,0.05,,2024-08-16,2024-09-06,21,98.5,99.0,0.5,0.3674,0.3103,0.78,0.77,0.15500000000000003,0.14,0.31000000000000005,34.5,14.8,2024-09-06,0.5,expiry,21,-34.5,-36.0,-2.2258064516129026,-1.0,-17.38095238095238,False,False,False,False
0.35,0.05,,2024-08-23,2024-09-13,21,99.5,100.0,0.5,0.3675,0.3149,0.84,0.83,0.15999999999999992,0.14,0.31999999999999984,34.00000000000001,15.86,2024-09-13,0.5,expiry,21,-34.00000000000001,-36.0,-2.1250000000000013,-1.0,-17.38095238095238,False,False,False,False
0.35,0.05,,2024-08-30,2024-09-20,21,98.0,98.5,0.5,0.3557,0.3029,0.82,0.81,0.15999999999999992,0.14,0.31999999999999984,34.00000000000001,15.0,2024-09-20,0.5000000000000001,expiry,21,-34.00000000000002,-36.00000000000001,-2.125000000000002,-1.0000000000000004,-17.38095238095239,False,False,False,False
0.35,0.05,,2024-09-06,2024-09-27,21,101.0,102.0,1.0,0.3765,0.2832,0.91,0.9,0.29500000000000004,0.28,0.29500000000000004,70.5,22.38,2024-09-20,0.05,early,14,24.500000000000004,23.000000000000004,0.8305084745762712,0.34751773049645396,9.060283687943263,True,False,False,False
0.35,0.05,,2024-09-20,2024-10-11,21,100.0,100.5,0.5,0.3786,0.3178,0.78,0.77,0.17000000000000004,0.15000000000000002,0.3400000000000001,32.99999999999999,16.15,2024-10-03,0.03,early,13,14.000000000000004,12.000000000000002,0.823529411764706,0.4242424242424244,11.911421911421915,True,False,False,False
0.35,0.05,,2024-09-27,2024-10-18,21,99.5,100.0,0.5,0.3653,0.3057,0.725,0.72,0.16999999999999993,0.15999999999999992,0.33999999999999986,33.00000000000001,16.96,2024-10-04,0.020000000000000004,early,7,14.999999999999991,13.99999999999999,0.8823529411764705,0.4545454545454542,23.701298701298686,True,False,False,False
0.35,0.05,,2024-10-04,2024-10-25,21,97.0,97.5,0.5,0.3467,0.2882,0.65,0.64,0.15000000000000002,0.13,0.30000000000000004,35.0,19.21,2024-10-11,0.03,early,7,12.000000000000002,10.0,0.8,0.3428571428571429,17.877551020408166,True,False,False,False
0.35,0.05,,2024-10-11,2024-11-01,21,95.0,95.5,0.5,0.3514,0.2957,0.765,0.76,0.17000000000000004,0.16000000000000003,0.3400000000000001,32.99999999999999,20.46,2024-10-22,0.05,early,11,12.000000000000004,11.000000000000004,0.7058823529411765,0.3636363636363638,12.066115702479346,True,False,False,False
0.35,0.05,,2024-10-18,2024-11-08,21,95.5,96.0,0.5,0.3559,0.3088,0.98,0.97,0.17499999999999993,0.15999999999999992,0.34999999999999987,32.50000000000001,18.03,2024-11-01,0.05,early,14,12.499999999999993,10.999999999999991,0.7142857142857142,0.3846153846153843,10.02747252747252,True,False,False,False
0.35,0.05,,2024-10-25,2024-11-15,21,94.0,94.5,0.5,0.3355,0.295,0.995,0.99,0.16500000000000004,0.15000000000000002,0.33000000000000007,33.5,20.33,2024-11-06,0.03,early,12,13.500000000000004,12.000000000000002,0.8181818181818182,0.4029850746268658,12.257462686567168,True,False,False,False
0.35,0.05,,2024-11-01,2024-11-22,21,93.0,94.0,1.0,0.3571,0.2844,1.17,1.16,0.30999999999999994,0.2899999999999999,0.30999999999999994,69.0,21.88,2024-11-13,0.030000000000000006,early,12,27.999999999999993,25.99999999999999,0.9032258064516129,0.4057971014492753,12.342995169082123,True,False,False,False
0.35,0.05,,2024-11-08,2024-11-29,21,93.5,94.0,0.5,0.373,0.3127,0.79,0.78,0.16500000000000004,0.15000000000000002,0.33000000000000007,33.5,14.94,2024-11-13,0.030000000000000013,early,5,13.5,12.000000000000002,0.818181818181818,0.40298507462686567,29.417910447761194,True,False,False,False
0.35,0.05,,2024-11-15,2024-12-06,21,91.5,92.0,0.5,0.3388,0.2845,0.705,0.7,0.1499999999999999,0.1399999999999999,0.2999999999999998,35.00000000000001,16.14,2024-12-06,0.5,expiry,21,-35.00000000000001,-36.00000000000001,-2.3333333333333353,-1.0,-17.38095238095238,False,False,False,False
0.35,0.05,,2024-11-22,2024-12-13,21,91.5,92.0,0.5,0.3588,0.2978,0.715,0.71,0.16999999999999993,0.15999999999999992,0.33999999999999986,33.00000000000001,15.24,2024-12-13,0.0,early,21,16.999999999999993,15.999999999999993,1.0,0.5151515151515148,8.953823953823948,True,False,False,False
0.35,0.05,,2024-11-29,2024-12-20,21,95.0,95.5,0.5,0.3283,0.2729,0.655,0.65,0.14,0.13,0.28,36.0,13.51,2024-12-11,0.019999999999999997,early,12,12.000000000000002,11.000000000000002,0.8571428571428572,0.33333333333333337,10.138888888888891,True,False,False,False
0.35,0.05,,2024-12-13,2025-01-03,21,91.0,91.5,0.5,0.3656,0.2965,0.635,0.63,0.15000000000000002,0.14,0.30000000000000004,35.0,13.81,2024-12-20,0.039999999999999994,early,7,11.000000000000004,10.000000000000002,0.7333333333333335,0.3142857142857144,16.38775510204082,True,False,False,False
0.35,0.05,,2024-12-27,2025-01-17,21,88.5,89.0,0.5,0.3683,0.3126,0.825,0.82,0.16999999999999993,0.15999999999999992,0.33999999999999986,33.00000000000001,15.95,2025-01-07,0.05,early,11,11.999999999999993,10.999999999999991,0.7058823529411763,0.36363636363636337,12.06611570247933,True,False,False,False
0.35,0.05,,2025-01-03,2025-01-24,21,88.5,89.0,0.5,0.3578,0.2939,0.695,0.69,0.15999999999999992,0.1499999999999999,0.31999999999999984,34.00000000000001,16.13,2025-01-10,0.044999999999999984,early,7,11.499999999999993,10.499999999999993,0.7187499999999999,0.3382352941176468,17.636554621848727,True,False,False,False
0.35,0.05,,2025-01-24,2025-02-14,21,88.0,88.5,0.5,0.3693,0.3049,0.725,0.72,0.16999999999999993,0.15999999999999992,0.33999999999999986,33.00000000000001,14.85,2025-02-14,0.4999999999999999,expiry,21,-32.99999999999999,-34.0,-1.9411764705882357,-0.9999999999999996,-17.380952380952372,False,False,False,False
0.35,0.05,,2025-01-31,2025-02-21,21,88.5,89.0,0.5,0.3519,0.2921,0.68,0.67,0.15500000000000003,0.14,0.31000000000000005,34.5,16.43,2025-02-21,0.5,expiry,21,-34.5,-36.0,-2.2258064516129026,-1.0,-17.38095238095238,False,False,False,False
0.35,0.05,,2025-02-21,2025-03-14,21,90.5,91.0,0.5,0.381,0.3151,0.765,0.76,0.16000000000000003,0.15000000000000002,0.32000000000000006,34.0,18.21,2025-03-14,0.009999999999999998,early,21,15.000000000000002,14.000000000000002,0.9374999999999999,0.44117647058823534,7.668067226890757,True,False,False,False
0.35,0.05,,2025-02-28,2025-03-21,21,93.5,94.0,0.5,0.3318,0.2843,0.76,0.75,0.135,0.12,0.27,36.5,19.63,2025-03-07,0.039999999999999994,early,7,9.500000000000002,8.0,0.7037037037037038,0.26027397260273977,13.571428571428573,True,False,False,False
0.35,0.05,,2025-03-07,2025-03-28,21,91.5,92.0,0.5,0.352,0.2968,0.735,0.73,0.15000000000000002,0.14,0.30000000000000004,35.0,23.37,2025-03-24,0.020000000000000004,early,17,13.0,12.000000000000002,0.8666666666666666,0.37142857142857144,7.9747899159663875,True,False,False,False
0.35,0.05,,2025-03-14,2025-04-04,21,91.5,92.0,0.5,0.3424,0.2896,0.735,0.73,0.15500000000000003,0.14,0.31000000000000005,34.5,21.77,2025-03-27,0.03,early,13,12.500000000000004,11.000000000000002,0.8064516129032259,0.36231884057971026,10.17279821627648,True,False,False,False
0.35,0.05,,2025-03-21,2025-04-11,21,92.0,92.5,0.5,0.3274,0.2737,0.645,0.64,0.13,0.12,0.26,37.0,19.28,2025-04-09,0.009999999999999995,early,19,12.000000000000002,11.0,0.9230769230769232,0.3243243243243244,6.230440967283074,True,False,False,False
0.35,0.05,,2025-03-28,2025-04-17,20,91.5,92.0,0.5,0.3372,0.2848,0.685,0.68,0.14,0.13,0.28,36.0,21.65,2025-04-10,0.034999999999999976,early,13,10.500000000000004,9.500000000000004,0.7500000000000001,0.29166666666666674,8.189102564102566,True,False,False,False
0.35,0.05,,2025-04-04,2025-04-25,21,95.0,95.5,0.5,0.3385,0.3,0.905,0.89,0.11499999999999999,0.08999999999999997,0.22999999999999998,38.5,45.31,2025-04-09,0.020000000000000018,early,5,9.499999999999996,6.999999999999995,0.8260869565217388,0.24675324675324667,18.012987012987004,True,False,False,False
0.35,0.05,,2025-04-11,2025-04-30,19,89.0,90.0,1.0,0.3504,0.2805,1.155,1.14,0.30000000000000004,0.2699999999999999,0.30000000000000004,70.0,37.56,2025-04-30,0.72,expiry,19,-41.99999999999999,-45.00000000000001,-1.3999999999999997,-0.5999999999999999,-11.526315789473681,False,False,False,False
0.35,0.05,,2025-04-25,2025-05-16,21,90.0,90.5,0.5,0.3598,0.3086,0.88,0.87,0.16500000000000004,0.14,0.33000000000000007,33.5,24.84,2025-05-08,0.020000000000000004,early,13,14.500000000000002,12.000000000000002,0.8787878787878787,0.4328358208955224,12.152698048220437,True,False,False,False
0.35,0.05,,2025-05-02,2025-05-23,21,89.5,90.0,0.5,0.3353,0.2845,0.765,0.76,0.15000000000000002,0.14,0.30000000000000004,35.0,22.68,2025-05-12,0.01999999999999999,early,10,13.000000000000004,12.000000000000002,0.8666666666666668,0.37142857142857155,13.55714285714286,True,False,False,False
0.35,0.05,,2025-05-09,2025-05-30,21,88.0,89.0,1.0,0.4045,0.2726,0.875,0.87,0.32999999999999996,0.31999999999999995,0.32999999999999996,67.0,21.9,2025-05-20,0.07,early,11,25.999999999999996,24.999999999999993,0.787878787878788,0.38805970149253727,12.876526458616011,True,False,False,False
0.35,0.05,,2025-05-16,2025-06-06,21,87.5,88.0,0.5,0.3618,0.3031,0.76,0.75,0.16000000000000003,0.14,0.32000000000000006,34.0,17.24,2025-05-23,0.04000000000000001,early,7,12.000000000000002,10.0,0.75,0.3529411764705883,18.403361344537817,True,False,False,False
0.35,0.05,,2025-05-23,2025-06-13,21,85.5,86.0,0.5,0.3791,0.3201,0.895,0.89,0.18000000000000005,0.17000000000000004,0.3600000000000001,31.999999999999996,22.29,2025-06-13,0.48,expiry,21,-29.999999999999993,-30.999999999999993,-1.6666666666666659,-0.9374999999999999,-16.294642857142854,False,False,False,False
0.35,0.05,,2025-05-30,2025-06-20,21,87.5,88.0,0.5,0.3422,0.2863,0.71,0.7,0.15499999999999992,0.1399999999999999,0.30999999999999983,34.50000000000001,18.57,2025-06-16,0.020000000000000004,early,17,13.49999999999999,11.99999999999999,0.8709677419354837,0.3913043478260866,8.401534526854212,True,False,False,False
0.35,0.05,,2025-06-06,2025-06-27,21,86.5,87.0,0.5,0.3741,0.3089,0.755,0.75,0.18000000000000005,0.17000000000000004,0.3600000000000001,31.999999999999996,16.77,2025-06-27,0.5,expiry,21,-31.999999999999996,-32.99999999999999,-1.7777777777777772,-1.0,-17.38095238095238,False,False,False,False
0.35,0.05,,2025-06-13,2025-07-03,20,87.5,88.0,0.5,0.3436,0.2892,0.7,0.69,0.15499999999999992,0.1399999999999999,0.30999999999999983,34.50000000000001,20.82,2025-07-03,0.0,early,20,15.499999999999991,13.99999999999999,1.0,0.44927536231884024,8.199275362318835,True,False,False,False
0.35,0.05,,2025-06-20,2025-07-11,21,87.5,88.0,0.5,0.359,0.2977,0.71,0.7,0.15499999999999992,0.1399999999999999,0.30999999999999983,34.50000000000001,20.62,2025-07-08,0.010000000000000002,early,18,14.499999999999991,12.99999999999999,0.9354838709677419,0.4202898550724634,8.522544283413842,True,False,False,False
0.35,0.05,,2025-06-27,2025-07-18,21,88.5,89.0,0.5,0.3394,0.278,0.625,0.62,0.15000000000000002,0.14,0.30000000000000004,35.0,16.32,2025-07-08,0.020000000000000004,early,11,13.0,12.000000000000002,0.8666666666666666,0.37142857142857144,12.324675324675326,True,False,False,False
0.35,0.05,,2025-08-01,2025-08-22,21,89.0,89.5,0.5,0.3692,0.3054,0.745,0.74,0.16500000000000004,0.15000000000000002,0.33000000000000007,33.5,20.38,2025-08-12,0.039999999999999994,early,11,12.500000000000005,11.000000000000004,0.7575757575757578,0.3731343283582091,12.381275440976937,True,False,False,False
0.35,0.05,,2025-08-08,2025-08-29,21,88.0,89.0,1.0,0.4096,0.2521,0.735,0.73,0.32999999999999996,0.32,0.32999999999999996,67.0,15.15,2025-08-25,0.07,early,17,25.999999999999996,25.0,0.787878787878788,0.38805970149253727,8.331870061457419,True,False,False,False
0.35,0.05,,2025-08-22,2025-09-12,21,88.0,88.5,0.5,0.3351,0.2679,0.535,0.53,0.14,0.13,0.28,36.0,14.22,2025-09-02,0.039999999999999994,early,11,10.000000000000002,9.000000000000002,0.7142857142857143,0.27777777777777785,9.21717171717172,True,False,False,False
0.35,0.05,,2025-09-12,2025-10-03,21,91.0,91.5,0.5,0.3456,0.2817,0.615,0.6,0.14500000000000002,0.12,0.29000000000000004,35.5,14.76,2025-09-22,0.03,early,10,11.500000000000002,9.0,0.7931034482758621,0.32394366197183105,11.823943661971834,True,False,False,False
0.35,0.05,,2025-09-19,2025-10-10,21,90.0,90.5,0.5,0.3476,0.28,0.575,0.57,0.13999999999999996,0.12999999999999995,0.2799999999999999,36.00000000000001,15.45,2025-10-06,0.03,early,17,10.999999999999996,9.999999999999995,0.7857142857142857,0.3055555555555554,6.560457516339866,True,False,False,False
0.35,0.05,,2025-09-26,2025-10-17,21,90.0,90.5,0.5,0.3443,0.2751,0.565,0.56,0.14499999999999996,0.13000000000000006,0.2899999999999999,35.50000000000001,15.29,2025-10-17,0.5050000000000001,expiry,21,-36.000000000000014,-37.50000000000001,-2.4827586206896566,-1.0140845070422537,-17.62575452716298,False,False,False,False
0.35,0.05,,2025-10-17,2025-11-07,21,92.0,92.5,0.5,0.3613,0.2931,0.61,0.59,0.14499999999999996,0.10999999999999999,0.2899999999999999,35.50000000000001,20.78,2025-10-30,0.039999999999999994,early,13,10.499999999999996,6.999999999999999,0.7241379310344827,0.29577464788732377,8.304442036836399,True,False,False,False
0.35,0.05,,2025-10-24,2025-11-14,21,92.0,92.5,0.5,0.3871,0.3111,0.61,0.6,0.14999999999999997,0.13,0.29999999999999993,35.0,16.37,2025-10-31,0.045,early,7,10.499999999999996,8.5,0.7,0.2999999999999999,15.642857142857137,True,False,False,False
0.35,0.05,,2025-10-31,2025-11-21,21,91.0,91.5,0.5,0.3642,0.2818,0.52,0.51,0.15000000000000002,0.13,0.30000000000000004,35.0,17.44,2025-11-14,0.020000000000000004,early,14,13.0,11.0,0.8666666666666666,0.37142857142857144,9.683673469387756,True,False,False,False
0.35,0.05,,2025-11-07,2025-11-28,21,90.5,91.0,0.5,0.3443,0.2725,0.555,0.55,0.15000000000000002,0.14000000000000007,0.30000000000000004,35.0,19.08,2025-11-28,0.0,early,21,15.000000000000002,14.000000000000007,1.0,0.4285714285714286,7.448979591836736,True,False,False,False
0.35,0.05,,2025-11-28,2025-12-19,21,91.0,91.5,0.5,0.3569,0.2771,0.505,0.49,0.14,0.10999999999999999,0.28,36.0,16.35,2025-12-05,0.03,early,7,11.000000000000002,7.999999999999999,0.7857142857142857,0.3055555555555556,15.932539682539684,True,False,False,False
0.35,0.05,,2025-12-05,2025-12-26,21,89.0,89.5,0.5,0.351,0.2738,0.52,0.51,0.14500000000000002,0.13,0.29000000000000004,35.5,15.41,2025-12-15,0.039999999999999994,early,10,10.500000000000002,9.000000000000002,0.7241379310344828,0.295774647887324,10.795774647887326,True,False,False,False
0.35,0.05,,2026-01-16,2026-02-06,21,88.5,89.0,0.5,0.3557,0.2658,0.455,0.45,0.14500000000000002,0.13,0.29000000000000004,35.5,15.86,2026-01-30,0.04000000000000001,early,14,10.500000000000002,9.0,0.7241379310344828,0.295774647887324,7.711267605633805,True,False,False,False
0.35,0.05,,2026-01-23,2026-02-13,21,88.5,89.0,0.5,0.3868,0.2976,0.545,0.53,0.16500000000000004,0.14,0.33000000000000007,33.5,16.09,2026-02-02,0.039999999999999994,early,10,12.500000000000005,10.000000000000002,0.7575757575757578,0.3731343283582091,13.619402985074633,True,False,False,False
0.35,0.05,,2026-02-13,2026-03-06,21,90.5,91.0,0.5,0.3614,0.2869,0.54,0.53,0.135,0.11000000000000004,0.27,36.5,20.6,,0.5,missing,21,-36.5,-38.99999999999999,-2.7037037037037037,-1.0,-17.38095238095238,False,True,False,True
