entry,stop,exit,taken,skipped,fill%,avg_expo%,final_x,CAGR%,maxDD%,Sharpe,MAR
BOTH,1.0%,close<10EMA,319,0,100.0,4.921155027646953,0.8861822591590957,-0.6427197193117351,-33.74613733709298,-0.028642683106213533,-0.019045727008444084
BOTH,1.0%,close<20EMA,313,6,98.11912225705329,5.744419414294506,1.0872262864108062,0.4467435202867298,-39.915012732584174,0.07454069477363039,0.011192368226956264
BOTH,1.0%,close<50EMA,310,9,97.17868338557994,7.710423919721496,1.0830581582391579,0.4250613887743615,-50.64374885734972,0.0738071570035888,0.00839316595561772
BOTH,1.0%,hold 20d,319,0,100.0,5.160761826745869,1.059030456926705,0.3065236005719507,-29.487035776689197,0.06496329940782913,0.010395198855975585
BOTH,1.0%,target 2R,319,0,100.0,2.2731927093999444,0.8437938643877698,-0.9026467235647928,-16.050178017349616,-0.19799883725669745,-0.056239047479041473
BOTH,1.0%,target 4R,319,0,100.0,2.561949621134534,0.8457427795319152,-0.890440773526413,-16.653238697297134,-0.18004310647806823,-0.05346952564073522
BOTH,1.0ATR,close<10EMA,319,0,100.0,3.0863036108558317,1.039716834003245,0.20793309959326045,-9.269990443979182,0.07084823904739608,0.02243077820304681
BOTH,1.0ATR,close<20EMA,319,0,100.0,4.512322100879336,1.4563068743465826,2.0060289060607417,-10.273901375865657,0.2675845586951783,0.1952548338426811
BOTH,1.0ATR,close<50EMA,319,0,100.0,7.013972978063384,1.6366711683049928,2.6230488997865953,-15.590619499661873,0.31524903016826167,0.16824532853511584
BOTH,1.0ATR,hold 20d,319,0,100.0,3.631677064997788,1.2295078920901799,1.106693617603205,-7.240235186694055,0.22845193924905288,0.15285326913648636
BOTH,1.0ATR,target 2R,319,0,100.0,2.2553194661011964,0.9779884398937841,-0.11873556120367557,-11.429746894136738,-0.0183148215762502,-0.010388293135746064
BOTH,1.0ATR,target 4R,319,0,100.0,3.381794412352765,1.1252144467446432,0.6296764743810357,-7.799139489715834,0.1644861482339733,0.08073666014197398
BOTH,1.5%,close<10EMA,319,0,100.0,4.542289576080261,1.1295110730823406,0.6519916233242773,-19.282247313734636,0.10619289687492159,0.033813051596940535
BOTH,1.5%,close<20EMA,311,8,97.4921630094044,5.639975424943664,1.6639114579172782,2.7510555395043212,-19.205356111133355,0.19427692492703913,0.1432441826949271
BOTH,1.5%,close<50EMA,306,13,95.92476489028213,7.823059594511547,1.8322561672539783,3.271498245356308,-28.82508046901654,0.2126874313242185,0.11349485212618127
BOTH,1.5%,hold 20d,318,1,99.68652037617555,4.837190251894308,1.211193467669579,1.0277050243456376,-18.656077789958992,0.1340708183056894,0.055086874953896546
BOTH,1.5%,target 2R,319,0,100.0,1.916854392791324,0.8963872977607837,-0.5822487143613886,-13.87853264321165,-0.1372730177510585,-0.04195318981694953
BOTH,1.5%,target 4R,319,0,100.0,2.3428220356338376,0.8603322039605116,-0.7999046818022437,-16.63549950570149,-0.16725073893926612,-0.04808419978781474
BOTH,10d low,close<10EMA,296,1,99.66329966329967,1.128366306706532,1.0601915970909719,0.3120693926655038,-2.188747428742799,0.26013074185043755,0.14257898767458715
BOTH,10d low,close<20EMA,292,5,98.31649831649831,1.9072878972088332,1.1377843292495997,0.6843697167470353,-2.9007000686235074,0.31786027784778337,0.23593260266711918
BOTH,10d low,close<50EMA,268,29,90.23569023569024,3.884918954042751,1.216481003652845,1.0439805625841014,-3.492384307630436,0.40608951891233214,0.2989306074658309
BOTH,10d low,hold 20d,293,4,98.65319865319866,1.9810356812631675,1.1725664616498381,0.8538756996500307,-2.4895625337423066,0.47887401998504886,0.3429822260244598
BOTH,10d low,target 2R,266,31,89.56228956228956,5.240145956482819,1.394243300818393,1.789071164714473,-3.305895005907278,0.5803952309915107,0.5411760390204758
BOTH,10d low,target 4R,237,60,79.79797979797979,7.791004340234215,1.4720885257837155,2.0346800469899007,-4.530179685432656,0.5561455346478055,0.4491389278735813
BOTH,2.0ATR,close<10EMA,319,0,100.0,2.294949067213705,1.1604424222881267,0.7963848118241135,-4.423106602332327,0.2863521734120372,0.18005101016651412
BOTH,2.0ATR,close<20EMA,316,3,99.05956112852665,3.571520928420396,1.3152585707422388,1.458450682945367,-5.22940357210957,0.3520520540253493,0.27889426831079706
BOTH,2.0ATR,close<50EMA,290,29,90.9090909090909,6.1549755443954455,1.4024770793903227,1.8013922601325838,-5.219442308488009,0.3754514471360868,0.3451311756436329
BOTH,2.0ATR,hold 20d,318,1,99.68652037617555,3.1119328330440914,1.2605736336748339,1.245015111154757,-4.971996627433317,0.3889960804404369,0.2504054617183979
BOTH,2.0ATR,target 2R,315,4,98.74608150470219,3.940739470030577,1.2314473501610341,1.1186305072169667,-6.413483713069912,0.332361286112979,0.1744185464971762
BOTH,2.0ATR,target 4R,301,18,94.35736677115987,6.518535064622997,1.429217422337991,1.916641424244836,-6.876003129360542,0.4390309480615461,0.2787435357701882
BOTH,20EMA,close<10EMA,316,2,99.37106918238993,1.5959042325010264,1.0538018678754815,0.2797483112796373,-3.12415796617731,0.17966692383801375,0.08954358720277344
BOTH,20EMA,close<20EMA,310,8,97.48427672955975,2.6450133534521707,1.1520996908923653,0.7509078398737712,-5.30564110947388,0.2556315937787489,0.14153008550332064
BOTH,20EMA,close<50EMA,283,35,88.99371069182389,4.98329708707224,1.2729394787995276,1.2763999057997077,-4.081088775070752,0.36216230824136153,0.3127596521782547
BOTH,20EMA,hold 20d,315,3,99.05660377358491,2.501811214286917,1.1356707207080554,0.6793132387859391,-5.075371679608676,0.29351006386874323,0.13384502292023584
BOTH,20EMA,target 2R,302,16,94.96855345911949,4.836079728730579,1.2676584628500445,1.2637960241131507,-4.2340862940122515,0.3945401305520519,0.29848140457136696
BOTH,20EMA,target 4R,267,51,83.9622641509434,7.315063686675009,1.4300519107183207,1.862301222515117,-6.988901805880476,0.4665028651109584,0.26646550119622125
BOTH,20d low,close<10EMA,168,0,100.0,0.5328925637153338,1.0170589193213835,0.09030380763079826,-1.751150298407611,0.11297329147174587,0.05156827926929802
BOTH,20d low,close<20EMA,168,0,100.0,0.8982050475646076,1.0869268732114037,0.445268925847353,-2.102784910683675,0.28349118421968816,0.2117520073427688
BOTH,20d low,close<50EMA,165,3,98.21428571428571,2.0135166862096763,1.1243861699125592,0.6305282776838839,-2.6309687995083153,0.31473788536368,0.23965631131837034
BOTH,20d low,hold 20d,168,0,100.0,0.9877850265197055,1.0905004430475287,0.4639980571053304,-1.974604926692547,0.43581369309555523,0.23498273038471787
BOTH,20d low,target 2R,162,6,96.42857142857143,4.0465688362773315,1.2246814038756713,1.0828107663782838,-3.045483284620032,0.4212302884065853,0.3555464486856903
BOTH,20d low,target 4R,154,14,91.66666666666667,5.412915486005463,1.3343943279674177,1.5372580835515626,-4.8573477219334364,0.519370613929601,0.3164809627711122
BOTH,3.0%,close<10EMA,319,0,100.0,3.558558558558551,0.9884388728557649,-0.06199705014349188,-11.776555596895733,0.007489997239892665,-0.005264446775917581
BOTH,3.0%,close<20EMA,319,0,100.0,4.793202293202285,1.3333669208304595,1.5317805249564609,-17.72322855906272,0.17790181574842526,0.08642784918401279
BOTH,3.0%,close<50EMA,319,0,100.0,7.03316953316953,1.3599993084365125,1.6291356531444423,-26.76964894228242,0.18818135716942522,0.06085756509758472
BOTH,3.0%,hold 20d,319,0,100.0,3.974201474201465,1.111968436291268,0.5669559468633789,-11.503286831934945,0.11251816479937138,0.04928643049127659
BOTH,3.0%,target 2R,319,0,100.0,1.9737919737919711,0.8759252162729223,-0.7046308605561546,-14.050639058562385,-0.20131148864931803,-0.05014938164871272
BOTH,3.0%,target 4R,319,0,100.0,2.9811629811629783,1.0713356444008657,0.3673554111118582,-8.688990716965206,0.09623605605778529,0.04227826028109327
BOTH,5.0%,close<10EMA,319,0,100.0,3.082309582309588,1.1575538082095038,0.7833382884588014,-6.618726125654051,0.21863030770244077,0.11835182081678795
BOTH,5.0%,close<20EMA,319,0,100.0,4.464373464373472,1.4797402943467186,2.092100809012809,-8.29997159423016,0.30026197268771504,0.2520612010849726
BOTH,5.0%,close<50EMA,319,0,100.0,7.221130221130235,1.610988792555873,2.5377803782098862,-9.93970476460878,0.3340795452538546,0.2553174805800956
BOTH,5.0%,hold 20d,319,0,100.0,3.6351351351351364,1.3195732791928472,1.4881619449824912,-8.075145629934632,0.3103916168805843,0.1842891773327112
BOTH,5.0%,target 2R,319,0,100.0,2.573710073710079,1.0277784816100757,0.14621161394561266,-9.46359831092668,0.057728462112775575,0.015449896449725322
BOTH,5.0%,target 4R,319,0,100.0,3.8857493857493917,1.1746063513319278,0.8593240646675548,-8.240018765434087,0.21184219765214304,0.10428666355376745
BOTH,bar low,close<10EMA,305,0,100.0,2.8082609115682073,0.957226920560498,-0.23286552516811332,-13.75261651870916,-0.05122848826847106,-0.01693245244287306
BOTH,bar low,close<20EMA,305,0,100.0,3.8002808247527633,1.0346279638977838,0.1813173529101375,-17.43110580727345,0.05554587980304297,0.010401942074981812
BOTH,bar low,close<50EMA,304,1,99.67213114754098,5.792500200388469,1.0261669351557656,0.13586568734684779,-21.775704242779604,0.04620165095885868,0.006239324608383133
BOTH,bar low,hold 20d,305,0,100.0,3.317491607343487,1.0577838950657648,0.3002196412196012,-13.990886046515815,0.08329239497005413,0.021458229323107498
BOTH,bar low,target 2R,305,0,100.0,2.543908964281771,0.9840115081817065,-0.08599628134253745,-9.71472376850231,-0.010909032413160701,-0.008852159195854855
BOTH,bar low,target 4R,305,0,100.0,3.7819373642870304,1.1369234319601957,0.6821264452920195,-11.596795831831896,0.16783991176385682,0.05882025131628681
BREAKOUT,1.0%,close<10EMA,1392,273,83.6036036036036,23.38442673206577,1.3101557369688,1.4492350536113197,-51.495638288724386,0.13505921507952937,0.028142869993877672
BREAKOUT,1.0%,close<20EMA,1290,375,77.47747747747748,28.16676885346362,2.2103430388858842,4.274144359685383,-48.48374500980226,0.2199530775221827,0.08815623378147155
BREAKOUT,1.0%,close<50EMA,1080,585,64.86486486486487,34.26118945432206,2.6485754698550656,5.295356059996359,-51.935678090847446,0.2333978702498242,0.10195989066963876
BREAKOUT,1.0%,hold 20d,1374,291,82.52252252252252,24.684242795830276,2.1113336320955916,4.0563759234937935,-46.07100910145161,0.24548449682995013,0.08804617052258108
BREAKOUT,1.0%,target 2R,1650,15,99.09909909909909,12.004904966278417,0.393431161446313,-4.849831263043547,-61.26160052126907,-0.5661595591355992,-0.07916592484977211
BREAKOUT,1.0%,target 4R,1640,25,98.49849849849849,14.09564684242781,0.49959402311361406,-3.630729029380686,-53.81488398256889,-0.34611861395947435,-0.06746700467767823
BREAKOUT,1.0ATR,close<10EMA,1456,209,87.44744744744744,15.485966448591874,1.1474402876305212,0.7344591338152018,-34.171318979996876,0.11063971015242795,0.02149343823237077
BREAKOUT,1.0ATR,close<20EMA,1324,341,79.51951951951952,20.355429094499176,1.6962476336072279,2.8313625358087124,-25.532564509696208,0.23883036161963564,0.1108922111891063
BREAKOUT,1.0ATR,close<50EMA,1140,525,68.46846846846847,28.12458339796368,2.2316325547810263,4.300233943128506,-25.76271282033431,0.32543345294923365,0.16691696923059923
BREAKOUT,1.0ATR,hold 20d,1424,241,85.52552552552552,17.66667784441095,1.3466039061913873,1.5954974567266245,-31.451387117282902,0.2032420718293541,0.050729001260802264
BREAKOUT,1.0ATR,target 2R,1576,89,94.65465465465465,13.826754857227082,0.973843186645338,-0.14088464108164,-27.653187319500372,0.011577015607326265,-0.00509469810672752
BREAKOUT,1.0ATR,target 4R,1428,237,85.76576576576576,20.253573719037345,1.2127260959684483,1.0208709898841928,-29.35971474546499,0.14255660564472536,0.03477114811007761
BREAKOUT,1.5%,close<10EMA,1382,283,83.003003003003,20.257510729614005,0.9919945427299475,-0.04285683724503109,-49.067835228254395,0.053627261815610554,-0.0008734201752669359
BREAKOUT,1.5%,close<20EMA,1289,376,77.41741741741741,24.737379930513328,1.3005396157129199,1.398138233181645,-51.29208588435118,0.13061973892782874,0.027258361774056963
BREAKOUT,1.5%,close<50EMA,1135,530,68.16816816816817,30.680564071122344,1.3896065370976163,1.7605962934409414,-57.42380907529858,0.13696336266324194,0.030659691890733167
BREAKOUT,1.5%,hold 20d,1399,266,84.02402402402403,21.93337420805264,1.2103215953721196,1.0221707148048598,-46.97696296311911,0.11640858814941905,0.021758978238064268
BREAKOUT,1.5%,target 2R,1647,18,98.91891891891892,10.284079296954632,0.5947156571835961,-2.7326413458772847,-47.61694555796285,-0.3439143778052325,-0.05738800155820395
BREAKOUT,1.5%,target 4R,1612,53,96.81681681681681,13.856529736358146,0.559058490974769,-3.0553897589979395,-52.27602908800817,-0.3189896662440309,-0.058447242690413695
BREAKOUT,10d low,close<10EMA,1281,250,83.67080339647289,5.3511071885942965,1.1162797128344923,0.5864864696408345,-8.084253729388259,0.1995858840111876,0.07254676674840269
BREAKOUT,10d low,close<20EMA,1098,433,71.71783148269105,7.6700389910061,1.238014392164787,1.1414893067029919,-8.201247837271941,0.25157087945595047,0.13918483252210756
BREAKOUT,10d low,close<50EMA,767,764,50.097975179621166,11.852820154917186,1.6390500115087423,2.644383081497348,-7.616460631173272,0.4668985895060746,0.34719316616358536
BREAKOUT,10d low,hold 20d,1136,395,74.19986936642717,8.35835564928287,1.2785657563127368,1.3178285986267246,-7.371137504526848,0.3317762898208067,0.17878225685213503
BREAKOUT,10d low,target 2R,596,935,38.92880470280862,14.227058184265267,1.5886433200050127,2.4450746539806056,-9.50508241924487,0.556452546028584,0.2572386588705513
BREAKOUT,10d low,target 4R,424,1107,27.694317439581972,15.68411399005494,1.7233223669038067,2.8760476293516746,-8.344915722043112,0.6436908422042629,0.3446466956825686
BREAKOUT,2.0ATR,close<10EMA,1351,314,81.14114114114115,9.441441493028524,1.2615783406847436,1.242917281593825,-16.747000562229807,0.24474470786006267,0.07421730697239164
BREAKOUT,2.0ATR,close<20EMA,1165,500,69.96996996996997,13.147414363797342,1.5385778618150276,2.304675225464403,-13.894992619447855,0.29810977076789064,0.16586372433467214
BREAKOUT,2.0ATR,close<50EMA,883,782,53.033033033033036,18.874207578249937,2.0632630825312885,3.885065696815526,-15.490601074444864,0.4554310375911345,0.25080148137213293
BREAKOUT,2.0ATR,hold 20d,1252,413,75.1951951951952,12.70469819289172,1.3370578524724936,1.5579745257363387,-12.786485214296562,0.28376308705161596,0.1218454094010423
BREAKOUT,2.0ATR,target 2R,1089,576,65.4054054054054,16.76346237117862,1.3827625823641438,1.7235906929162992,-17.18429658284306,0.2837350047667215,0.10030033435509639
BREAKOUT,2.0ATR,target 4R,831,834,49.909909909909906,21.56008624602337,1.7759834754841963,3.0204349515680295,-15.919651700955795,0.4426022695158476,0.1897299644681728
BREAKOUT,20EMA,close<10EMA,1336,313,81.01879927228623,8.473969756792552,1.2085036612235982,1.0118542264446306,-14.129247104607746,0.21783148915851683,0.07161416450241363
BREAKOUT,20EMA,close<20EMA,1149,500,69.67859308671922,11.791083499272428,1.2335860328118187,1.1222241697892432,-14.32881223220911,0.1922064552994666,0.0783194134728519
BREAKOUT,20EMA,close<50EMA,841,808,51.00060642813827,17.363727034131024,1.8552422479626869,3.3013526734323895,-16.102769969559315,0.4489592437323815,0.2050176882407976
BREAKOUT,20EMA,hold 20d,1234,415,74.83323226197696,11.677716246562113,1.3576858900505617,1.6385941930486814,-13.86404984500691,0.31450610116370586,0.11819015449073962
BREAKOUT,20EMA,target 2R,951,698,57.67131594906004,16.105569917570204,1.6408710171018972,2.624620809122691,-15.099927923987067,0.47488249654935266,0.17381677729423703
BREAKOUT,20EMA,target 4R,683,966,41.41904184354154,20.47281090193396,2.032591010741422,3.7384235988849435,-12.078652046667493,0.579276758417843,0.3095066886968051
BREAKOUT,20d low,close<10EMA,1033,87,92.23214285714286,3.302600809523451,0.9665141169880306,-0.18102923310936436,-5.5950219239220615,-0.07763114497204601,-0.03235541085824101
BREAKOUT,20d low,close<20EMA,944,176,84.28571428571429,4.977819758628061,1.06475693290861,0.3341206991998247,-5.868981871853607,0.1256272355267678,0.05692992524004832
BREAKOUT,20d low,close<50EMA,687,433,61.339285714285715,8.255707667437184,1.2985875778189626,1.389685921979944,-7.567816418098294,0.3830295379654324,0.18363102977188184
BREAKOUT,20d low,hold 20d,934,186,83.39285714285714,5.839492277256731,1.1320389712417476,0.6629299184402138,-7.0431388879213745,0.24351865293325697,0.09412421492597639
BREAKOUT,20d low,target 2R,440,680,39.285714285714285,12.24320641846219,1.3663585493187516,1.63436249749227,-8.674425383203577,0.4324967626668717,0.1884116152127968
BREAKOUT,20d low,target 4R,344,776,30.714285714285715,12.769963134087973,1.5141660838090982,2.180493557437879,-9.887580220041626,0.5551847862277741,0.22052853265535372
BREAKOUT,3.0%,close<10EMA,1524,141,91.53153153153153,18.806458205600038,1.5928614220492858,2.5078875817573953,-36.347358573324264,0.2293079197967299,0.06899779461823018
BREAKOUT,3.0%,close<20EMA,1457,208,87.50750750750751,24.443081953811625,1.8508948185121894,3.306518683746451,-34.247591789809526,0.23342105022800602,0.09654748001085191
BREAKOUT,3.0%,close<50EMA,1280,385,76.87687687687688,33.03903535663177,2.258470751435462,4.3656523009055315,-35.67982424152072,0.2626624377827327,0.12235632864539754
BREAKOUT,3.0%,hold 20d,1502,163,90.2102102102102,20.55793991416329,1.531216807820115,2.292166533363882,-38.92742546709894,0.22369398554462988,0.05888307551449035
BREAKOUT,3.0%,target 2R,1650,15,99.09909909909909,12.137747802983991,0.8590331283229289,-0.8049755133754055,-31.976489568654355,-0.0788180012707389,-0.02517398014085011
BREAKOUT,3.0%,target 4R,1612,53,96.81681681681681,18.01144492131638,0.9135429333551927,-0.4798286665059326,-37.610623023662285,-0.009815067987413542,-0.01275779628016409
BREAKOUT,5.0%,close<10EMA,1433,232,86.06606606606607,14.358062538320008,1.4127890681377635,1.85565920048274,-30.222323279966922,0.2310725150012359,0.061400282939623525
BREAKOUT,5.0%,close<20EMA,1283,382,77.05705705705705,19.373390557939775,2.199914665529709,4.280346541968205,-23.917697948864415,0.3566619795391786,0.17896147660696715
BREAKOUT,5.0%,close<50EMA,1076,589,64.62462462462463,27.187001839362157,3.1875669459908598,6.268970578052935,-20.496164672250437,0.4310934079440818,0.30586066604648404
BREAKOUT,5.0%,hold 20d,1393,272,83.66366366366367,17.009196811771933,2.034625994111235,3.848253079163877,-29.407950457669806,0.42089552838685024,0.13085757488278904
BREAKOUT,5.0%,target 2R,1527,138,91.71171171171171,14.980993255671326,1.2299265512744195,1.1062544802244112,-27.017424271473256,0.16901148105431119,0.040945963949363826
BREAKOUT,5.0%,target 4R,1342,323,80.6006006006006,21.922746781115677,1.4994614940977278,2.1714859254420515,-23.240569890167293,0.26359851345072094,0.09343514103588191
BREAKOUT,bar low,close<10EMA,1419,204,87.43068391866913,15.666222027784158,1.419798583256625,1.8824846246108473,-31.15311739372664,0.2211768312726371,0.06042684591783186
BREAKOUT,bar low,close<20EMA,1297,326,79.91373998767715,20.37390513750677,1.6957110891959357,2.8471969720549994,-29.473673925858268,0.24556255804702976,0.09660135954605427
BREAKOUT,bar low,close<50EMA,1103,520,67.96056685150955,27.77453175182094,1.8788342073699218,3.3665287403768174,-34.35948932514702,0.28480364172738615,0.09797959185362289
BREAKOUT,bar low,hold 20d,1382,241,85.150955021565,17.63375572348932,1.4055772360402412,1.8260474253018133,-28.214893512826976,0.2097373051048092,0.06471927404126691
BREAKOUT,bar low,target 2R,1467,156,90.38817005545286,14.232990982792945,1.052432074587214,0.2689795900156833,-25.795704649146757,0.05643040109399255,0.010427301509074314
BREAKOUT,bar low,target 4R,1288,335,79.35921133703019,19.66821556337676,1.1426956680335387,0.7044213550482903,-36.454375829971916,0.11017205767331846,0.019323368978632516
CONFIRMED,1.0%,close<10EMA,849,35,96.04072398190046,13.575521899304087,0.9408587184936593,-0.3247819066951485,-50.48257126370399,0.041097840155952886,-0.006433545252649612
CONFIRMED,1.0%,close<20EMA,826,58,93.43891402714932,16.33851821530891,1.1355207721934817,0.679699545849366,-50.19040096026677,0.09412783753508368,0.013542421117285954
CONFIRMED,1.0%,close<50EMA,779,105,88.12217194570135,21.367171510437768,0.8295768379933673,-0.9883319453030892,-69.67181871617728,0.027209703643236376,-0.014185533886079047
CONFIRMED,1.0%,hold 20d,858,26,97.05882352941177,14.447400736798931,1.303197158098514,1.4231830272476875,-41.58577654008793,0.13450253155072264,0.03422283159425351
CONFIRMED,1.0%,target 2R,884,0,100.0,6.195251739664442,0.633332729260813,-2.407921086830256,-40.382918381660005,-0.3380628695393159,-0.05962721822313413
CONFIRMED,1.0%,target 4R,883,1,99.8868778280543,7.159230454359496,0.6662564273237668,-2.1436411650144205,-37.10911947132861,-0.25403819505933767,-0.05776588600197449
CONFIRMED,1.0ATR,close<10EMA,870,14,98.41628959276018,8.952587772909137,1.2619746438071728,1.2457030623459264,-15.139078181246779,0.17900551764541825,0.08228394407058519
CONFIRMED,1.0ATR,close<20EMA,834,50,94.34389140271493,12.392328189824497,1.7462344498879079,2.9892849246043074,-14.899476086093589,0.2803482913167978,0.20063020386296357
CONFIRMED,1.0ATR,close<50EMA,782,102,88.46153846153847,18.197541492653745,1.9860577417425525,3.671933871003974,-20.699218659136953,0.28689966602044503,0.1773948056432133
CONFIRMED,1.0ATR,hold 20d,864,20,97.73755656108597,10.299389573893576,1.63069909681552,2.6352348379825585,-12.153592930015888,0.33051523808782024,0.2168276371569336
CONFIRMED,1.0ATR,target 2R,883,1,99.8868778280543,6.9509336711947265,1.0788101245199684,0.40431888089369483,-13.350143228547317,0.09084361569386847,0.030285733566447315
CONFIRMED,1.0ATR,target 4R,875,9,98.98190045248869,11.289743673705122,1.3031247035925166,1.418288067640705,-14.699737242554466,0.20447819478491847,0.096483906088803
CONFIRMED,1.5%,close<10EMA,848,36,95.92760180995475,12.415063446582034,1.2698917562064422,1.283163637412299,-33.029051906252626,0.13405367405057647,0.03884954497193385
CONFIRMED,1.5%,close<20EMA,821,63,92.87330316742081,15.178059762587031,1.6154447102373302,2.5892884312513686,-35.181719161226574,0.17683283768053618,0.07359755273429042
CONFIRMED,1.5%,close<50EMA,764,120,86.42533936651584,20.581252558330068,1.5486022472787961,2.35222768161798,-46.769941624470476,0.16770819653924346,0.05029357745418421
CONFIRMED,1.5%,hold 20d,847,37,95.81447963800905,13.115022513303346,1.5546167967774887,2.382449380459528,-27.97978255793242,0.19432919162389706,0.08514895980791283
CONFIRMED,1.5%,target 2R,884,0,100.0,5.0880065493245334,0.7236365023464598,-1.7112865090680551,-31.106309467206618,-0.2727708319409762,-0.05501412859253376
CONFIRMED,1.5%,target 4R,884,0,100.0,6.831764224314286,0.6463666383788056,-2.301776182521642,-36.03711013180254,-0.3197329933712138,-0.06387238527459886
CONFIRMED,10d low,close<10EMA,740,24,96.8586387434555,2.9504289524435454,1.06698277268714,0.345259840157075,-4.568606475340764,0.16900273860085377,0.07557224331327918
CONFIRMED,10d low,close<20EMA,703,61,92.01570680628272,4.638225008261323,1.1662774375989453,0.81603893511355,-5.221745816081347,0.25419810256950803,0.15627703144806568
CONFIRMED,10d low,close<50EMA,594,170,77.74869109947645,8.260665144895537,1.2040124827583023,0.9875268346170252,-7.102944772132524,0.2563082152443638,0.13903062269207803
CONFIRMED,10d low,hold 20d,716,48,93.717277486911,4.9480980698956465,1.211646780128634,1.0298737281537074,-4.9683713762585295,0.370272644664451,0.20728597968239276
CONFIRMED,10d low,target 2R,495,269,64.79057591623037,11.902023954993052,1.6266579953939562,2.5820480483739194,-6.635440694998884,0.6673614914343764,0.38912985091103336
CONFIRMED,10d low,target 4R,373,391,48.82198952879581,13.614749016419397,1.7458099229403377,2.9302799251480494,-7.620077832506411,0.6572189521903762,0.3845472434215565
CONFIRMED,2.0ATR,close<10EMA,846,38,95.70135746606334,6.139901403244167,1.324126158707029,1.5036889601477643,-7.649736646105798,0.32362795646427817,0.1965674152865429
CONFIRMED,2.0ATR,close<20EMA,788,96,89.14027149321267,9.023414577771536,1.4494398758334446,1.9805575454231894,-9.93783411452468,0.34165844006893975,0.19929468761492988
CONFIRMED,2.0ATR,close<50EMA,688,196,77.82805429864253,14.063511325069145,1.4013443555714453,1.7918219598278329,-12.363314946591641,0.2698405834279368,0.14493054391709143
CONFIRMED,2.0ATR,hold 20d,828,56,93.66515837104072,8.111773209986609,1.4587152002270363,2.0297735262502226,-7.690120735473083,0.40994377368960383,0.2639455993047363
CONFIRMED,2.0ATR,target 2R,809,75,91.5158371040724,11.520547295895996,1.3270385332031873,1.4914699585838465,-12.652695404448867,0.27374194771780075,0.11787764669174162
CONFIRMED,2.0ATR,target 4R,693,191,78.39366515837104,15.905219802708874,1.5257512671251996,2.2190786137318064,-14.62473580325323,0.3603621045022377,0.15173461206992736
CONFIRMED,20EMA,close<10EMA,826,39,95.49132947976878,4.663843217135781,1.157916190569188,0.7824955286435342,-7.468412594625217,0.23616538550298122,0.10477400903194231
CONFIRMED,20EMA,close<20EMA,768,97,88.78612716763006,7.13974517222194,1.3092321845252286,1.4338346114598943,-7.9374796648233765,0.3123148467126371,0.18064104375778578
CONFIRMED,20EMA,close<50EMA,653,212,75.49132947976878,11.456256422799239,1.3164999736354277,1.455865912205545,-9.6154530572508,0.27481280569247557,0.15140897714722956
CONFIRMED,20EMA,hold 20d,805,60,93.0635838150289,6.725629111238188,1.2742682686659195,1.2966086402444343,-7.147161583182982,0.33148219047257654,0.18141588449536508
CONFIRMED,20EMA,target 2R,677,188,78.26589595375722,12.210401519124611,1.5060805062160447,2.162637588630334,-9.661486247586847,0.4444615734983073,0.22384108751078508
CONFIRMED,20EMA,target 4R,552,313,63.8150289017341,15.42224111270508,1.9730400641989425,3.5676067828271485,-9.902634491105433,0.6423539853732044,0.3602684503837419
CONFIRMED,20d low,close<10EMA,533,4,99.25512104283054,1.7735804295747732,1.0081207806183798,0.043042997681919104,-3.587908101655324,0.03936795206678673,0.011996683432906408
CONFIRMED,20d low,close<20EMA,521,16,97.02048417132217,2.7678410144417405,1.0666679562428647,0.3439365818791895,-4.418069945638892,0.16075164768334346,0.07784769958626205
CONFIRMED,20d low,close<50EMA,474,63,88.26815642458101,5.321904075693652,1.073122293714949,0.37780069360642266,-5.496997427063166,0.14851500879733429,0.06872855565593143
CONFIRMED,20d low,hold 20d,521,16,97.02048417132217,3.184754727266534,1.0943982959731784,0.4825866480883789,-2.8391857709153423,0.27789256601013007,0.1699736075856688
CONFIRMED,20d low,target 2R,355,182,66.10800744878958,9.769485382434743,1.4530767502395168,1.9596826334028927,-6.055226916979284,0.5186321810674082,0.32363487946385694
CONFIRMED,20d low,target 4R,289,248,53.81750465549348,10.80856813598758,1.7162611282609574,2.839248316576315,-6.848426580468292,0.6869757415876261,0.4145840337507376
CONFIRMED,3.0%,close<10EMA,884,0,100.0,10.573065902578842,1.5716844340268372,2.434914837032931,-21.98987592289463,0.2565612457563988,0.11072890295382858
CONFIRMED,3.0%,close<20EMA,865,19,97.85067873303167,14.199754400327553,1.899189230459885,3.4472120805317807,-23.49854535479894,0.28256374287108915,0.14669895640275374
CONFIRMED,3.0%,close<50EMA,824,60,93.21266968325791,20.433892754809786,1.7588061144361968,3.0119540198867423,-31.301530715655346,0.2276432691028993,0.09622385714128429
CONFIRMED,3.0%,hold 20d,880,4,99.5475113122172,11.672124437167481,2.145208319494084,4.143304755152322,-18.806336051616725,0.36445414676562343,0.22031429959458446
CONFIRMED,3.0%,target 2R,884,0,100.0,5.8882521489971165,0.9014446004709386,-0.5503771364412602,-15.910262497243055,-0.07266373226364105,-0.034592586799660284
CONFIRMED,3.0%,target 4R,884,0,100.0,9.138354482194053,1.107190852227855,0.5430973480571089,-15.728773062350431,0.09728664752475422,0.034528907366405286
CONFIRMED,5.0%,close<10EMA,867,17,98.07692307692308,8.573357888275066,1.4291458031783537,1.9180620188727904,-16.110272303159412,0.26710381706747727,0.11905832395499832
CONFIRMED,5.0%,close<20EMA,830,54,93.89140271493213,12.063842848373254,1.8517957574879609,3.3091750123849906,-13.157493395660481,0.33657472830533386,0.25150497232827046
CONFIRMED,5.0%,close<50EMA,766,118,86.65158371040724,17.99508901166353,1.9370672425828848,3.535936943543061,-17.147075935406274,0.3104271919230012,0.20621224031800395
CONFIRMED,5.0%,hold 20d,863,21,97.62443438914028,10.014732965009221,1.868168774337674,3.378116752496907,-12.008333273297412,0.3999036605125512,0.28131437357828243
CONFIRMED,5.0%,target 2R,881,3,99.6606334841629,7.748311847759418,1.164125344053158,0.8111524381901658,-12.493191104406009,0.1558279508864909,0.06492756185440039
CONFIRMED,5.0%,target 4R,870,14,98.41628959276018,12.785758133824435,1.2835838283924983,1.336030150093559,-14.409090745706187,0.20058903682979468,0.09272133638909083
CONFIRMED,bar low,close<10EMA,840,19,97.78812572759023,8.221971484715034,1.1356596376865127,0.6791616003131162,-14.290911409481478,0.13980076841562328,0.047524022845912985
CONFIRMED,bar low,close<20EMA,804,55,93.59720605355064,11.265202667964974,1.201199107297453,0.979304077928167,-14.192254055466503,0.1503416550617189,0.06900271613662126
CONFIRMED,bar low,close<50EMA,733,126,85.33178114086147,16.518743585825185,1.1459887721610387,0.7187369772699181,-26.327994877441153,0.1113203151620564,0.027299343554862198
CONFIRMED,bar low,hold 20d,832,27,96.85681024447031,9.620942680073702,1.3702412355176543,1.688335785065953,-10.919471816838422,0.2600971612374686,0.15461698270629234
CONFIRMED,bar low,target 2R,843,16,98.13736903376018,8.758000423814662,1.1013771607653735,0.509290433142362,-12.826644293873024,0.11115869813612181,0.03970566435569104
CONFIRMED,bar low,target 4R,780,79,90.80325960419091,12.968297719492416,1.4087856196278212,1.8194050906643389,-16.174042053007444,0.2744836991984254,0.11248920243323059
DUMB,1.0%,close<10EMA,3619,19013,15.99063273241428,89.23760330578823,0.0762799777326836,-12.929655771171644,-94.62129115046277,-0.7527400877266073,-0.13664636799989818
DUMB,1.0%,close<20EMA,2633,19999,11.633969600565571,86.35537190082864,0.13908302874266698,-10.05014858858716,-89.87495637019413,-0.6135453358620784,-0.11182368253054487
DUMB,1.0%,close<50EMA,1742,20890,7.6970661010957935,84.77479338843125,0.4695298849022441,-3.924241221900304,-69.50984352170609,-0.1417571841279283,-0.05645590643107788
DUMB,1.0%,hold 20d,3066,19566,13.547189819724284,88.73553719008522,0.19504767222362482,-8.411457891345286,-84.55443134776246,-0.48717671001935564,-0.09947979966596837
DUMB,1.0%,target 2R,7827,14805,34.58377518557794,106.98966942149723,0.04390693712732145,-15.479098415762893,-96.30089298994717,-0.8583092114405746,-0.16073681079342383
DUMB,1.0%,target 4R,4777,17855,21.107281724991164,95.23760330578983,0.1527445232687809,-9.615314784542727,-87.50790790329408,-0.5606181162962408,-0.10987938136023905
DUMB,1.0ATR,close<10EMA,4550,18082,20.10427712972782,83.52206311452369,0.41826073141440967,-4.573574470842212,-72.97775325958311,-0.30726582541888803,-0.06267080399932196
DUMB,1.0ATR,close<20EMA,3086,19546,13.635560268646165,83.60944688539196,1.4028111303151918,1.8253099483982238,-52.41841725741902,0.18108394097672822,0.03482192030778799
DUMB,1.0ATR,close<50EMA,1911,20721,8.443796394485684,84.19846195303846,3.6982552245743845,7.1848872336854885,-33.304283690777105,0.4973648724560948,0.21573462742497557
DUMB,1.0ATR,hold 20d,3705,18927,16.370625662778366,85.62890666988794,1.2511020504250443,1.2097450067162896,-42.20932390788784,0.1380612971171261,0.028660610848832365
DUMB,1.0ATR,target 2R,5305,17327,23.44026157652881,88.08648994976912,1.7062827836268988,2.905216066827432,-50.69519272394546,0.2563649192780838,0.05730752583676789
DUMB,1.0ATR,target 4R,3148,19484,13.909508660303993,86.90262824106036,1.7641601440509154,3.064690332986708,-36.5602614125998,0.2744962639699135,0.08382572264460124
DUMB,1.5%,close<10EMA,3664,18968,16.18946624248851,80.84710743801486,0.25081879093655474,-7.15777529715983,-85.79184129228517,-0.4155585418580871,-0.08343188803669485
DUMB,1.5%,close<20EMA,2558,20074,11.30258041710852,79.08264462809795,0.5516366175801539,-3.128554441993081,-67.70767144780282,-0.1057046215499173,-0.046206794224269626
DUMB,1.5%,close<50EMA,1627,21005,7.188936019794981,78.32644628099065,1.276903753588991,1.3090766432093837,-43.28441225272422,0.13197646783967174,0.03024360445432624
DUMB,1.5%,hold 20d,3010,19622,13.299752562743018,82.67768595041183,0.7360535025499124,-1.6312356994456212,-60.89627842995377,-0.05250773105962836,-0.026787116413393926
DUMB,1.5%,target 2R,5724,16908,25.291622481442207,89.74793388429401,0.662631894689114,-2.1898547829863224,-59.47578948159896,-0.10483142476229361,-0.03681926380588584
DUMB,1.5%,target 4R,3574,19058,15.79179922234005,86.22727272727045,0.85864017888722,-0.8134105877089071,-57.215792023000574,-0.011674335668604388,-0.014216539856372494
DUMB,10d low,close<10EMA,4915,17480,21.946863139093548,44.90622816451853,0.6305167091938237,-2.444894856174551,-44.940700215894665,-0.412313964271005,-0.05440268719511047
DUMB,10d low,close<20EMA,2846,19549,12.708193793257424,46.32140097029099,1.5228497963655143,2.257035978064903,-25.57001160000294,0.3689664552140718,0.08826886797597869
DUMB,10d low,close<50EMA,1418,20977,6.331770484483144,43.14208101504028,1.78354601130555,3.112172447678696,-14.14081476464759,0.39889092138179616,0.22008437982365833
DUMB,10d low,hold 20d,2745,19650,12.257200267916947,47.70878340614073,2.561758175847665,5.178182199777837,-18.225800651672387,0.7969217370023669,0.2841127420815222
DUMB,10d low,target 2R,979,21416,4.371511498102255,37.489054981030186,2.143299078583126,4.034578844798098,-16.849804781298495,0.7976902674215304,0.23944365511439364
DUMB,10d low,target 4R,629,21766,2.8086626479124805,37.39966019082861,2.524527187200085,4.898447438052056,-21.760313418574828,0.8969068388966553,0.22510923183076448
DUMB,2.0ATR,close<10EMA,4992,17632,22.065063649222065,62.959302166963894,0.5411943877643626,-3.241428078985009,-55.19462069783613,-0.3844257312608169,-0.05872724620629719
DUMB,2.0ATR,close<20EMA,3002,19622,13.269094766619519,63.13301108949989,1.0285873378692472,0.15138657571287517,-27.033141982713417,0.04746353828566618,0.005600036274350967
DUMB,2.0ATR,close<50EMA,1532,21092,6.771570014144271,60.441171116544744,2.301605239269859,4.523743730908336,-19.60187128181157,0.5356625202001202,0.23078121807206664
DUMB,2.0ATR,hold 20d,3090,19534,13.658062234794908,65.43651388398848,2.542390872754747,5.140778261573997,-24.581911373515496,0.6103156001490693,0.2091285003619638
DUMB,2.0ATR,target 2R,2061,20563,9.109794908062234,61.246603391552824,2.319504404888822,4.539729443660501,-25.507158428733735,0.5800338018514581,0.17797864298935429
DUMB,2.0ATR,target 4R,1171,21453,5.175919377652051,59.741691866846736,2.6809036843796266,5.23059289125114,-25.41133952644692,0.7248239066277343,0.20583696053517314
DUMB,20EMA,close<10EMA,4813,17668,21.409189982652016,69.33317967046449,0.6186880885687345,-2.5439992334839845,-56.40129891559504,-0.23555869717317848,-0.04510533059338045
DUMB,20EMA,close<20EMA,2828,19653,12.57951158756283,69.76714977721875,1.906083198334531,3.522515151672012,-34.862224888279755,0.3783321350378446,0.10104103117228866
DUMB,20EMA,close<50EMA,1633,20848,7.263911747698056,68.23527632391874,2.487869138248681,4.954139224852172,-27.87357985936032,0.45821070706141087,0.17773602278031417
DUMB,20EMA,hold 20d,3310,19171,14.723544326320004,70.86504283508762,2.8010357002561466,5.684302638934802,-29.865594008899098,0.5584317590076188,0.19032946866019276
DUMB,20EMA,target 2R,2318,20163,10.310929229126819,61.70202595745014,2.524747699940603,4.978998219527231,-28.83876325868019,0.5984078970711009,0.17264950562776302
DUMB,20EMA,target 4R,1393,21088,6.196343579022286,62.95806684101335,2.9308192540294398,5.8036491161483905,-27.803668619218648,0.6928540474849217,0.20873681080117432
DUMB,20d low,close<10EMA,4924,17044,22.41442097596504,32.058052721650704,0.7292503275667174,-1.6814716148616404,-31.073692546263278,-0.389254444273946,-0.05411238501372903
DUMB,20d low,close<20EMA,2853,19115,12.987072104879825,31.603277678952118,1.0255388382924875,0.1354339637254398,-15.795445878912096,0.04885223206141313,0.008574241256858257
DUMB,20d low,close<50EMA,1356,20612,6.172614712308813,32.62651712682746,1.4703708150591244,2.0666066473518097,-15.816650814139088,0.3879904763632968,0.13066019295971268
DUMB,20d low,hold 20d,2504,19464,11.398397669337218,33.59286889948089,1.9495379814950333,3.6587853874728404,-18.981477056772288,0.7587823390338679,0.19275556778482864
DUMB,20d low,target 2R,563,21405,2.562818645302258,27.693575572784752,1.6326033884291178,2.586615336516007,-12.617813937180477,0.7301464914496644,0.20499710563127874
DUMB,20d low,target 4R,430,21538,1.9573925710123816,29.283420258446313,1.7614555143360426,2.972321751480478,-13.85588493133778,0.7193404383864871,0.21451691943240622
DUMB,3.0%,close<10EMA,5168,17464,22.834924001413928,81.0341985990922,0.6541598590189368,-2.240245466417534,-70.628594822556,-0.12569988349078304,-0.03171867530489348
DUMB,3.0%,close<20EMA,3325,19307,14.691587133262637,82.45314109165712,1.4415690029155315,1.9716828680953258,-46.933446976461326,0.18849041514643852,0.04201018666036164
DUMB,3.0%,close<50EMA,1896,20736,8.377518557794273,84.68492586490895,3.43817010322553,6.7618870043734125,-28.927813839358574,0.5343033268074698,0.23375036364391047
DUMB,3.0%,hold 20d,3732,18900,16.489925768822907,85.00617792421681,1.8888359460401987,3.4735843868726635,-42.312317283142086,0.2991532392483957,0.08209392937825685
DUMB,3.0%,target 2R,3901,18731,17.236656062212795,86.82248764415098,2.556182731593319,5.155003015010862,-43.10975506258401,0.4606359999933401,0.11957857351606743
DUMB,3.0%,target 4R,2322,20310,10.25980911983033,88.5955518945632,4.135699010498005,7.844980304951243,-31.3567252983852,0.6895373068286861,0.250184935776927
DUMB,5.0%,close<10EMA,5076,17556,22.428419936373277,51.93819530284146,0.7194245062828527,-1.742657233360978,-55.660253236538324,-0.18326740622605542,-0.03130882689223925
DUMB,5.0%,close<20EMA,3002,19630,13.264404383174266,52.71472708547813,1.1884275651363483,0.9313418299339737,-40.13398345239085,0.1417057749767151,0.02320581586522013
DUMB,5.0%,close<50EMA,1514,21118,6.6896429833863555,54.18402634829117,2.4938809453902775,4.910546341789157,-23.96927048765306,0.6020187194901954,0.20486841033892356
DUMB,5.0%,hold 20d,3050,19582,13.476493460586779,54.5953067105795,2.2962152653959946,4.571211352326743,-32.6375832466923,0.5277884812776061,0.1400597378113166
DUMB,5.0%,target 2R,1725,20907,7.621951219512195,54.88801976121826,3.067981558931246,6.16552554186125,-28.544802239970444,0.8152813425355611,0.21599468407694367
DUMB,5.0%,target 4R,961,21671,4.246200070696359,55.67229312474244,2.9967579898129904,5.982980092867374,-21.766914334429554,0.8544465011745663,0.2748657894703921
DUMB,bar low,close<10EMA,4657,17244,21.26386922971554,83.3067321228481,0.3664597418603018,-5.248805156948578,-74.83862462920779,-0.36544045866911196,-0.07013497619650388
DUMB,bar low,close<20EMA,3209,18692,14.652298981781653,82.5351555678942,0.9834112663292129,-0.08905519550211904,-57.72522339393005,0.04606097174092698,-0.0015427431938095093
DUMB,bar low,close<50EMA,1929,19972,8.807816994657777,82.9999227432168,2.7934831199850723,5.601256471087956,-33.57761497437745,0.435862493982693,0.16681519742727968
DUMB,bar low,hold 20d,3772,18129,17.22295785580567,84.76710275625473,1.2402780229583752,1.162207218467337,-42.40489412453808,0.13232622927307003,0.027407384040485375
DUMB,bar low,target 2R,4450,17451,20.318706908360348,83.45443793719247,1.6645998852118526,2.7286830912169435,-31.59774277988032,0.25665532056705376,0.08635689929580719
DUMB,bar low,target 4R,2722,19179,12.428656225743117,81.86016381019427,1.7083684291497276,2.8624916989620885,-33.47451328927615,0.2832610471377955,0.08551257113808768
GATES,1.0%,close<10EMA,2073,807,71.97916666666667,35.16142214956994,0.8361904160524414,-0.9474889825137889,-50.34069693748266,0.033238700412127356,-0.01882153089160567
GATES,1.0%,close<20EMA,1896,984,65.83333333333333,39.758888434817194,0.6146155690913119,-2.5347605458562517,-65.6667392102261,-0.023188102949623205,-0.038600371761135364
GATES,1.0%,close<50EMA,1402,1478,48.68055555555556,49.493257049448,3.2735203296030813,6.40788503451617,-51.29303314973501,0.26301445701536225,0.12492700550209662
GATES,1.0%,hold 20d,2051,829,71.21527777777777,37.08622803432676,1.312784017117788,1.457921406803786,-38.77216189009063,0.1379404882718392,0.037602272757877885
GATES,1.0%,target 2R,2836,44,98.47222222222223,21.093175316713406,0.2277562332249214,-7.578501081546774,-78.21382745614328,-0.7027060161105435,-0.09689464546145955
GATES,1.0%,target 4R,2759,121,95.79861111111111,24.50756027789024,0.3279245173098826,-5.7664175547403556,-69.35469704022124,-0.41441674819957786,-0.08314386481129327
GATES,1.0ATR,close<10EMA,2168,712,75.27777777777777,23.74677278323622,1.9786252741224333,3.6915508958790033,-28.24830763244408,0.3508379794537243,0.13068219675005024
GATES,1.0ATR,close<20EMA,1881,999,65.3125,29.681348030033927,2.6893730597632306,5.395930925037895,-35.13721858556493,0.36018008878814795,0.15356738928831012
GATES,1.0ATR,close<50EMA,1494,1386,51.875,39.398017898655404,4.5233026483354735,8.231582353455291,-30.67639697853529,0.4767415350767848,0.2683360226174882
GATES,1.0ATR,hold 20d,2039,841,70.79861111111111,27.332339230506285,2.6461109379401764,5.3083441301345236,-19.243204506870615,0.47997742744783023,0.2758555171119876
GATES,1.0ATR,target 2R,2423,457,84.13194444444444,22.36233705911175,1.797731813915199,3.160573666480593,-30.512762334887345,0.32847207189279215,0.103582023541241
GATES,1.0ATR,target 4R,2007,873,69.6875,31.698877718292856,2.003475185772986,3.7048516615190152,-27.288074075306934,0.35517977335484235,0.13576816199247815
GATES,1.5%,close<10EMA,2119,761,73.57638888888889,31.189211279118048,0.7262764506125113,-1.6875373317445819,-54.78327453672441,-0.03006565526238781,-0.030803878483264588
GATES,1.5%,close<20EMA,1896,984,65.83333333333333,35.82345729464724,0.7451817248594284,-1.5394211661651003,-58.76917261339594,0.00885247641586599,-0.026194365135816158
GATES,1.5%,close<50EMA,1588,1292,55.138888888888886,46.4282795259504,2.1686149395291583,4.157671368052007,-58.14443460768152,0.214768055291042,0.07150592135094445
GATES,1.5%,hold 20d,2059,821,71.49305555555556,32.94237842255901,0.8744057255120727,-0.7112418016200328,-48.61035709274306,0.020318767860190583,-0.014631486871471937
GATES,1.5%,target 2R,2774,106,96.31944444444444,18.189619942787655,0.465675482777879,-3.989419864101751,-55.41496855483419,-0.35468045383443064,-0.07199173739770587
GATES,1.5%,target 4R,2614,266,90.76388888888889,23.81283203923251,0.45241477844776673,-4.132335660388364,-56.063015506397804,-0.29515782188506506,-0.07370876545013512
GATES,10d low,close<10EMA,1915,729,72.42813918305598,8.849638487806944,1.4888545384848537,2.1386825494186246,-7.2176500489278705,0.49960752760146826,0.2963128629014523
GATES,10d low,close<20EMA,1542,1102,58.32072617246596,11.510877814886824,1.732931049912409,2.965974147624584,-10.641426596817528,0.4751164123628778,0.2787195984147089
GATES,10d low,close<50EMA,1060,1584,40.09077155824508,15.641745750475767,1.5964000752274259,2.498236820615296,-14.858029875587341,0.3928468640593947,0.16814051671278796
GATES,10d low,hold 20d,1563,1081,59.114977307110436,13.016926215206238,2.0569128820862908,3.9177192078408307,-6.52791066324423,0.7715366479334459,0.6001490231629195
GATES,10d low,target 2R,763,1881,28.857791225416037,17.8783242732496,2.0090231533556615,3.6568376731531904,-11.447970702351451,0.7464303884775616,0.31943108243647617
GATES,10d low,target 4R,526,2118,19.89409984871407,19.534980132067172,2.332298925481196,4.42613319828995,-12.955655372614117,0.8164393348167808,0.34163715157520974
GATES,2.0ATR,close<10EMA,2021,851,70.36908077994428,13.562607220602816,1.499092029756269,2.1739817750415114,-12.124919297899972,0.3728847598057819,0.17929865936658593
GATES,2.0ATR,close<20EMA,1619,1253,56.371866295264624,17.53331351381716,2.14894520524105,4.150477552216225,-12.677923756191667,0.45054476782852776,0.3273783335531741
GATES,2.0ATR,close<50EMA,1131,1741,39.380222841225624,23.18677711824397,2.4257987835814694,4.768849596335123,-16.65667854083006,0.5139584217390264,0.28630255333591104
GATES,2.0ATR,hold 20d,1718,1154,59.81894150417827,18.018946609479766,2.471903276988845,4.934457844297069,-10.945854593961545,0.7178186917075067,0.4508060838867018
GATES,2.0ATR,target 2R,1435,1437,49.96518105849582,22.77019833230637,2.4619811629703046,4.826937064832593,-18.621724944648797,0.6298691617541331,0.2592099861414653
GATES,2.0ATR,target 4R,971,1901,33.809192200557106,26.937916150333734,2.7021707732314493,5.246144771611916,-21.035078160905783,0.6734025427359347,0.24939982307087438
GATES,20EMA,close<10EMA,1987,828,70.58614564831261,15.436768610505194,1.7743074934117418,3.0956708108369924,-11.80695232432637,0.4336548918284131,0.26219050655933024
GATES,20EMA,close<20EMA,1622,1193,57.619893428063946,19.60265669219287,1.6577757747088089,2.723569219896449,-19.51100272852169,0.3310233372889387,0.13959145297617456
GATES,20EMA,close<50EMA,1157,1658,41.101243339254,25.43769933521802,2.427230290855066,4.770692411270727,-20.187930386404474,0.4584363158919131,0.23631409064514813
GATES,20EMA,hold 20d,1738,1077,61.740674955595026,19.271870955546934,2.4994435783247657,4.991135307651495,-11.48655288494238,0.6187516532062183,0.4345198561871708
GATES,20EMA,target 2R,1436,1379,51.01243339253996,21.06401529617921,2.062288343689053,3.854166130593928,-15.724076926900675,0.5141283924562731,0.24511239346585992
GATES,20EMA,target 4R,1008,1807,35.80817051509769,25.005226410290025,2.1769743947886657,4.134351447383078,-17.862659341422983,0.5493841435589757,0.2314521801239101
GATES,20d low,close<10EMA,1762,430,80.38321167883211,6.213531019297396,1.2251875429870418,1.0847126454967215,-5.305758245239356,0.38225129487299636,0.20444064643729115
GATES,20d low,close<20EMA,1469,723,67.01642335766424,8.397797985993941,1.3575296872617713,1.6382131185966653,-6.0005100394421085,0.4073298913139082,0.2730123119249004
GATES,20d low,close<50EMA,1003,1189,45.75729927007299,11.953596200690663,1.4741688827545303,2.0753966842815386,-9.996987786241174,0.45082103631949194,0.20760220264927212
GATES,20d low,hold 20d,1422,770,64.87226277372262,10.069829684072866,1.6054788683454346,2.5539459895502326,-6.119798739691163,0.6879075377724103,0.4173251602190954
GATES,20d low,target 2R,568,1624,25.912408759124087,14.924979238960036,1.80606153785425,3.1011729875969563,-9.219406086318827,0.7066796029232014,0.3363744864432161
GATES,20d low,target 4R,396,1796,18.065693430656935,15.23878487925324,2.0516540695482215,3.7847181478668723,-10.35278280248999,0.8645981677077815,0.3655749589334178
GATES,3.0%,close<10EMA,2292,588,79.58333333333333,29.4523906824682,3.0335860356802944,6.068761767364506,-26.640879567016786,0.40084307873114366,0.22779885146427536
GATES,3.0%,close<20EMA,2090,790,72.56944444444444,36.71638741315861,3.708311899727103,7.205751321462972,-34.83258223600677,0.3649744047483129,0.206868134915772
GATES,3.0%,close<50EMA,1723,1157,59.826388888888886,48.53085410706941,5.3233169317351035,9.156608988102377,-31.449214021440387,0.4286176165258774,0.291155415898785
GATES,3.0%,hold 20d,2251,629,78.15972222222223,33.036371066611906,4.367384495751675,8.145816800259187,-24.466579071756666,0.516266836148183,0.3329364835340803
GATES,3.0%,target 2R,2718,162,94.375,21.47527584797747,1.2865283532710896,1.3473868404813683,-32.227157103898975,0.16201708678373938,0.04180905055129284
GATES,3.0%,target 4R,2496,384,86.66666666666667,31.338373518593922,1.7578535048040476,3.0419158490367026,-30.377015922884464,0.27148604282737016,0.10013873175557976
GATES,5.0%,close<10EMA,2146,734,74.51388888888889,21.682124616955843,2.4482439158001092,4.871303738365529,-19.512157587688385,0.45406616428189744,0.2496547968349324
GATES,5.0%,close<20EMA,1839,1041,63.854166666666664,27.59387129724176,3.1116978028347506,6.215749507345092,-26.984174470277157,0.4200299480618037,0.2303479587338011
GATES,5.0%,close<50EMA,1424,1456,49.44444444444444,36.17405515832448,4.483562095155886,8.198673710018678,-26.410765834650064,0.4709763079690356,0.31042923031267367
GATES,5.0%,hold 20d,1997,883,69.34027777777777,25.751583248212423,3.353506106052091,6.638853382544574,-18.673371897991075,0.5890003039367536,0.35552515200850243
GATES,5.0%,target 2R,2284,596,79.30555555555556,24.43513789581156,1.731844437759512,2.947729806571542,-18.362732981466657,0.32557353022599744,0.16052783698083828
GATES,5.0%,target 4R,1819,1061,63.15972222222222,32.98345250255318,2.3897877664475815,4.66314325154118,-25.271070941720055,0.4333902736773498,0.18452495591877702
GATES,bar low,close<10EMA,2156,631,77.35916756368856,25.112138010420047,2.065958485090929,3.933238969624564,-22.557428505477095,0.35745611038287234,0.1743655740134363
GATES,bar low,close<20EMA,1888,899,67.74309293146753,31.211314365524956,3.0349238839824646,6.074884378191303,-28.62426737145438,0.351231882592074,0.21222846682355603
GATES,bar low,close<50EMA,1490,1297,53.462504485109434,41.293579060748,3.9809340065924674,7.525136475452365,-29.117741592975577,0.4179630181038057,0.25843819141755636
GATES,bar low,hold 20d,2023,764,72.5870111230714,28.47637130775411,4.1675211916072925,7.87585323822515,-21.671612618825076,0.5505127528270634,0.3634179595561698
GATES,bar low,target 2R,2243,544,80.48080373161105,21.777839260857704,1.4449961905359605,1.9622928622891722,-16.748894773911328,0.23732243202794848,0.11715954328793737
GATES,bar low,target 4R,1820,967,65.3031933979189,29.917081092493703,2.0958798796821823,3.9661827211944667,-19.841974188411093,0.39729394645846206,0.19988851328669482
LEADER,1.0%,close<10EMA,481,12,97.56592292089249,7.24519033974625,1.0500869196017175,0.2611389657152241,-46.551180735276034,0.0642942518467259,0.0056097173388630186
LEADER,1.0%,close<20EMA,467,26,94.7261663286004,8.632828489562053,1.2825158087535278,1.335069246185383,-42.6855322886149,0.12180697810273552,0.0312768559885447
LEADER,1.0%,close<50EMA,433,60,87.82961460446248,11.844044207941076,1.3106418621258804,1.44847200699747,-51.604236696552604,0.12669253060310176,0.02806885828996739
LEADER,1.0%,hold 20d,486,7,98.58012170385396,7.625869832173599,1.7398343202258009,2.9992636832711694,-28.085819824271574,0.22987103371117426,0.10678925173048451
LEADER,1.0%,target 2R,493,0,100.0,3.3954154727793795,0.7029275859767391,-1.8634570559125097,-31.115858687685215,-0.35268654472912087,-0.05988769503732236
LEADER,1.0%,target 4R,493,0,100.0,3.8252148997134836,0.7147543546293903,-1.7760415982001065,-30.64270195495944,-0.3081861446178101,-0.05795969300653198
LEADER,1.0ATR,close<10EMA,492,1,99.7971602434077,4.771416245650347,1.1213494437696876,0.6112553322247916,-10.42495878717461,0.13639611865442247,0.05863383680487959
LEADER,1.0ATR,close<20EMA,479,14,97.16024340770791,6.91066032907695,1.7441278726293967,2.9827165841258774,-10.722478211614728,0.2950353530227405,0.27817418000392485
LEADER,1.0ATR,close<50EMA,461,32,93.50912778904666,10.209779662030181,1.8840609576235003,3.385071858419786,-13.309658032232374,0.2952396214451526,0.2543319933706833
LEADER,1.0ATR,hold 20d,491,2,99.59432048681542,5.498588226295345,1.463203505979798,2.045252574864098,-10.505150775042315,0.3298225307528827,0.1946904541078193
LEADER,1.0ATR,target 2R,493,0,100.0,3.494142075564101,1.027090729542668,0.1422834210541346,-10.984776816276565,0.050592123951542035,0.012952782148774093
LEADER,1.0ATR,target 4R,493,0,100.0,5.377342200254558,1.2956721861843168,1.3873527892225734,-10.525917239133896,0.25924862926168446,0.1318035053576698
LEADER,1.5%,close<10EMA,486,7,98.58012170385396,6.594351207531687,1.2968143182168095,1.3966133266809289,-25.181707152994637,0.15194959543613878,0.055461423572104485
LEADER,1.5%,close<20EMA,467,26,94.7261663286004,8.1784690953745,1.8638249428912048,3.374317686304429,-22.634018997744366,0.2218954577412628,0.1490816848143806
LEADER,1.5%,close<50EMA,444,49,90.06085192697769,11.706917724109676,2.0169080798266905,3.7999790926513732,-31.470837939385998,0.22673113857161492,0.12074604114355882
LEADER,1.5%,hold 20d,488,5,98.98580121703854,6.9422840769545235,1.6287512957087305,2.637275659541438,-20.517839131240578,0.2423894068359067,0.1285357411505341
LEADER,1.5%,target 2R,493,0,100.0,2.730249693000421,0.7778141028530206,-1.331880164723942,-24.491893638959038,-0.28446967022724057,-0.05438044866426057
LEADER,1.5%,target 4R,493,0,100.0,3.4711420384772724,0.7606108774787311,-1.4495692352207268,-25.764477045076806,-0.2612892484603328,-0.0562623193432027
LEADER,10d low,close<10EMA,409,6,98.55421686746988,1.5623851703900866,1.0707022003605617,0.3638245833438969,-2.4014901565535873,0.25091549181455375,0.15149951056473482
LEADER,10d low,close<20EMA,392,23,94.4578313253012,2.585708771904072,1.188844744887578,0.918179830691046,-3.182221525792295,0.33404284458980615,0.28853422781823523
LEADER,10d low,close<50EMA,351,64,84.57831325301204,4.914331090749793,1.2334233321560792,1.1180763137178529,-5.843805111387967,0.3374485109819596,0.19132676268396254
LEADER,10d low,hold 20d,403,12,97.10843373493977,2.6513614812946114,1.1933535823786132,0.9478788677027117,-4.238078843439819,0.4440581391679427,0.2236576766781832
LEADER,10d low,target 2R,343,72,82.65060240963855,7.058828996196211,1.5649262533924067,2.3677705094824475,-4.749248145879992,0.6934286188929542,0.498556916116608
LEADER,10d low,target 4R,279,136,67.2289156626506,9.282532195215545,1.7016303141529376,2.8077716412898246,-4.863477932462268,0.6545110227619928,0.5773176480454006
LEADER,2.0ATR,close<10EMA,487,6,98.78296146044624,3.376345311103551,1.1500541291103599,0.7460005243312695,-5.562722350071725,0.2517375429286284,0.13410709314327915
LEADER,2.0ATR,close<20EMA,460,33,93.30628803245436,5.190552982254505,1.4078513562839217,1.8238089858142459,-5.7612324747065236,0.32216050100417154,0.31656576849160223
LEADER,2.0ATR,close<50EMA,413,80,83.77281947261663,8.476599856013282,1.502579725851535,2.178263507332434,-6.9539803960514845,0.31960044224152184,0.31323981134161183
LEADER,2.0ATR,hold 20d,483,10,97.97160243407708,4.551008842997514,1.3679082855875484,1.6860581219459547,-6.232858323476675,0.44823081337178927,0.27051122204964145
LEADER,2.0ATR,target 2R,482,11,97.76876267748479,5.997903090125326,1.3427967134775298,1.5883636476885066,-6.2301786804992325,0.3901066071998628,0.2549467245073024
LEADER,2.0ATR,target 4R,429,64,87.0182555780933,9.015605856579299,1.5792120558258693,2.4613231343654007,-8.59422319559916,0.46977195358374196,0.2863927406057792
LEADER,20EMA,close<10EMA,468,8,98.31932773109244,2.3301966800422598,1.102025020817901,0.5177870673668261,-4.45958733061238,0.24652765888509723,0.11610649797404568
LEADER,20EMA,close<20EMA,442,34,92.85714285714286,3.794008712238281,1.288624648014532,1.3488400121056232,-5.656553578739398,0.3378385325962143,0.23845615414575838
LEADER,20EMA,close<50EMA,387,89,81.30252100840336,6.595172113525547,1.387992307377526,1.7380162333598514,-5.10767149702197,0.3576915416122899,0.3402756489670885
LEADER,20EMA,hold 20d,460,16,96.63865546218487,3.5446798461467983,1.2219842182932394,1.0712825521183467,-5.756239387165141,0.3979313139035848,0.18610806119478238
LEADER,20EMA,target 2R,415,61,87.18487394957984,6.816698200430141,1.5115127693040433,2.1996810252937093,-6.3619147947204135,0.5533611746465031,0.34575769972888776
LEADER,20EMA,target 4R,350,126,73.52941176470588,9.744949375628748,1.968169737447273,3.5544041647689317,-6.755934944773234,0.7494232825578507,0.5261158068904758
LEADER,20d low,close<10EMA,236,0,100.0,0.7555114910664067,1.0251103528612804,0.13204187799875644,-1.9978589091955157,0.1533549194629201,0.0660916931576145
LEADER,20d low,close<20EMA,236,0,100.0,1.2611192589075855,1.0973287371616842,0.4953309343237233,-2.066225385428322,0.2979183895749085,0.2397274459102838
LEADER,20d low,close<50EMA,223,13,94.49152542372882,2.5901652363572953,1.1100840425141045,0.5603303572077056,-4.130619198820229,0.2565153267270489,0.13565287193933176
LEADER,20d low,hold 20d,236,0,100.0,1.3632554328752453,1.0910858860008303,0.46633180874866564,-2.095599241974977,0.38495460029763984,0.2225290978389436
LEADER,20d low,target 2R,215,21,91.10169491525424,5.333009973299464,1.2886801250413182,1.3258837318159244,-3.849834965096377,0.3812462688114648,0.3444001480158857
LEADER,20d low,target 4R,192,44,81.35593220338983,6.802597710693709,1.5086555206861514,2.13895169481646,-4.198169915987549,0.6512428435967176,0.5094962180236832
LEADER,3.0%,close<10EMA,493,0,100.0,5.212244897959164,1.093317957975311,0.4758257148662626,-21.697209040643774,0.0906535023439926,0.02193027287403341
LEADER,3.0%,close<20EMA,485,8,98.37728194726166,7.251581309936747,1.7355659369911898,2.9559427715400544,-20.352675389198048,0.24387265974595054,0.14523607904191738
LEADER,3.0%,close<50EMA,479,14,97.16024340770791,10.461036311709536,1.5972602304256187,2.491670233128618,-30.601604000240247,0.19707058024312704,0.08142286375279728
LEADER,3.0%,hold 20d,493,0,100.0,5.80783353733169,1.3916728394831188,1.7735573346787437,-19.09347117679605,0.23725658704096186,0.09288815628423373
LEADER,3.0%,target 2R,493,0,100.0,2.8172174622602917,0.8121375366164192,-1.1007352384737823,-21.129930138420583,-0.2643473133605377,-0.052093652523361345
LEADER,3.0%,target 4R,493,0,100.0,4.167686658506714,1.0034746485049542,0.01845183970028419,-11.860718840156249,0.025867190051308164,0.0015557100668985348
LEADER,5.0%,close<10EMA,491,2,99.59432048681542,4.6481632653061355,1.2218081346632887,1.0716065692201404,-9.273044086097403,0.22050121862677283,0.1155614660375383
LEADER,5.0%,close<20EMA,481,12,97.56592292089249,6.712507651499709,1.6642345959247367,2.7278921772626585,-9.222110834604269,0.30007820872919994,0.29579911000708714
LEADER,5.0%,close<50EMA,472,21,95.74036511156187,10.11215334420884,1.6808569217020826,2.766827057278287,-12.496129169558824,0.2649309199018994,0.2214147292922045
LEADER,5.0%,hold 20d,491,2,99.59432048681542,5.40293637846656,1.5659063732540268,2.412707327584962,-9.426839122252495,0.3854552082059165,0.25594022516939463
LEADER,5.0%,target 2R,493,0,100.0,3.8172920065253018,1.0641667291042727,0.33116334572533823,-9.007802015718037,0.09408050888801484,0.03676405688618371
LEADER,5.0%,target 4R,493,0,100.0,5.920473083197411,1.1968703462503039,0.9599259380035363,-9.933397438501302,0.20070142100179283,0.09663621575060675
LEADER,bar low,close<10EMA,472,5,98.95178197064989,4.242710312701167,1.0395081148020602,0.20637719401273014,-13.787477723289731,0.06780112802539413,0.014968451674385586
LEADER,bar low,close<20EMA,457,20,95.80712788259959,6.022918322040927,1.1967612235294947,0.9594365820077,-17.61225748477887,0.1435677927434576,0.05447550280461654
LEADER,bar low,close<50EMA,440,37,92.24318658280923,8.90441082541696,1.1051857192005732,0.5270121901640223,-22.534449256876577,0.09720753119654374,0.023386956750371883
LEADER,bar low,hold 20d,472,5,98.95178197064989,5.113912670970663,1.2697569808024334,1.2775149724343793,-13.91048053107069,0.24381397640802407,0.09183830634613231
LEADER,bar low,target 2R,477,0,100.0,4.6250449317302,1.114745218123248,0.5790465317816018,-12.218108609940948,0.15797344313046888,0.04739248522561631
LEADER,bar low,target 4R,467,10,97.9035639412998,6.841988172267677,1.4259553786501,1.8928521212874472,-11.897721321063582,0.3403273907276691,0.15909366761989666
POTENT,1.0%,close<10EMA,576,8,98.63013698630137,9.043620724964216,0.6533244206001488,-2.2459404332785815,-49.384785029425956,-0.15819879121158884,-0.04547838837286294
POTENT,1.0%,close<20EMA,572,12,97.94520547945206,10.702437026418231,0.7533362174703505,-1.4983564889326062,-56.31796159090371,-0.018173959343378385,-0.026605304002597564
POTENT,1.0%,close<50EMA,568,16,97.26027397260275,13.45484333401595,0.6138257931195952,-2.5610998654539197,-69.00228455693056,-0.06955726463589618,-0.03711616045612049
POTENT,1.0%,hold 20d,576,8,98.63013698630137,9.682572189227987,0.865656325707802,-0.7668917076960824,-44.96821532187285,-0.013453842624939764,-0.01705408369460153
POTENT,1.0%,target 2R,584,0,100.0,4.202334630350227,0.7261636248107429,-1.6937366019342148,-28.785469300323328,-0.2846819727366585,-0.05883998569775585
POTENT,1.0%,target 4R,583,1,99.82876712328768,4.847429858693465,0.7522868781248867,-1.5080784944240366,-26.357809366511418,-0.21925398757459738,-0.05721562340230394
POTENT,1.0ATR,close<10EMA,584,0,100.0,5.985551803310779,0.9189154083294048,-0.4499612646432394,-15.64754455723959,-0.06928474760721459,-0.028756030251088662
POTENT,1.0ATR,close<20EMA,581,3,99.48630136986301,8.314058632633543,1.155258541152075,0.765484740692024,-13.785925405984656,0.11639874094636382,0.055526540159554084
POTENT,1.0ATR,close<50EMA,565,19,96.74657534246575,12.440239932073533,1.3071094814350515,1.417492320232161,-23.47858995973513,0.1665144910673646,0.060373826650710505
POTENT,1.0ATR,hold 20d,584,0,100.0,6.94537830706394,1.033729603776035,0.17686713415587807,-13.33224291441849,0.051979946509428186,0.013266119983802624
POTENT,1.0ATR,target 2R,584,0,100.0,4.585318990451557,0.866870635824782,-0.7596898257450913,-21.53950118341451,-0.1542951480303336,-0.035269610901205777
POTENT,1.0ATR,target 4R,583,1,99.82876712328768,7.118811368530916,0.87601596149409,-0.701831743964032,-23.46398584100806,-0.09949448013130696,-0.029911019752553683
POTENT,1.5%,close<10EMA,574,10,98.28767123287672,8.072906000409535,0.7985982323934375,-1.192937252472115,-34.97215056272624,-0.09416297394086101,-0.03411106361138575
POTENT,1.5%,close<20EMA,566,18,96.91780821917808,10.014335449518686,1.0898065055918658,0.4594350577852069,-34.82834915902375,0.07937841658142891,0.013191410700732879
POTENT,1.5%,close<50EMA,544,40,93.15068493150685,12.664345689125495,1.0312813821130629,0.1638795862619835,-47.493795033926745,0.07098583134465508,0.0034505473008614638
POTENT,1.5%,hold 20d,566,18,96.91780821917808,8.64632398115907,0.8356708805511842,-0.9533933020726582,-33.80052420062968,-0.05022899126317621,-0.02820646497709929
POTENT,1.5%,target 2R,584,0,100.0,3.571574851525691,0.778430511858227,-1.328287826484409,-24.482900523800243,-0.26232911034927364,-0.05425369535742539
POTENT,1.5%,target 4R,584,0,100.0,4.685644071267636,0.6716431567953725,-2.1024951177810336,-34.388753047464874,-0.3772763997933957,-0.06113903330193674
POTENT,10d low,close<10EMA,538,9,98.35466179159049,2.0958709436101404,1.0061804328114476,0.032850662317196466,-4.352070292970023,0.033621055559136435,0.007548283944370276
POTENT,10d low,close<20EMA,529,18,96.70932358318099,3.4433946162734546,1.099852119133201,0.5041493624554638,-4.7182011616024315,0.21004090182045185,0.10685202796318263
POTENT,10d low,close<50EMA,467,80,85.37477148080438,6.699966026427077,1.224648765411373,1.0784058595659562,-4.865629816127182,0.3182888381711373,0.22163746530645806
POTENT,10d low,hold 20d,532,15,97.25776965265082,3.745211631650868,1.173630128141427,0.8587598846147682,-3.439590183810004,0.4062744690628198,0.24966924509114843
POTENT,10d low,target 2R,416,131,76.05118829981718,9.651787146856243,1.4868568033915397,2.100165987496183,-6.936747010111954,0.5861577789393446,0.30275949006568825
POTENT,10d low,target 4R,343,204,62.70566727605119,12.201895646158757,1.7475545963864343,2.9356089962872645,-6.424115603632485,0.699148809483047,0.45696702509950765
POTENT,2.0ATR,close<10EMA,577,7,98.8013698630137,4.224140023632189,1.1011060304488098,0.5147573592591659,-8.127906564491205,0.16087821751076817,0.06333209605386118
POTENT,2.0ATR,close<20EMA,559,25,95.71917808219177,6.386788095907736,1.219718823902102,1.0549822634949857,-8.074576290150182,0.24223677743727645,0.13065481402187157
POTENT,2.0ATR,close<50EMA,521,63,89.21232876712328,10.767825991519654,1.2514978842578106,1.1875688784744876,-9.18883693451239,0.21468863822653356,0.1292403910242539
POTENT,2.0ATR,hold 20d,572,12,97.94520547945206,5.825225472264881,1.2085091909769152,1.0142542554461675,-8.01586548027774,0.25326909188973634,0.1265308478468909
POTENT,2.0ATR,target 2R,569,15,97.43150684931507,8.150623439313955,1.1408520542970877,0.6997114942331795,-13.803538995697117,0.16566905139472424,0.050690731880519604
POTENT,2.0ATR,target 4R,522,62,89.38356164383562,12.319177673354021,1.4562539065006805,1.9718154375536034,-8.886906737652932,0.36318169465934874,0.22187871390606803
POTENT,20EMA,close<10EMA,570,11,98.10671256454388,3.200568220170812,0.9964871703092829,-0.01875740765946432,-7.480326412765215,0.007393286222313107,-0.0025075653954692015
POTENT,20EMA,close<20EMA,553,28,95.18072289156626,5.076025032533009,1.1082194098210163,0.544403940626581,-9.990749969862856,0.16387915593792074,0.05449079821522689
POTENT,20EMA,close<50EMA,504,77,86.74698795180723,8.863598352920151,1.1384355847492196,0.6837391988651964,-8.711734469478472,0.16801673130138284,0.07848485296018537
POTENT,20EMA,hold 20d,567,14,97.59036144578313,4.807417575951438,1.0632421803149577,0.32686133961321584,-7.913356538433369,0.12133045730306118,0.041305018676426976
POTENT,20EMA,target 2R,524,57,90.18932874354562,9.030009928433978,1.2566319057088304,1.2010093207672767,-8.973889773881737,0.29498853787502044,0.13383375002697068
POTENT,20EMA,target 4R,451,130,77.62478485370052,12.914836049878923,1.389593487366915,1.7116157577767632,-9.039672529758969,0.3574167721819791,0.18934488524247473
POTENT,20d low,close<10EMA,392,0,100.0,1.268004595934389,0.9770616719818803,-0.12375390784562512,-4.444014510872374,-0.10527683109499025,-0.027847323077559404
POTENT,20d low,close<20EMA,390,2,99.48979591836735,2.066631478683973,1.0397922828439523,0.20819909001106307,-4.350345679980816,0.12144391703724819,0.047858056652633915
POTENT,20d low,close<50EMA,365,27,93.11224489795919,4.420729443436182,1.17015249589584,0.844886118711119,-5.021129709497929,0.3426964770328706,0.16826614080750377
POTENT,20d low,hold 20d,389,3,99.23469387755102,2.4023363782738167,1.0956032364836061,0.4890615284458777,-3.123184154144709,0.343788514905656,0.15659067935422727
POTENT,20d low,target 2R,297,95,75.76530612244898,8.52040924176498,1.3430387826196108,1.5466432934212904,-6.924928792166629,0.4404994413567191,0.22334428841648582
POTENT,20d low,target 4R,264,128,67.34693877551021,10.045356771986953,1.6168279785830548,2.521614061073496,-7.3577512997678785,0.6082790003360676,0.3427153159081427
POTENT,3.0%,close<10EMA,584,0,100.0,6.959459459459455,0.9202576403569026,-0.44221171835845396,-19.267418422784687,-0.0447469674043328,-0.022951269788977876
POTENT,3.0%,close<20EMA,583,1,99.82876712328768,9.395986895986912,1.1340801971748202,0.6670237067691653,-22.803930217555248,0.09468623996983092,0.029250383613946846
POTENT,3.0%,close<50EMA,570,14,97.6027397260274,13.607698607698659,1.1511123531610692,0.7423529589757116,-28.70250416983422,0.10196833414466804,0.02586370006544273
POTENT,3.0%,hold 20d,584,0,100.0,7.813267813267816,1.0418633412058638,0.21869963219356414,-22.85711827624617,0.05688293306704206,0.009568119198159973
POTENT,3.0%,target 2R,584,0,100.0,4.142096642096625,0.87050352772933,-0.7375338897776751,-19.770621361591033,-0.14500318093353917,-0.03730453769199707
POTENT,3.0%,target 4R,584,0,100.0,6.425061425061412,0.9665226889929914,-0.1810348607284018,-16.92324031110266,-0.0016620827371804307,-0.01069741121678879
POTENT,5.0%,close<10EMA,583,1,99.82876712328768,5.815724815724834,1.0983104461678832,0.5013572269652267,-13.897907789281172,0.1224586334370303,0.03607429510734708
POTENT,5.0%,close<20EMA,578,6,98.97260273972603,8.339066339066369,1.3576006737509392,1.6284530706273337,-13.196941338430069,0.22741009316319435,0.1233962498480771
POTENT,5.0%,close<50EMA,559,25,95.71917808219177,13.067567567567577,1.4616186917711687,2.014754001015673,-14.928675006865333,0.2443038676303631,0.13495866177602076
POTENT,5.0%,hold 20d,584,0,100.0,6.888206388206391,1.238161868616132,1.1444766666824258,-11.795490414129873,0.19997931677180023,0.097026628525038
POTENT,5.0%,target 2R,584,0,100.0,5.470515970515992,0.9899171808168626,-0.05402350590432148,-18.67544760892217,0.007424739759027164,-0.0028927556134457424
POTENT,5.0%,target 4R,583,1,99.82876712328768,8.582309582309614,1.047258679010648,0.24581113935919774,-21.95715917882537,0.06339968165755029,0.011195033809120828
POTENT,bar low,close<10EMA,564,0,100.0,5.645148423292309,0.926973072266877,-0.4035992979190217,-19.89839095667919,-0.07180112237061131,-0.02028301176701665
POTENT,bar low,close<20EMA,559,5,99.11347517730496,7.864444338645289,0.965579306465896,-0.18614058664042643,-23.96084000354789,-0.006218667653630895,-0.00776853343258686
POTENT,bar low,close<50EMA,541,23,95.92198581560284,11.955777815056914,0.9528622389561427,-0.25348008805845534,-29.674203498414798,-0.013524845231789304,-0.008542102505699818
POTENT,bar low,hold 20d,563,1,99.822695035461,6.732462133770782,1.0372526997797162,0.1953673161692926,-13.71381478117656,0.055819368253626815,0.01424602266303405
POTENT,bar low,target 2R,564,0,100.0,5.7303016191448854,0.9187398024775366,-0.44487947092605173,-19.003925293486002,-0.08010044319207932,-0.023409872647654723
POTENT,bar low,target 4R,560,4,99.29078014184397,8.811216322029704,1.035340312042702,0.18287838316459748,-18.904692737574724,0.053897603984612276,0.009673703016664786
REQ-only,1.0%,close<10EMA,3743,21866,14.615955328204928,91.85472352581442,0.07505089761371671,-12.845137544368734,-93.8105872166791,-0.7366470039119363,-0.1369263099771422
REQ-only,1.0%,close<20EMA,2758,22851,10.769651294466788,88.71454805142059,0.1448891825133534,-9.742243042906606,-87.1234507646146,-0.500842497159876,-0.11182113377519524
REQ-only,1.0%,close<50EMA,1756,23853,6.856964348471241,85.8620689655189,0.5169742770500104,-3.4186486589754095,-59.46539934385535,-0.13764451718399615,-0.0574897116087166
REQ-only,1.0%,hold 20d,3145,22464,12.280838767620759,90.81411956743801,0.28272736153687766,-6.495999751711434,-81.09274085712444,-0.27940665980541074,-0.08010581074274696
REQ-only,1.0%,target 2R,7969,17640,31.11796633995861,109.96735360131602,0.08165953697358828,-12.475824701872263,-92.45082637125043,-0.6642577902278604,-0.13494551851568834
REQ-only,1.0%,target 4R,4779,20830,18.661408098715295,97.27198530912567,0.19853382744337872,-8.240556271364197,-83.13532689423779,-0.4738920112124097,-0.09912219725613852
REQ-only,1.0ATR,close<10EMA,4683,20926,18.28653988832051,86.340690774484,0.6997803092512571,-1.8666804805938297,-67.83218563648444,-0.09457105336392703,-0.027519096769156894
REQ-only,1.0ATR,close<20EMA,3260,22349,12.729899644656175,86.20032744765125,1.1622126218211446,0.7966321627886241,-50.024158676906836,0.10538101824916522,0.01592494874194419
REQ-only,1.0ATR,close<50EMA,2000,23609,7.809754383224647,86.41753085929645,3.2590584594701673,6.3936196042483795,-39.98799243819522,0.41737527190019713,0.15988848687841112
REQ-only,1.0ATR,hold 20d,3749,21860,14.639384591354602,87.871944717496,1.614407690629922,2.574354800380041,-51.55778435212412,0.2283700607677926,0.04993144745705079
REQ-only,1.0ATR,target 2R,5542,20067,21.6408293959155,91.08858267688535,2.0056470267092785,3.7640624486657837,-33.03863732216288,0.3081544260319332,0.11392910706219675
REQ-only,1.0ATR,target 4R,3186,22423,12.440938732476864,89.10148775166603,2.023493555611205,3.7753907147586308,-37.83325050318271,0.32571829285512055,0.09979028142033493
REQ-only,1.5%,close<10EMA,3763,21846,14.694052872037174,82.67292389308109,0.4028728927499116,-4.712043654194242,-71.99924867208605,-0.229076337043226,-0.06544573368612236
REQ-only,1.5%,close<20EMA,2578,23031,10.06677339997657,81.93021832278991,1.2199175317832265,1.0556984383907508,-50.10281539528609,0.11370736608128837,0.0210706410420616
REQ-only,1.5%,close<50EMA,1758,23851,6.864774102854465,81.35482554580585,1.412374139376579,1.8354358384808922,-48.532913810964175,0.1491373872956478,0.03781837302474604
REQ-only,1.5%,hold 20d,3102,22507,12.112929048381428,84.7246022031807,1.1505847013857635,0.7470510788739393,-53.744940632027216,0.10139385258274149,0.013899933093027981
REQ-only,1.5%,target 2R,5971,19638,23.316021711117184,92.26846185230089,0.7715531537682407,-1.3700479807628452,-50.652935215103234,-0.03776242368611866,-0.02704775103248778
REQ-only,1.5%,target 4R,3445,22164,13.452301925104456,87.92329661362477,1.0938506243305923,0.4764109107483927,-43.34582569539359,0.0829698722007982,0.01099092941720156
REQ-only,10d low,close<10EMA,5046,20293,19.91396661273136,47.933184646740166,0.9593759942077378,-0.22009742007623734,-23.28707012379749,-0.014007490932791543,-0.00945148612110356
REQ-only,10d low,close<20EMA,2928,22411,11.555309996448162,49.4072142280831,1.6593770721260825,2.725221060044758,-24.033307206307676,0.4194858745231632,0.11339350995894183
REQ-only,10d low,close<50EMA,1433,23906,5.655313942933818,47.973581649523645,2.834503797535741,5.619154256363834,-18.272676010546927,0.6786899361437693,0.3075167672824975
REQ-only,10d low,hold 20d,2816,22523,11.113303603141402,50.78350024267389,3.3302857027798445,6.617395030826412,-16.979275959681306,0.9776744511744577,0.38973364038254416
REQ-only,10d low,target 2R,993,24346,3.9188602549429734,39.50142479529093,2.31355206023292,4.421649815045359,-17.48972112289313,0.8812610841479133,0.2528141977780109
REQ-only,10d low,target 4R,591,24748,2.3323730218240657,40.114586955149875,2.4992804700538893,4.854563086265173,-18.609467785061774,0.9135453538039485,0.26086522958824415
REQ-only,2.0ATR,close<10EMA,5159,20442,20.1515565798211,65.66345444628858,0.7971856246725342,-1.199308806790611,-39.10759582341551,-0.11626324721367295,-0.030666901954441543
REQ-only,2.0ATR,close<20EMA,3012,22589,11.765165423225655,65.32102749643916,1.7370000679737296,2.941426283749049,-32.57395072612121,0.3698287894023818,0.09029995496954887
REQ-only,2.0ATR,close<50EMA,1535,24066,5.995859536736846,63.908627226317655,3.3023048044307814,6.460512278117614,-23.321707193289587,0.6505275341640934,0.27701712505748777
REQ-only,2.0ATR,hold 20d,3162,22439,12.351080035936096,68.18357449687137,4.0637973876790925,7.732707954202844,-24.45346069095413,0.8674876480078499,0.3162214155259972
REQ-only,2.0ATR,target 2R,2183,23418,8.527010663645951,64.58254055534232,2.599286029587424,5.153802905154881,-29.52898119391232,0.6511424968517151,0.17453371896953174
REQ-only,2.0ATR,target 4R,1128,24473,4.406077887582517,61.954283340299824,3.432564581035213,6.532259974862575,-23.414097373148746,0.8893387111140003,0.2789883321470151
REQ-only,20EMA,close<10EMA,4953,20478,19.476229798277693,72.63863071603477,0.6837058702600688,-1.99986343581402,-46.63258655049351,-0.17372781870043394,-0.042885535282255444
REQ-only,20EMA,close<20EMA,2896,22535,11.387676457866384,72.92723557761317,2.0958166624063845,4.006609297303099,-38.986850839507944,0.43625892747135236,0.10276822084955212
REQ-only,20EMA,close<50EMA,1618,23813,6.3623137116118125,70.94682889574725,2.630322619367957,5.204100217043339,-27.13959697977427,0.5451800414054496,0.19175303969774068
REQ-only,20EMA,hold 20d,3366,22065,13.235814557036688,74.32107757129792,3.2825951224094814,6.5247116739031386,-33.92212779863161,0.63629522362044,0.1923438209016576
REQ-only,20EMA,target 2R,2281,23150,8.969368094058433,62.867128518282854,2.8457919402690117,5.551778473809166,-25.231637640957082,0.6885177485632394,0.22003242725701164
REQ-only,20EMA,target 4R,1400,24031,5.505092210294523,64.1787547485498,4.32147327260132,7.8041497746395905,-30.240216363024597,0.9359611269581879,0.25807188946511317
REQ-only,20d low,close<10EMA,5058,19786,20.359040412171954,34.094912761151555,0.9659666861863097,-0.18382363183331307,-20.3096007066363,-0.02450945504470827,-0.00905107069747794
REQ-only,20d low,close<20EMA,2972,21872,11.962646916760587,34.22671526502294,1.2111920951258053,1.0221414723928346,-21.95204987473618,0.24581016022572086,0.04656246128381752
REQ-only,20d low,close<50EMA,1353,23491,5.445982933505071,33.69430415602006,1.687951700413889,2.803904634301402,-14.54631895337518,0.6051363848906778,0.19275698843732642
REQ-only,20d low,hold 20d,2582,22262,10.392851392690387,35.57863435370125,1.99891558085339,3.7572326133370693,-19.178708335101447,0.7662508978733134,0.1959064472793754
REQ-only,20d low,target 2R,576,24268,2.318467235549831,29.531814884043182,2.1755543537079927,4.0844329781918765,-14.461009232002109,1.056927800905259,0.282444531544386
REQ-only,20d low,target 4R,409,24435,1.6462727419095153,30.517263612230035,1.9464063784819372,3.4489140171310773,-14.24464526276802,0.8461024650996597,0.24212003552982017
REQ-only,3.0%,close<10EMA,5410,20199,21.12538560662267,83.9889818404391,0.859214060838211,-0.7981875971370456,-52.2786797561294,-0.010356504819978933,-0.015267937156417236
REQ-only,3.0%,close<20EMA,3483,22126,13.600687258385724,85.25607018975612,1.2181287170150406,1.0434618707734211,-44.105371870401264,0.1269056824323545,0.023658385056575828
REQ-only,3.0%,close<50EMA,1989,23620,7.766800734116912,87.26382370944668,3.6065025214677258,6.950167539608132,-33.92769364053152,0.5224858845379711,0.20485234314027037
REQ-only,3.0%,hold 20d,3826,21783,14.940060135108752,87.26551373346862,2.388303146951453,4.730484502649301,-44.44842001071767,0.39739799387282504,0.10642638144412464
REQ-only,3.0%,target 2R,3906,21703,15.252450310437737,89.16293279022362,2.9432048039060326,5.853021511375189,-38.26842029429596,0.5233587727240101,0.15294651481204732
REQ-only,3.0%,target 4R,2307,23302,9.008551681049632,89.65692245229361,3.4121810216765,6.6610510812142865,-34.2397900321346,0.6127316541760812,0.19454123623313058
REQ-only,5.0%,close<10EMA,5283,20326,20.629466203287908,53.64986737400343,0.9417082555297879,-0.3166991883049919,-48.29603650971828,-0.003962361595952025,-0.0065574571164088115
REQ-only,5.0%,close<20EMA,3158,22451,12.331602171111719,54.293817588246476,1.1949822497307492,0.9430348970784985,-37.40952679222603,0.14616183774986066,0.02520841555457654
REQ-only,5.0%,close<50EMA,1583,24026,6.181420594322309,55.443378902264406,2.7314625419573844,5.414130445815957,-29.061488224152555,0.6127307805246864,0.18629914628103444
REQ-only,5.0%,hold 20d,3104,22505,12.120738802764652,55.7591047812807,2.1811119409675412,4.233401948822246,-28.902789233728534,0.5190810755866256,0.14647036016447906
REQ-only,5.0%,target 2R,1761,23848,6.876488734429302,55.72004069175965,2.176142769716675,4.193946119827152,-27.290055510818668,0.5888987944388374,0.15368038068535753
REQ-only,5.0%,target 4R,988,24621,3.8580186653129758,55.52709755118408,2.971041061939554,5.838755771511517,-28.333557026545098,0.8173565380954623,0.20607210616165533
REQ-only,bar low,close<10EMA,4822,19981,19.441196629439986,85.66252926681106,0.5677406530411793,-2.9670892400527893,-64.71103305284504,-0.15855295490052115,-0.04585136568025072
REQ-only,bar low,close<20EMA,3321,21482,13.38950933354836,84.86967468455941,1.2023744514279933,0.9828280531160916,-47.89886828106461,0.11688464794753678,0.020518815754664153
REQ-only,bar low,close<50EMA,1937,22866,7.8095391686489535,84.87726532863887,3.793296478328036,7.245282754811799,-32.11698544442473,0.5163172091333154,0.22559037389573955
REQ-only,bar low,hold 20d,3832,20971,15.449743982582753,86.31845637622301,1.5415887302825622,2.324792287587374,-39.77428771778347,0.2092801357992482,0.0584496271581989
REQ-only,bar low,target 2R,4332,20471,17.465629157763175,84.65309866620447,1.1955045124916777,0.9374725584725407,-35.716532804775625,0.12066378980125714,0.02624758017797271
REQ-only,bar low,target 4R,2532,22271,10.208442527113656,82.9844169437859,2.52815241439328,4.965944072619899,-32.88874049429251,0.4628919308260984,0.1509922240251701
