regime,slots,entry,stop,exit,taken,skipped,fill%,avg_expo%,final_x,CAGR%,maxDD%,Sharpe,MAR
none,30,BOTH,2.0ATR,close<50EMA,1739,493,77.91218637992831,33.04793728743323,1.0125378325730474,0.06510214896653377,-36.23649487682567,0.043894179914524274,0.001796590679860942
none,30,BOTH,2.0ATR,target 4R,1769,463,79.25627240143369,36.666697113433685,1.2636079659290969,1.218358409278486,-38.67340155498289,0.147965153604789,0.0315037819351452
none,30,BOTH,20EMA,close<50EMA,1656,567,74.49392712550608,27.508458427971682,1.1561906448243713,0.7579929880908054,-29.661717774130626,0.11843770554622664,0.02555458837086929
none,30,BOTH,20EMA,target 4R,1421,802,63.92262708052182,37.743902568658484,2.2971215742162108,4.308008471198788,-22.940270332548497,0.45252993788018625,0.18779240212729434
none,30,BREAKOUT,2.0ATR,close<50EMA,3971,7402,34.91602919194584,75.72483230219916,1.2991575068240446,1.3744112967111866,-58.51804379395581,0.13659184120165663,0.023486965858779206
none,30,BREAKOUT,2.0ATR,target 4R,3438,7935,30.229490899498813,82.5639346950639,1.7233021088605351,2.8381838202539145,-51.726679657438424,0.2424617814655903,0.054868857600176096
none,30,BREAKOUT,20EMA,close<50EMA,3803,7394,33.96445476466911,68.79887787621861,1.20375203884483,0.9706694984168207,-63.88482170403065,0.11533455483033357,0.015194055059178146
none,30,BREAKOUT,20EMA,target 4R,2701,8496,24.12253282129142,72.54675019793366,2.1978225767956165,4.119464442499643,-44.41594611976355,0.36378853360463737,0.09274742074370955
none,30,CONFIRMED,2.0ATR,close<50EMA,3370,3054,52.45952677459527,64.68273477150774,1.1122387878746811,0.5550970356267948,-49.766555111652835,0.08797607990853824,0.011154017680778127
none,30,CONFIRMED,2.0ATR,target 4R,3195,3229,49.73536737235367,72.45937898410776,2.6690430148722397,5.226212468789759,-44.40062415787087,0.40117870392197746,0.1177058333731399
none,30,CONFIRMED,20EMA,close<50EMA,3163,3066,50.77861615026489,55.07003466503272,1.0141887034182548,0.07333378775395971,-43.813223376223135,0.04918341044688995,0.001673782070865779
none,30,CONFIRMED,20EMA,target 4R,2281,3948,36.619039974313694,63.01739259575747,2.367686626876284,4.509170515005367,-36.56387321900095,0.41270889917064063,0.12332310879642014
none,30,DUMB,2.0ATR,close<50EMA,3617,106594,3.281886563047246,93.0221556256069,0.9796840821375712,-0.10785983070480398,-58.82712166036885,0.032103473859879425,-0.0018335051530741116
none,30,DUMB,2.0ATR,target 4R,2828,107383,2.5659870611826405,95.28314639644643,2.0377093159564983,3.7606122007068032,-58.04725181460051,0.3543816512658005,0.06478536163465544
none,30,DUMB,20EMA,close<50EMA,3463,105898,3.166576750395479,94.6436894602242,0.7598038881305413,-1.4337198093229642,-61.013681825394904,-0.07865913706493222,-0.023498332938272647
none,30,DUMB,20EMA,target 4R,2680,106681,2.4505993910077635,97.90273640019616,2.745182732546402,5.351018116127326,-52.29850944070091,0.49389785824997445,0.10231683796255459
none,30,GATES,2.0ATR,close<50EMA,4625,14986,23.583703023813165,82.8496043971477,1.700609268908282,2.8049631850643575,-57.80100924533747,0.2268379891588974,0.04852792748234964
none,30,GATES,2.0ATR,target 4R,3594,16017,18.326449441639895,88.16360405041746,1.8826257728829587,3.304969479690989,-57.272120112123304,0.27737772263854726,0.05770642807042508
none,30,GATES,20EMA,close<50EMA,4523,14625,23.621265928556507,84.0183590808988,0.7153447085460578,-1.7276558832040934,-64.87121599533498,-0.04837572807775577,-0.026632087231543998
none,30,GATES,20EMA,target 4R,3514,15634,18.351786087319823,84.15006679514876,2.3603828239083176,4.445509506877832,-51.26640411610646,0.3530727505211651,0.08671389350440473
none,30,LEADER,2.0ATR,close<50EMA,2303,1167,66.36887608069165,43.93191762713674,1.4372496383418267,1.91269470374007,-27.898185913990392,0.19761666499397657,0.06855982355400718
none,30,LEADER,2.0ATR,target 4R,2306,1164,66.45533141210375,48.94956606962787,2.736586037063891,5.3085389154461815,-25.9927865933114,0.45189072142626424,0.20423123532327245
none,30,LEADER,20EMA,close<50EMA,2093,1204,63.481953290870486,34.02732584228236,1.1999073745761746,0.9527523072229149,-36.55976204402657,0.13489383477205427,0.026060134255676406
none,30,LEADER,20EMA,target 4R,1587,1710,48.13466787989081,43.83802380982775,2.969280907705295,5.726987315750098,-22.510223236092475,0.5680059199164897,0.2544171710641924
none,30,POTENT,2.0ATR,close<50EMA,2732,1525,64.17665022316186,53.80038795389098,0.8626943599388266,-0.7656397015725847,-37.9253539922475,-0.013338942336984324,-0.020188070010608013
none,30,POTENT,2.0ATR,target 4R,2670,1587,62.720225510923186,60.08177011083057,1.927711868756706,3.4644297078335384,-39.82386215497683,0.29324036893045113,0.08699381527465902
none,30,POTENT,20EMA,close<50EMA,2665,1571,62.91312559017941,47.63396501214456,0.9589216591531174,-0.2180122228705006,-41.730039448652064,0.02303562533933357,-0.005224347394609105
none,30,POTENT,20EMA,target 4R,2046,2190,48.30028328611898,56.282088959682106,2.4228501714880735,4.590284117272447,-38.30147632727371,0.41968263296993946,0.11984614060434527
none,30,REQ-only,2.0ATR,close<50EMA,3634,106340,3.3044174077509227,94.42186385893794,1.1343938595272116,0.6633879661852138,-56.82924443034181,0.0984221542640623,0.011673355379523982
none,30,REQ-only,2.0ATR,target 4R,2664,107310,2.4223907469038135,96.76521473252892,4.880543023856178,8.484620370234474,-51.67943472505867,0.7452510774212472,0.16417788653017898
none,30,REQ-only,20EMA,close<50EMA,3496,105532,3.2065157574201124,95.27950504304373,1.3197550216774876,1.4532254305284598,-55.81099347693919,0.15641121191322374,0.02603833653541618
none,30,REQ-only,20EMA,target 4R,2547,106481,2.336097149356129,98.10465909345625,3.337375713608215,6.291106845971561,-52.518299473582296,0.5932861885869729,0.11978885281950356
none,50,BOTH,2.0ATR,close<50EMA,1751,481,78.44982078853046,33.20395636989787,1.002600925349054,0.013568540801323081,-36.04719606549248,0.03931317505228517,0.00037641043638098867
none,50,BOTH,2.0ATR,target 4R,1797,435,80.51075268817205,36.91432560524377,1.281061671767477,1.2902514892936479,-41.60625200454013,0.15274368576317507,0.03101100020143256
none,50,BOTH,20EMA,close<50EMA,1827,396,82.18623481781377,30.080876038275377,1.100665460942649,0.5003059732373139,-33.11523020670304,0.0871257552671545,0.015108032470692114
none,50,BOTH,20EMA,target 4R,1716,507,77.19298245614036,45.35251236467217,2.431288799977985,4.604802301219313,-24.685727276636882,0.4279737400288526,0.18653703209211905
none,50,BREAKOUT,2.0ATR,close<50EMA,4050,7323,35.61065681878132,76.69010446451499,1.6257949978202273,2.567251608291121,-59.79414335995765,0.20231791629061063,0.042934833815352104
none,50,BREAKOUT,2.0ATR,target 4R,3609,7764,31.733051965180692,85.50243330240302,1.6631992687444823,2.650626391944755,-53.26689259631122,0.22767615501444938,0.049761235595866406
none,50,BREAKOUT,20EMA,close<50EMA,4235,6962,37.82263106189158,74.68670342207116,1.128254435992776,0.6305678497620093,-64.85435848430247,0.0946616050928349,0.009722829189878329
none,50,BREAKOUT,20EMA,target 4R,3299,7898,29.463249084576226,88.6777831417534,3.1559100266044915,6.068675704411097,-50.73817403195251,0.45985861144863927,0.11960768829775646
none,50,CONFIRMED,2.0ATR,close<50EMA,3414,3010,53.144458281444585,65.44716857179218,1.2995242427081641,1.3727435912034736,-49.984699592768465,0.14393361418410272,0.027463275810145616
none,50,CONFIRMED,2.0ATR,target 4R,3321,3103,51.696762141967625,75.127482725007,2.7439194028120144,5.303103305170098,-44.40062415787087,0.40537635929365085,0.1194375846230085
none,50,CONFIRMED,20EMA,close<50EMA,3663,2566,58.80558677155241,63.11862247543763,1.0666235919016878,0.33615633356827157,-46.76368206209246,0.07126077572581252,0.007188406018198605
none,50,CONFIRMED,20EMA,target 4R,2939,3290,47.182533311928076,82.03228815817884,3.7400740315422576,6.982965563106136,-39.569217288045124,0.5310047332946412,0.1764746952731832
none,50,DUMB,2.0ATR,close<50EMA,3669,106542,3.3290687862373085,93.29855879485442,0.8964767944715915,-0.5729453974598897,-59.67550777304819,-0.007505144998070081,-0.009601014198971834
none,50,DUMB,2.0ATR,target 4R,2947,107264,2.673961764252207,96.81227500375927,2.558046804962618,4.980752989258774,-56.73079394512528,0.4466090918650084,0.08779628563063248
none,50,DUMB,20EMA,close<50EMA,3442,105919,3.1473742924808663,94.65269514866696,0.8268356421303938,-0.993514096696857,-61.013681825394904,-0.041075867107835715,-0.016283464084990523
none,50,DUMB,20EMA,target 4R,2745,106616,2.51003557026728,98.19808979984211,3.013885176560242,5.8600708280479585,-52.51035765869984,0.519556702982492,0.11159837962134068
none,50,GATES,2.0ATR,close<50EMA,4802,14809,24.486257712508287,84.57994134752511,1.7585255916186762,2.98448606143904,-58.59964732031075,0.23170862753274676,0.05093010278928098
none,50,GATES,2.0ATR,target 4R,3862,15749,19.693029422263017,92.61252716341815,3.036960781526628,5.862515406432833,-55.6551097860879,0.427642015177082,0.10533651679002322
none,50,GATES,20EMA,close<50EMA,4659,14489,24.33152287445164,85.92554571689128,0.8373006991459283,-0.9195457578475064,-64.24880867943794,0.002419414031076348,-0.014312261608389883
none,50,GATES,20EMA,target 4R,3883,15265,20.278880300814706,94.18489588710341,4.462893407806501,7.929227211641909,-53.35681183030545,0.5500641401869842,0.14860758991485112
none,50,LEADER,2.0ATR,close<50EMA,2370,1100,68.29971181556196,44.65491344094636,1.396050824254783,1.7579944195189823,-30.334070648422195,0.1829036474282674,0.057954451280030336
none,50,LEADER,2.0ATR,target 4R,2405,1065,69.30835734870317,50.24166312837631,2.8163825697746896,5.464168768229172,-29.449132147798473,0.4546863551974147,0.1855460032168607
none,50,LEADER,20EMA,close<50EMA,2482,815,75.28055808310586,39.88164641361058,1.264395187990127,1.2281039933743632,-33.670455287379916,0.15242906536782985,0.0364742318716038
none,50,LEADER,20EMA,target 4R,2118,1179,64.24021838034577,58.02057458266662,3.860235989493693,7.156221678802099,-25.6077111865577,0.5723172796685523,0.2794557321686222
none,50,POTENT,2.0ATR,close<50EMA,2756,1501,64.7404275311252,53.838300792008226,0.778504628197245,-1.2944971160653074,-40.39916617702218,-0.05541888366890461,-0.03204266915789906
none,50,POTENT,2.0ATR,target 4R,2713,1544,63.730326521024196,60.61497675797121,1.9109485469443839,3.417548768724399,-40.014276658048765,0.2877618843776515,0.08540823561374983
none,50,POTENT,20EMA,close<50EMA,2928,1308,69.12181303116148,51.74739204330429,0.9885305398415307,-0.060004024953153046,-41.461707456874386,0.0383023359588913,-0.0014472154822751837
none,50,POTENT,20EMA,target 4R,2524,1712,59.58451369216242,67.9062188908895,3.2086042520870164,6.090895533981211,-41.28257940955433,0.48068469101914624,0.14754154466839225
none,50,REQ-only,2.0ATR,close<50EMA,3641,106333,3.310782548602397,94.88306250592085,1.3761822978066995,1.6767547220152723,-56.82924443034181,0.18617740831700802,0.02950513839877894
none,50,REQ-only,2.0ATR,target 4R,2691,107283,2.446942004473785,97.85711738734447,3.801957109598129,7.101681402235749,-50.69050455731219,0.6308634645689937,0.14009885015459606
none,50,REQ-only,20EMA,close<50EMA,3583,105445,3.2863117731225007,95.54239156836479,1.0743268166408912,0.37351819557704946,-55.81099347693919,0.07350794207738873,0.006692555934009403
none,50,REQ-only,20EMA,target 4R,2685,106343,2.462670139780607,98.69519964361217,3.323335864210602,6.268424882487378,-53.61708941771622,0.5724591090312304,0.11691095041828506
SPY>200SMA [gate],30,BOTH,2.0ATR,close<50EMA,1552,467,76.86973749380881,29.72023322609557,1.0659507684787608,0.3341504387035288,-36.35394194912885,0.07013945376153666,0.009191587508477496
SPY>200SMA [gate],30,BOTH,2.0ATR,target 4R,1575,444,78.00891530460625,31.74599683723089,1.4266725078688223,1.8562242912544713,-43.659967428267244,0.20675624049298996,0.04251547586021963
SPY>200SMA [gate],30,BOTH,20EMA,close<50EMA,1470,540,73.13432835820896,24.985263160200738,1.4029248520735784,1.777176952202364,-26.949761984634257,0.2407347380459991,0.06594406856786504
SPY>200SMA [gate],30,BOTH,20EMA,target 4R,1233,777,61.343283582089555,34.177040748621,2.388603459988574,4.514799954971704,-23.65647511872083,0.4652767282682313,0.1908483800868061
SPY>200SMA [gate],30,BREAKOUT,2.0ATR,close<50EMA,3239,6460,33.39519538096711,64.80273593846086,2.6692549924984226,5.296933632980494,-27.580900791763476,0.34380208312168753,0.1920507844530707
SPY>200SMA [gate],30,BREAKOUT,2.0ATR,target 4R,3039,6660,31.333127126507886,71.07864754757446,4.633150075334714,8.174757455793191,-34.14826467370121,0.551930859775083,0.23939012813406185
SPY>200SMA [gate],30,BREAKOUT,20EMA,close<50EMA,3055,6486,32.01970443349754,58.35529775565449,2.3963626060669134,4.700241971875463,-25.518680671163185,0.33232123990396556,0.18418828278951216
SPY>200SMA [gate],30,BREAKOUT,20EMA,target 4R,2269,7272,23.781574258463472,61.201596217486774,3.6376669500495726,6.833068713267498,-25.848708791452502,0.5287146868309409,0.26434855096232185
SPY>200SMA [gate],30,CONFIRMED,2.0ATR,close<50EMA,2759,2780,49.81043509658783,55.820340763831545,2.334162841568393,4.50981905805159,-25.065378765142942,0.35892351450335963,0.17992223857088285
SPY>200SMA [gate],30,CONFIRMED,2.0ATR,target 4R,2666,2873,48.13143166636577,61.641286018086326,4.488816852199905,7.99012170843636,-28.66724626957391,0.6219815248231657,0.27871954052722203
SPY>200SMA [gate],30,CONFIRMED,20EMA,close<50EMA,2582,2781,48.1446951333209,46.3162122645995,1.8488747891228556,3.282208634748418,-29.68424703837632,0.3041533026990586,0.1105707222590191
SPY>200SMA [gate],30,CONFIRMED,20EMA,target 4R,1825,3538,34.02946112250606,52.93327672316898,4.522117039153156,8.027479478149058,-21.238140411172747,0.7086079762280976,0.37797468717769855
SPY>200SMA [gate],30,DUMB,2.0ATR,close<50EMA,2861,100903,2.7572183030723565,79.71740508270123,0.9979322993755992,-0.01095808918705199,-34.28401844417805,0.044820911034976825,-0.00031962674401468357
SPY>200SMA [gate],30,DUMB,2.0ATR,target 4R,2434,101330,2.345707567171659,82.54697074400478,1.7498356917883928,2.9738461121910476,-33.07343882715054,0.2617216552925585,0.0899164470841105
SPY>200SMA [gate],30,DUMB,20EMA,close<50EMA,2664,100324,2.586709131160912,80.33170902828294,1.5350285789693725,2.2989183689205106,-34.025761508878695,0.23847132343919,0.06756405343993932
SPY>200SMA [gate],30,DUMB,20EMA,target 4R,2076,100912,2.0157688274362062,84.39651644064409,3.6815517003556963,6.963265023807841,-25.766171632831924,0.5901307397597991,0.27024833658000896
SPY>200SMA [gate],30,GATES,2.0ATR,close<50EMA,3816,12870,22.869471413160735,71.441004997491,2.580418807926717,5.10370593276579,-30.432193920625693,0.3404176714809423,0.16770745960930233
SPY>200SMA [gate],30,GATES,2.0ATR,target 4R,3142,13544,18.830157017859282,76.86786663136263,3.4703004670473114,6.6237549985680655,-33.76227998740832,0.4360005650518909,0.19618802406230865
SPY>200SMA [gate],30,GATES,20EMA,close<50EMA,3644,12639,22.379168457900878,71.0541631757481,2.07599643122493,3.9043608739243396,-32.55386322895267,0.26627852069392216,0.119935408171522
SPY>200SMA [gate],30,GATES,20EMA,target 4R,2919,13364,17.92667198919118,71.04904053834684,2.8921331195471764,5.579034252064408,-34.773034499021335,0.3981493732409015,0.16044139754962788
SPY>200SMA [gate],30,LEADER,2.0ATR,close<50EMA,2043,1111,64.77488902980342,40.37037681055504,1.850633666463163,3.267292027378499,-28.431700135842064,0.3068452687197724,0.11491722309140523
SPY>200SMA [gate],30,LEADER,2.0ATR,target 4R,2047,1107,64.90171211160431,43.83508816187433,2.8897977635298737,5.603701596793731,-31.85832793959773,0.49943501581394056,0.17589440373073414
SPY>200SMA [gate],30,LEADER,20EMA,close<50EMA,1839,1155,61.42284569138277,31.03536437398072,1.6140341231230542,2.5222152077129856,-29.588842391017756,0.30609624465226776,0.08524210492528937
SPY>200SMA [gate],30,LEADER,20EMA,target 4R,1365,1629,45.591182364729455,39.29199561721956,3.6825170630744295,6.898097550567117,-20.900948131503117,0.6880257134464248,0.3300375421806777
SPY>200SMA [gate],30,POTENT,2.0ATR,close<50EMA,2269,1408,61.70791406037531,46.66233266010104,1.635767997523456,2.5939655395920136,-29.887530439309494,0.2510305421323566,0.08679089578375827
SPY>200SMA [gate],30,POTENT,2.0ATR,target 4R,2220,1457,60.375305955942345,51.26743941892316,3.375633117036731,6.498361650710671,-28.72957997502983,0.5372389213259113,0.22619062500595866
SPY>200SMA [gate],30,POTENT,20EMA,close<50EMA,2208,1449,60.37735849056604,40.79806147923712,1.7775076355553432,3.0381449203668476,-28.92934239471353,0.3097145590523272,0.10501949470244543
SPY>200SMA [gate],30,POTENT,20EMA,target 4R,1739,1918,47.55263877495214,47.69271815273963,5.101158613304603,8.6150064079205,-22.4506068096766,0.7726808610323664,0.3837315615098334
SPY>200SMA [gate],30,REQ-only,2.0ATR,close<50EMA,2710,100399,2.628286570522457,80.02119773022598,2.73244885744572,5.404959732752945,-25.55493747335622,0.4576760261963882,0.21150353971275412
SPY>200SMA [gate],30,REQ-only,2.0ATR,target 4R,2265,100844,2.1967044583886954,82.73782365625897,2.9068092372798597,5.685725513372586,-26.906018774781714,0.4829252666807125,0.21131797910962818
SPY>200SMA [gate],30,REQ-only,20EMA,close<50EMA,2768,99487,2.7069580949586816,79.62832846315551,1.021322806113841,0.1108353899732295,-33.39829793695108,0.04988455542034651,0.003318593964951845
SPY>200SMA [gate],30,REQ-only,20EMA,target 4R,2103,100152,2.056623148012322,82.44608606342852,2.606256037052312,5.009436619275864,-32.56683026540797,0.4394370936562995,0.15382020842835348
SPY>200SMA [gate],50,BOTH,2.0ATR,close<50EMA,1568,451,77.66220901436354,29.77483507727719,1.0339707326342569,0.17464233100981108,-37.91173455477982,0.054887808496265234,0.0046065507964945535
SPY>200SMA [gate],50,BOTH,2.0ATR,target 4R,1593,426,78.90044576523032,32.02549416844586,1.4118159960707484,1.801052871300901,-43.05341763031504,0.20107731026255943,0.04183298261629136
SPY>200SMA [gate],50,BOTH,20EMA,close<50EMA,1617,393,80.44776119402985,27.49980094669757,1.460189200166274,1.989257712436765,-26.094443355662744,0.2528647871283163,0.07623300046387374
SPY>200SMA [gate],50,BOTH,20EMA,target 4R,1511,499,75.17412935323384,40.72545507897327,2.6362765321787753,5.034751977639806,-27.354564764734658,0.4392317958578278,0.1840552763658144
SPY>200SMA [gate],50,BREAKOUT,2.0ATR,close<50EMA,3285,6414,33.86947107949273,65.36454281958642,2.9378298418197915,5.828976957771537,-27.580900779073335,0.36952966238029006,0.21134106548812215
SPY>200SMA [gate],50,BREAKOUT,2.0ATR,target 4R,3188,6511,32.86936797608001,72.59297713617444,4.4191802367217745,7.91294289416784,-34.6678950260224,0.5280573625111278,0.22824988042187824
SPY>200SMA [gate],50,BREAKOUT,20EMA,close<50EMA,3457,6084,36.2330992558432,64.59842182017914,2.936210612710263,5.812132989826924,-25.75959006505377,0.3727298318788952,0.22562987124984712
SPY>200SMA [gate],50,BREAKOUT,20EMA,target 4R,2754,6787,28.8648988575621,76.39995115984222,5.47946199056592,9.096866284316718,-31.038904137522337,0.6069458352423467,0.2930794928845342
SPY>200SMA [gate],50,CONFIRMED,2.0ATR,close<50EMA,2818,2721,50.87560931576097,56.29156995633899,2.290380852410966,4.406889568121364,-25.25703162091234,0.3504904837277203,0.17448169025819105
SPY>200SMA [gate],50,CONFIRMED,2.0ATR,target 4R,2788,2751,50.333995306011914,63.6919079782852,5.050677229082139,8.644057343765121,-26.547636658346796,0.6439289443167453,0.3256055314832463
SPY>200SMA [gate],50,CONFIRMED,20EMA,close<50EMA,3038,2325,56.64739884393064,53.556316907135546,1.799854540093542,3.1051479584251362,-34.79065341296588,0.27508832507237924,0.08925236101682128
SPY>200SMA [gate],50,CONFIRMED,20EMA,target 4R,2451,2912,45.70203244452732,69.60221519605723,8.051457308190487,11.263868418250178,-21.471949185429608,0.8091693576307422,0.52458527732981
SPY>200SMA [gate],50,DUMB,2.0ATR,close<50EMA,2873,100891,2.768783007594156,79.7229608755797,0.8990583041521235,-0.5617856192903337,-34.28401844417805,0.0016676854802127221,-0.016386224392133164
SPY>200SMA [gate],50,DUMB,2.0ATR,target 4R,2396,101368,2.309086002852627,82.7511302300801,1.9384303611729636,3.52736197061132,-33.07343882715054,0.3084419895271253,0.1066524103842401
SPY>200SMA [gate],50,DUMB,20EMA,close<50EMA,2673,100315,2.59544801336078,80.42122027747381,1.6018130992412913,2.5306136020698755,-37.487576622359896,0.252867981505292,0.06750539325501403
SPY>200SMA [gate],50,DUMB,20EMA,target 4R,2142,100846,2.079853963568571,84.49822207851432,3.881425440744262,7.255733848683299,-25.619207724248326,0.6016509074383098,0.2832146070549956
SPY>200SMA [gate],50,GATES,2.0ATR,close<50EMA,3923,12763,23.510727556035,72.35156478832728,2.6971356922922456,5.353677684187441,-34.243493839217805,0.3520716737741315,0.15634145596604024
SPY>200SMA [gate],50,GATES,2.0ATR,target 4R,3330,13356,19.956850053937433,79.26045713240283,4.189987276545926,7.664572376770473,-31.929790436461282,0.48183118091736066,0.24004455625922747
SPY>200SMA [gate],50,GATES,20EMA,close<50EMA,3776,12507,23.189829883928024,72.73737597827491,2.1086832875374726,3.989510482440517,-29.586680286789914,0.2700062655302841,0.13484143688204803
SPY>200SMA [gate],50,GATES,20EMA,target 4R,3181,13102,19.53571209236627,79.94226869748262,3.858446203203381,7.144349500059577,-34.92466679090875,0.48285481434817473,0.20456457159154126
SPY>200SMA [gate],50,LEADER,2.0ATR,close<50EMA,2082,1072,66.01141407736208,40.78306158483741,1.8969797511866684,3.4007958609528766,-26.67996736869186,0.31647999884033756,0.12746626762908295
SPY>200SMA [gate],50,LEADER,2.0ATR,target 4R,2113,1041,66.99429296131896,44.884277103135034,2.7188135811496914,5.273291018017634,-33.784062325727746,0.4629340494622286,0.15608812721144663
SPY>200SMA [gate],50,LEADER,20EMA,close<50EMA,2221,773,74.18169672678691,36.25016551707108,1.4516026097085033,1.9579648947950057,-33.58070305334307,0.22576055453989816,0.05830625081567742
SPY>200SMA [gate],50,LEADER,20EMA,target 4R,1858,1136,62.05744822979292,52.5360104871561,4.886023065722959,8.37669962560561,-30.240919618904215,0.6851665797762774,0.2769988390289945
SPY>200SMA [gate],50,POTENT,2.0ATR,close<50EMA,2281,1396,62.034267065542565,46.72440212850855,1.6146241653274542,2.5245293349373865,-30.58541795084031,0.24541940010498278,0.082540292207059
SPY>200SMA [gate],50,POTENT,2.0ATR,target 4R,2249,1428,61.16399238509655,51.925714746595936,3.986196907587067,7.41861104978796,-27.276757003861206,0.5980676226495522,0.27197555225270387
SPY>200SMA [gate],50,POTENT,20EMA,close<50EMA,2466,1191,67.43232157506152,45.02390325477748,1.7844541926490067,3.059058009305904,-30.01812739303705,0.30021523205566397,0.10190702335467726
SPY>200SMA [gate],50,POTENT,20EMA,target 4R,2150,1507,58.7913590374624,58.40329891976014,5.759088345948388,9.285307319187508,-26.767575845963666,0.7130050056609089,0.3468863737463793
SPY>200SMA [gate],50,REQ-only,2.0ATR,close<50EMA,2730,100379,2.6476835193824013,80.02137424645574,2.570163054773245,5.06753152051147,-21.961937860981216,0.4297076984858671,0.23074154715257275
SPY>200SMA [gate],50,REQ-only,2.0ATR,target 4R,2275,100834,2.206402932818668,82.75030143998126,3.1832251557404945,6.184433089360297,-25.033830037417125,0.5130927077070334,0.2470430245837995
SPY>200SMA [gate],50,REQ-only,20EMA,close<50EMA,2781,99474,2.7196714097110166,79.76100131404415,1.2730538039080546,1.2755840643055238,-29.68322144322355,0.14555277489117593,0.042973235460490415
SPY>200SMA [gate],50,REQ-only,20EMA,target 4R,2078,100177,2.0321744657962935,83.03132871492414,2.6231075169728864,5.043976838818076,-30.89466293385561,0.4459982769689171,0.1632636954032175
SPY>200SMA [gate+exit],30,BOTH,2.0ATR,close<50EMA,1572,447,77.86032689450222,27.359477650716666,1.0425201935893438,0.2177378698063226,-42.525227176684275,0.05843555498554768,0.005120204741097865
SPY>200SMA [gate+exit],30,BOTH,2.0ATR,target 4R,1590,429,78.7518573551263,28.689634124048702,1.4159674306728947,1.8167848860081603,-38.84706039080302,0.22138295973406133,0.04676762843137241
SPY>200SMA [gate+exit],30,BOTH,20EMA,close<50EMA,1490,520,74.12935323383084,22.616793044651924,1.3311803216444298,1.4995728252301666,-29.46843497721112,0.22163143876475114,0.050887426712339284
SPY>200SMA [gate+exit],30,BOTH,20EMA,target 4R,1289,721,64.12935323383084,28.18148975614109,2.0201004231435893,3.6925479000601724,-23.15101308152485,0.47676841916791163,0.159498328952478
SPY>200SMA [gate+exit],30,BREAKOUT,2.0ATR,close<50EMA,3508,6191,36.16867718321476,59.334213958194624,3.0408470898489623,6.020004921847155,-29.97449810019569,0.3743187168092635,0.20083755536870368
SPY>200SMA [gate+exit],30,BREAKOUT,2.0ATR,target 4R,3303,6396,34.05505722239406,63.477572657989306,4.444895537018511,8.006928391368495,-24.507467721234345,0.661340193941582,0.3267138197403782
SPY>200SMA [gate+exit],30,BREAKOUT,20EMA,close<50EMA,3405,6136,35.68808301016665,53.17755213316472,1.8933202858469325,3.4117130670764384,-32.00121513039916,0.2834201828573415,0.10661198498789265
SPY>200SMA [gate+exit],30,BREAKOUT,20EMA,target 4R,2737,6804,28.68672046955246,54.06875628828462,3.941130641936163,7.328514321117119,-28.01338203397732,0.6754293699051355,0.26160762425002426
SPY>200SMA [gate+exit],30,CONFIRMED,2.0ATR,close<50EMA,2860,2679,51.633868929409644,50.732913758036936,2.5209105935619815,4.929247729631281,-24.45322115631734,0.36313297851590076,0.20157866720793305
SPY>200SMA [gate+exit],30,CONFIRMED,2.0ATR,target 4R,2785,2754,50.27983390503701,55.144787861536315,4.098651549826526,7.546747806109999,-25.2880723914913,0.653407980673595,0.2984311215689678
SPY>200SMA [gate+exit],30,CONFIRMED,20EMA,close<50EMA,2693,2670,50.214432220771954,42.010515243734105,2.2401903787083244,4.329434330490223,-24.38701334087334,0.3565295073724266,0.1775303219781311
SPY>200SMA [gate+exit],30,CONFIRMED,20EMA,target 4R,2106,3257,39.269065821368635,44.918744254824766,4.6307195867978095,8.224682520803661,-24.650328990188473,0.8501925430185633,0.3336540670137635
SPY>200SMA [gate+exit],30,DUMB,2.0ATR,close<50EMA,4091,99673,3.942600516556802,75.65931214643395,1.1683752035167994,0.8272956315685587,-36.27351887470084,0.10993737060343299,0.02280715125616226
SPY>200SMA [gate+exit],30,DUMB,2.0ATR,target 4R,3696,100068,3.561928992714236,77.17233297871402,2.484288059901005,4.850078463768415,-31.14592129613849,0.4469495763084954,0.15572114299183482
SPY>200SMA [gate+exit],30,DUMB,20EMA,close<50EMA,3870,99118,3.7577193459432165,76.42742058628286,0.7748405144988386,-1.3440438204006866,-48.6898877556696,-0.07111292902177252,-0.027604167566481645
SPY>200SMA [gate+exit],30,DUMB,20EMA,target 4R,3410,99578,3.311065366838855,78.23590842230696,1.3630475940091586,1.6248199945283037,-36.424875568454816,0.18774290362790105,0.044607427456401616
SPY>200SMA [gate+exit],30,GATES,2.0ATR,close<50EMA,4387,12299,26.2915018578449,66.0532359074337,3.7588523690920965,7.199326289799579,-34.362310821891725,0.4311496897196235,0.20951228592033438
SPY>200SMA [gate+exit],30,GATES,2.0ATR,target 4R,3834,12852,22.977346278317153,68.98806419776936,4.043350134719778,7.471424295698381,-37.56482263792805,0.599546605864038,0.19889417202131848
SPY>200SMA [gate+exit],30,GATES,20EMA,close<50EMA,4211,12072,25.861327765153842,65.66313010976262,2.047619457677739,3.8333296942329564,-38.864773632627006,0.2730475551385055,0.09863249765630626
SPY>200SMA [gate+exit],30,GATES,20EMA,target 4R,3684,12599,22.62482343548486,64.82347779912548,3.187763756463696,6.152669697264601,-38.20782900476401,0.514597840362481,0.16103164868376701
SPY>200SMA [gate+exit],30,LEADER,2.0ATR,close<50EMA,2088,1066,66.20164870006342,37.22556892185538,1.9270800044138734,3.485856151909439,-27.74555306979852,0.3169534559809244,0.12563657113412705
SPY>200SMA [gate+exit],30,LEADER,2.0ATR,target 4R,2075,1079,65.78947368421052,39.706644026535294,2.5652051801579225,4.997387960510791,-27.99069709726867,0.4921250411523203,0.17853745989764705
SPY>200SMA [gate+exit],30,LEADER,20EMA,close<50EMA,1885,1109,62.95925183700735,28.384406019794383,1.6197014845014333,2.5409146912436675,-29.075804701214746,0.3167234591398343,0.08738931621512479
SPY>200SMA [gate+exit],30,LEADER,20EMA,target 4R,1490,1504,49.76619906479626,32.77240480432808,3.179566252116962,6.14663406669933,-29.310495294618654,0.716430458836388,0.20970761513633784
SPY>200SMA [gate+exit],30,POTENT,2.0ATR,close<50EMA,2305,1372,62.68697307587708,42.96038828918609,1.8735650283065588,3.321178242980438,-27.349005903331946,0.30525320883426316,0.1214368907857019
SPY>200SMA [gate+exit],30,POTENT,2.0ATR,target 4R,2280,1397,62.007070981778625,46.015273883667774,3.165430749206546,6.144601933847382,-25.627958779081595,0.5670385401343776,0.2397616597878569
SPY>200SMA [gate+exit],30,POTENT,20EMA,close<50EMA,2256,1401,61.68990976210008,37.089513952090975,1.9303132449521867,3.4812349081159377,-30.11051256500896,0.3344921430605898,0.11561526561860777
SPY>200SMA [gate+exit],30,POTENT,20EMA,target 4R,1856,1801,50.75198249931638,41.57747317904412,4.583609496153272,8.167629567712176,-23.381574045238686,0.8609632230177965,0.34931906431574883
SPY>200SMA [gate+exit],30,REQ-only,2.0ATR,close<50EMA,4076,99033,3.9530981776566545,75.6307162429831,2.1841939944292346,4.176019805216491,-28.741808750274078,0.36488312123302724,0.14529425901829052
SPY>200SMA [gate+exit],30,REQ-only,2.0ATR,target 4R,3750,99359,3.636927911239562,76.684545242131,2.4776806809242724,4.820767179681562,-33.40944280824908,0.44292164767479747,0.14429355219570655
SPY>200SMA [gate+exit],30,REQ-only,20EMA,close<50EMA,4075,98180,3.9851352012126546,76.08543332716823,0.9504037327628916,-0.2667174242865,-46.28708614349802,0.02374747745073757,-0.005762242701120342
SPY>200SMA [gate+exit],30,REQ-only,20EMA,target 4R,3550,98705,3.471712874676055,78.139175084726,3.524466142713754,6.704999088549202,-35.01450140896738,0.6014496877528137,0.19149206239538286
SPY>200SMA [gate+exit],50,BOTH,2.0ATR,close<50EMA,1584,435,78.45468053491828,27.513441129823015,1.0648529357049616,0.32875036308681604,-42.62907982954957,0.0697696243015607,0.007711880350251738
SPY>200SMA [gate+exit],50,BOTH,2.0ATR,target 4R,1611,408,79.79197622585438,28.90764642468878,1.4027580305994691,1.7673970875456968,-40.451413918642956,0.21396301828240172,0.04369184946415808
SPY>200SMA [gate+exit],50,BOTH,20EMA,close<50EMA,1627,383,80.94527363184079,25.093301269656347,1.4489143997690803,1.9481319570282984,-22.862053854618345,0.2582645546816511,0.08521246469878112
SPY>200SMA [gate+exit],50,BOTH,20EMA,target 4R,1533,477,76.26865671641791,33.7464985223135,2.364541621516699,4.537828120092047,-24.02885976584307,0.4979845182164803,0.18884908249131954
SPY>200SMA [gate+exit],50,BREAKOUT,2.0ATR,close<50EMA,3578,6121,36.890401072275495,59.957420761181595,3.1556535082707025,6.226730115344603,-29.17265961796458,0.3814979153943749,0.21344403276519122
SPY>200SMA [gate+exit],50,BREAKOUT,2.0ATR,target 4R,3459,6240,35.663470460872254,64.82147812901003,5.126672618907842,8.805682051351482,-26.64689037435275,0.7033381223544849,0.3304581483108748
SPY>200SMA [gate+exit],50,BREAKOUT,20EMA,close<50EMA,3751,5790,39.31453726024526,58.772806909008224,3.142655272228992,6.189908456245852,-32.006680498608354,0.40797393075841387,0.19339426519144928
SPY>200SMA [gate+exit],50,BREAKOUT,20EMA,target 4R,3234,6307,33.8958180484226,65.33323366527031,4.8483403605932,8.481287085378387,-27.820719341783285,0.6907576395259519,0.304855060761874
SPY>200SMA [gate+exit],50,CONFIRMED,2.0ATR,close<50EMA,2879,2660,51.97689113558404,51.33232906539567,3.160981319342431,6.172030513128801,-24.453303314504225,0.4353646727836124,0.25240068524680365
SPY>200SMA [gate+exit],50,CONFIRMED,2.0ATR,target 4R,2872,2667,51.85051453330926,56.38365507401107,4.178006013420935,7.653165883253332,-27.53821192017678,0.6393002948868696,0.27791077741129544
SPY>200SMA [gate+exit],50,CONFIRMED,20EMA,close<50EMA,3107,2256,57.93399216856237,48.688633970125316,2.4817802285457686,4.843152940503148,-25.37210971934084,0.3741365131019538,0.19088491237334013
SPY>200SMA [gate+exit],50,CONFIRMED,20EMA,target 4R,2634,2729,49.11430169681149,58.16193978750526,6.013658026484098,9.692974343316374,-27.294391270312456,0.8297530642549777,0.3551269653651965
SPY>200SMA [gate+exit],50,DUMB,2.0ATR,close<50EMA,4083,99681,3.934890713542269,75.70132020836603,1.2869364766653777,1.3445634458672417,-32.26397585820121,0.1507879172355997,0.041673830025677566
SPY>200SMA [gate+exit],50,DUMB,2.0ATR,target 4R,3697,100067,3.5628927180910526,77.2111036961622,2.5201483230646082,4.928316059457316,-31.14592129613849,0.4543153730158996,0.1582331122139044
SPY>200SMA [gate+exit],50,DUMB,20EMA,close<50EMA,3879,99109,3.7664582281430845,76.53011901698815,0.8878796051892256,-0.628816548443567,-41.97994456311116,-0.009463817983396523,-0.014978975198459981
SPY>200SMA [gate+exit],50,DUMB,20EMA,target 4R,3451,99537,3.350875830193809,78.43184962182464,1.3581508866523353,1.6057890379142847,-33.13540352095834,0.18586823609653594,0.04846142998978761
SPY>200SMA [gate+exit],50,GATES,2.0ATR,close<50EMA,4505,12181,26.998681529425866,66.79576457828858,3.945963615310087,7.473093945428255,-33.52812976604742,0.43440923326028386,0.22289027146977805
SPY>200SMA [gate+exit],50,GATES,2.0ATR,target 4R,4019,12667,24.086060170202565,71.30316588306916,5.451365778434896,9.140427286909624,-33.248761641703474,0.6945846725862743,0.2749103074998411
SPY>200SMA [gate+exit],50,GATES,20EMA,close<50EMA,4359,11924,26.77025118221458,67.12320928139657,2.1925600332392103,4.206734297551007,-38.87509601375169,0.28711589754930694,0.10821154746635006
SPY>200SMA [gate+exit],50,GATES,20EMA,target 4R,3889,12394,23.883805195602775,72.07918655010482,6.030237047130852,9.695640404578821,-32.57142462898035,0.7232394945275263,0.2976732063464042
SPY>200SMA [gate+exit],50,LEADER,2.0ATR,close<50EMA,2114,1040,67.02599873176918,37.61388516582753,2.0701825174699096,3.8737687550292277,-25.089196087317788,0.3457389747805129,0.15439987560969956
SPY>200SMA [gate+exit],50,LEADER,2.0ATR,target 4R,2145,1009,68.00887761572606,40.56085907499618,2.5473580820553514,4.959447478558587,-28.577127655981894,0.47185163404266206,0.17354604487412342
SPY>200SMA [gate+exit],50,LEADER,20EMA,close<50EMA,2249,745,75.11690046760187,33.13287309308244,1.5382689549602269,2.2660646333513945,-29.531816142434796,0.2654407198761773,0.07673299272966981
SPY>200SMA [gate+exit],50,LEADER,20EMA,target 4R,1938,1056,64.72945891783567,42.99578426530634,3.6055500526252415,6.837087772598971,-34.74888789807474,0.6703950224298977,0.1967570240709136
SPY>200SMA [gate+exit],50,POTENT,2.0ATR,close<50EMA,2318,1359,63.040522164808266,42.99488488499364,1.8023058062073618,3.112900148817288,-27.24329326675924,0.2895201361113478,0.11426299009949274
SPY>200SMA [gate+exit],50,POTENT,2.0ATR,target 4R,2322,1355,63.14930649986402,46.391801643954665,3.4132413152324608,6.5594425762459,-27.764183254567097,0.5900950897817072,0.23625555688431416
SPY>200SMA [gate+exit],50,POTENT,20EMA,close<50EMA,2491,1166,68.1159420289855,40.90494883242773,2.068394982389158,3.853907005616386,-28.871812050236056,0.3521636981410542,0.13348337814442363
SPY>200SMA [gate+exit],50,POTENT,20EMA,target 4R,2225,1432,60.84222039923434,50.37423490516654,4.933044637654966,8.57822126422969,-27.065556146673675,0.7919939353710677,0.3169423609011612
SPY>200SMA [gate+exit],50,REQ-only,2.0ATR,close<50EMA,4100,99009,3.9763745162885877,75.62705524927891,2.059703235239522,3.8563603505035404,-32.98883599603156,0.3399074066877315,0.11689895184441933
SPY>200SMA [gate+exit],50,REQ-only,2.0ATR,target 4R,3762,99347,3.6485660805555287,76.72043508989377,2.526562072733631,4.927085227445405,-33.52051138712346,0.45208051068840116,0.14698717363059355
SPY>200SMA [gate+exit],50,REQ-only,20EMA,close<50EMA,4097,98158,4.00665004156276,76.12222170622272,0.9630432697610098,-0.19751443011157832,-44.732698098862144,0.02963009313455229,-0.004415437442987649
SPY>200SMA [gate+exit],50,REQ-only,20EMA,target 4R,3657,98598,3.5763532345606572,78.47159207265334,3.3698940653792944,6.458749211837778,-36.66586169375825,0.5731414158797198,0.1761515729749581
SPY>200SMA+up [gate],30,BOTH,2.0ATR,close<50EMA,1479,450,76.67185069984448,28.039567449048135,1.0205569177294957,0.10634147336550104,-33.78244431510895,0.04651190136763,0.0031478324177371796
SPY>200SMA+up [gate],30,BOTH,2.0ATR,target 4R,1505,424,78.01969932607568,30.104193829337284,1.4124782412242831,1.8035238952451182,-33.61522048516553,0.2036071375293384,0.05365200255167201
SPY>200SMA+up [gate],30,BOTH,20EMA,close<50EMA,1410,510,73.4375,23.508243392366225,1.2559176772272314,1.1926768763465878,-24.884544291833976,0.1744047269583757,0.04792841943816397
SPY>200SMA+up [gate],30,BOTH,20EMA,target 4R,1200,720,62.5,31.24615971357319,2.225076919812827,4.139575534475615,-24.103676978995768,0.42214331582792725,0.1717404169531018
SPY>200SMA+up [gate],30,BREAKOUT,2.0ATR,close<50EMA,3073,5990,33.9070947809776,60.978206374570206,2.3871577689136383,4.67975632837534,-26.239734441222883,0.32226048872757207,0.1783461772015267
SPY>200SMA+up [gate],30,BREAKOUT,2.0ATR,target 4R,2847,6216,31.413439258523667,67.09201649039322,4.496729256509784,8.0668609115069,-28.53868241803117,0.570052151157476,0.2826640975692044
SPY>200SMA+up [gate],30,BREAKOUT,20EMA,close<50EMA,2881,6030,32.330827067669176,55.14397893018653,2.458738517029855,4.836743487298345,-23.813433379135674,0.35079654820632933,0.20310987543426207
SPY>200SMA+up [gate],30,BREAKOUT,20EMA,target 4R,2076,6835,23.297048591628325,57.35543663946013,4.138141264589985,7.538087225740564,-21.12937686088022,0.6017323098075354,0.3567586150492153
SPY>200SMA+up [gate],30,CONFIRMED,2.0ATR,close<50EMA,2622,2595,50.25876940770558,52.87768054020738,2.2030035343586976,4.195770876314131,-24.907525841599607,0.34830192386769265,0.16845394050767232
SPY>200SMA+up [gate],30,CONFIRMED,2.0ATR,target 4R,2537,2680,48.62948054437416,57.97697203405759,3.869232710192895,7.3328438833758725,-23.55723980841041,0.567064122775686,0.3112777194193141
SPY>200SMA+up [gate],30,CONFIRMED,20EMA,close<50EMA,2481,2567,49.14817749603804,43.61849549616985,1.4748035061634406,2.0421188979238947,-25.8473995136698,0.21755276802034104,0.07900674483109561
SPY>200SMA+up [gate],30,CONFIRMED,20EMA,target 4R,1755,3293,34.7662440570523,49.575601140344766,4.5603339535487635,8.07400952743398,-18.166820365482483,0.7096624496234849,0.4444371312645798
SPY>200SMA+up [gate],30,DUMB,2.0ATR,close<50EMA,2528,96857,2.5436434069527594,75.0893531656876,3.1407782220754705,6.194835432938572,-20.909279478422636,0.49429054471864364,0.29627206615758056
SPY>200SMA+up [gate],30,DUMB,2.0ATR,target 4R,2135,97250,2.148211500729486,77.84944188077566,4.474291655797416,8.12974321317399,-25.834835841191904,0.6712303117926002,0.31468143491013256
SPY>200SMA+up [gate],30,DUMB,20EMA,close<50EMA,2425,96205,2.4586839703944032,74.28287521989942,1.6554734449635438,2.7048013700096574,-27.82120862834445,0.265299418552862,0.0972208434990127
SPY>200SMA+up [gate],30,DUMB,20EMA,target 4R,1913,96717,1.9395721382946365,77.10959049132678,2.7507440907224963,5.354252863536635,-21.5354259420116,0.5104446488326587,0.24862535238234998
SPY>200SMA+up [gate],30,GATES,2.0ATR,close<50EMA,3507,12070,22.5139628940104,66.64016411292961,2.344396933884609,4.575631198634578,-25.430076355142216,0.3280080557922551,0.17992990405273948
SPY>200SMA+up [gate],30,GATES,2.0ATR,target 4R,2900,12677,18.6171920138666,72.05419561229066,3.5590280507158814,6.650056542917815,-27.040794214319654,0.46609046188714753,0.24592682042586708
SPY>200SMA+up [gate],30,GATES,20EMA,close<50EMA,3387,11810,22.287293544778574,65.69246937506257,1.807163631762348,3.1515270117313143,-26.800132509804687,0.24777242895773574,0.11759371005267771
SPY>200SMA+up [gate],30,GATES,20EMA,target 4R,2738,12459,18.01671382509706,65.62687846472228,2.6541661478829544,5.115152821634239,-27.835007365197974,0.39549696499161935,0.18376689305387786
SPY>200SMA+up [gate],30,LEADER,2.0ATR,close<50EMA,1971,1040,65.45998007306542,37.84460693246025,1.373547170170919,1.6716568017248523,-27.015296402405564,0.18233214982430673,0.06187815883360067
SPY>200SMA+up [gate],30,LEADER,2.0ATR,target 4R,1963,1048,65.19428761208901,41.570470814749996,2.4563609321146553,4.791900744329425,-27.608625770506855,0.4297943254467869,0.1735653481691368
SPY>200SMA+up [gate],30,LEADER,20EMA,close<50EMA,1781,1076,62.33811690584529,28.945264719749098,1.3047359347181244,1.3936598478823559,-29.66889484843235,0.18789935202525263,0.04697377017250086
SPY>200SMA+up [gate],30,LEADER,20EMA,target 4R,1337,1520,46.79733986699335,37.04929214685345,2.6553620202634907,5.124192483090462,-25.89197962382257,0.5254086688077451,0.1979065547531877
SPY>200SMA+up [gate],30,POTENT,2.0ATR,close<50EMA,2159,1294,62.525340283811175,43.9514601469391,1.4882684406685267,2.090686141510889,-22.11975273480391,0.21368567613815573,0.09451670489161201
SPY>200SMA+up [gate],30,POTENT,2.0ATR,target 4R,2107,1346,61.01940341731827,49.78271100169598,3.676864221042897,6.9705051492576775,-21.657126579061202,0.5822169414858256,0.32185733983736253
SPY>200SMA+up [gate],30,POTENT,20EMA,close<50EMA,2108,1327,61.36826783114993,38.502514643281394,1.4214553450689353,1.8466896108977116,-25.100171339304577,0.20860571944172604,0.07357278904331478
SPY>200SMA+up [gate],30,POTENT,20EMA,target 4R,1646,1789,47.91848617176128,46.65765016782521,3.78149823926932,6.972502040523221,-22.028668409023567,0.624653359345056,0.3165194514284434
SPY>200SMA+up [gate],30,REQ-only,2.0ATR,close<50EMA,2645,95500,2.6949921035203017,75.14374455619455,2.1868759041438066,4.152312948681791,-25.43072939565715,0.37087406360680225,0.16327934932888274
SPY>200SMA+up [gate],30,REQ-only,2.0ATR,target 4R,2212,95933,2.2538081410158437,77.61804504746695,3.562441997918829,6.819615352659869,-25.942806281720888,0.577445936469671,0.26287115120097554
SPY>200SMA+up [gate],30,REQ-only,20EMA,close<50EMA,2424,94905,2.4905218383010204,74.72359648480352,2.372234491967295,4.640471482640618,-24.63809130215946,0.40704714344169013,0.18834541303261967
SPY>200SMA+up [gate],30,REQ-only,20EMA,target 4R,1817,95512,1.8668639357231658,78.31007988600291,5.166800310222103,8.791124376675242,-21.61923978381999,0.8026346601106794,0.4066342972547346
SPY>200SMA+up [gate],50,BOTH,2.0ATR,close<50EMA,1489,440,77.19025401762572,28.110393624799162,0.9797222947889062,-0.10694669009503333,-36.431947612245644,0.025485788577711943,-0.002935519430179626
SPY>200SMA+up [gate],50,BOTH,2.0ATR,target 4R,1523,406,78.9528252980819,30.384834996628562,1.4225885205436026,1.8411124161422654,-34.32057808141541,0.20616834497427333,0.05364456308908233
SPY>200SMA+up [gate],50,BOTH,20EMA,close<50EMA,1547,373,80.57291666666667,25.5791503870841,1.2500438156044331,1.1679970887681579,-25.548234719965457,0.164289837083755,0.04571733043674405
SPY>200SMA+up [gate],50,BOTH,20EMA,target 4R,1432,488,74.58333333333333,37.21230334423241,2.259668856068745,4.217494770856534,-22.31363248476832,0.38154799244815246,0.18900978017521217
SPY>200SMA+up [gate],50,BREAKOUT,2.0ATR,close<50EMA,3113,5950,34.34844974070396,61.44022303964193,2.6075474708756543,5.166777341123674,-27.106605522844017,0.3459474913827735,0.19060953009292833
SPY>200SMA+up [gate],50,BREAKOUT,2.0ATR,target 4R,2968,6095,32.748538011695906,68.24412445271163,3.871452108872243,7.235122494134272,-27.798955057394693,0.5147353892699914,0.260265987667392
SPY>200SMA+up [gate],50,BREAKOUT,20EMA,close<50EMA,3232,5679,36.26977892492425,61.02422563187316,2.984897199597574,5.854962373747652,-25.119962523963935,0.38837875328468197,0.23308006005829573
SPY>200SMA+up [gate],50,BREAKOUT,20EMA,target 4R,2626,6285,29.469195376500952,72.4113536290293,5.328013537014855,8.937848693607009,-26.311469435939948,0.6141315080465405,0.339694015013788
SPY>200SMA+up [gate],50,CONFIRMED,2.0ATR,close<50EMA,2657,2560,50.929653057312635,53.14121922855408,2.1720335895500384,4.119032402215583,-25.61492108041643,0.34344367868188536,0.16080597669163768
SPY>200SMA+up [gate],50,CONFIRMED,2.0ATR,target 4R,2626,2591,50.335441824803524,59.49294487018329,4.170781211485865,7.69203593507628,-22.87276481843693,0.5845779664264817,0.33629672652761244
SPY>200SMA+up [gate],50,CONFIRMED,20EMA,close<50EMA,2874,2174,56.93343898573693,50.46686392389965,1.8527386571108906,3.2606217068926524,-25.150799934492273,0.2911545956980241,0.12964286286659915
SPY>200SMA+up [gate],50,CONFIRMED,20EMA,target 4R,2327,2721,46.097464342313785,65.96239951872631,7.187706397638519,10.619643449580707,-20.90415138324966,0.7506259055938596,0.5080160038493668
SPY>200SMA+up [gate],50,DUMB,2.0ATR,close<50EMA,2517,96868,2.532575338330734,75.06755242168522,3.2526153327764886,6.3901521122580185,-20.909279478422636,0.5029137191214206,0.30561321440331535
SPY>200SMA+up [gate],50,DUMB,2.0ATR,target 4R,2172,97213,2.1854404588217538,77.72992779552888,3.5893787336537226,6.893845140103894,-25.834835841191904,0.5742400973372207,0.26684300153795143
SPY>200SMA+up [gate],50,DUMB,20EMA,close<50EMA,2414,96216,2.447531177126635,74.30395806572115,1.6766472901154494,2.7739324432189294,-27.82120862834445,0.2716039400699966,0.09970567707086696
SPY>200SMA+up [gate],50,DUMB,20EMA,target 4R,1910,96720,1.936530467403427,77.88071665853846,3.744406649782572,7.042396866735023,-20.226744841556908,0.6562810698449683,0.34817252711202695
SPY>200SMA+up [gate],50,GATES,2.0ATR,close<50EMA,3625,11952,23.27149001733325,67.77844271595698,2.4221097152597415,4.711161521315499,-25.67237945438667,0.3305305747117406,0.18351090243450327
SPY>200SMA+up [gate],50,GATES,2.0ATR,target 4R,3140,12437,20.15792514604866,74.23310136255698,5.450327399058036,8.980324275596029,-28.349394915625236,0.5737776112983443,0.31677304938337064
SPY>200SMA+up [gate],50,GATES,20EMA,close<50EMA,3583,11614,23.577021780614594,67.86864481671486,1.931045169390694,3.5107665486622475,-25.24304195807201,0.2655538698478434,0.1390785846845849
SPY>200SMA+up [gate],50,GATES,20EMA,target 4R,2912,12285,19.161676646706585,75.62746089512426,6.113801025833722,9.694620423764633,-26.630574852475775,0.6514055873272333,0.36404097461168206
SPY>200SMA+up [gate],50,LEADER,2.0ATR,close<50EMA,2018,993,67.02092328130189,38.1767500260372,1.364817348221531,1.6378025555393139,-27.844363282995232,0.17933260125940634,0.05881989610944103
SPY>200SMA+up [gate],50,LEADER,2.0ATR,target 4R,2038,973,67.68515443374294,42.690822953851665,2.5814219180400566,5.063288270859556,-26.95407064052623,0.4346637554428534,0.1878487423434572
SPY>200SMA+up [gate],50,LEADER,20EMA,close<50EMA,2135,722,74.72873643682185,34.10051742925364,1.2814914194504898,1.2988685684045764,-29.88028404470112,0.1635493158277735,0.04346908370956112
SPY>200SMA+up [gate],50,LEADER,20EMA,target 4R,1803,1054,63.10815540777039,49.21850840643584,3.2726424692953646,6.196388899147975,-34.69526304057111,0.5041868089101232,0.1785946655571451
SPY>200SMA+up [gate],50,POTENT,2.0ATR,close<50EMA,2168,1285,62.785983203011874,44.003850102393336,1.485899621858241,2.0822237785211417,-22.004483617262782,0.2132053238797177,0.09462725027946632
SPY>200SMA+up [gate],50,POTENT,2.0ATR,target 4R,2143,1310,62.06197509412105,50.28235836934502,3.635857633731676,6.9084373822357215,-21.644559840443044,0.5755317863653868,0.31917661681099413
SPY>200SMA+up [gate],50,POTENT,20EMA,close<50EMA,2348,1087,68.35516739446871,42.27994592300348,1.5314047964710418,2.242270384139178,-27.755013902501823,0.23101653590019913,0.08078793950584405
SPY>200SMA+up [gate],50,POTENT,20EMA,target 4R,2038,1397,59.33042212518195,57.135878653238976,4.260065679822119,7.620404481552812,-24.140818297236322,0.564930235307011,0.3156647130899124
SPY>200SMA+up [gate],50,REQ-only,2.0ATR,close<50EMA,2634,95511,2.683784196851597,75.05693568800002,1.9932837232058294,3.651570625177536,-23.901142882672378,0.3437881466020985,0.15277807605697452
SPY>200SMA+up [gate],50,REQ-only,2.0ATR,target 4R,2174,95971,2.215089917978501,77.57892695970155,3.487614131784312,6.701928466291718,-25.942806281720888,0.5848176399386759,0.25833475351561513
SPY>200SMA+up [gate],50,REQ-only,20EMA,close<50EMA,2466,94863,2.533674444410196,74.9065099243808,2.258039023593604,4.334068252395773,-24.63809130215946,0.3756038638853968,0.17590925365293633
SPY>200SMA+up [gate],50,REQ-only,20EMA,target 4R,1853,95476,1.9038518838167453,78.55831855166211,5.456343205766604,9.103915483878211,-17.563786732887255,0.8190270104397966,0.5183344356391901
SPY>200SMA+up [gate+exit],30,BOTH,2.0ATR,close<50EMA,1490,439,77.24209434940384,26.061549743687745,0.9998583834304556,-0.0007397469535153078,-40.03201559801144,0.03431766027752258,-1.8478883525216606e-05
SPY>200SMA+up [gate+exit],30,BOTH,2.0ATR,target 4R,1512,417,78.38258164852255,27.500484889630844,1.5411911653133503,2.2644118836833815,-29.737822239412225,0.2644013000293806,0.07614585444263985
SPY>200SMA+up [gate+exit],30,BOTH,20EMA,close<50EMA,1424,496,74.16666666666667,21.76552279685787,1.250526503070952,1.170029303775677,-27.230191429732386,0.18004140067997432,0.04296808954850509
SPY>200SMA+up [gate+exit],30,BOTH,20EMA,target 4R,1230,690,64.0625,27.055082951556937,2.131411753468563,3.97975671971893,-22.58692570774883,0.5216971967935263,0.1761973617486866
SPY>200SMA+up [gate+exit],30,BREAKOUT,2.0ATR,close<50EMA,3297,5766,36.37868255544522,55.99914918887843,2.118610503090661,4.025148340704665,-22.57907221831036,0.2809369642865634,0.1782689873962357
SPY>200SMA+up [gate+exit],30,BREAKOUT,2.0ATR,target 4R,3141,5922,34.65739821251241,60.16631413699555,3.208071757641705,6.293529080663052,-24.485511976682652,0.5301012943047505,0.25703073256774567
SPY>200SMA+up [gate+exit],30,BREAKOUT,20EMA,close<50EMA,3150,5761,35.349567949725056,50.49530955605846,2.087251531188765,3.939014746037084,-24.336992058580297,0.30648027786574633,0.16185298234702497
SPY>200SMA+up [gate+exit],30,BREAKOUT,20EMA,target 4R,2464,6447,27.65121759622938,51.52006453815813,3.9415880561064967,7.329156657180191,-20.66103317924799,0.6959692928926045,0.3547333085231004
SPY>200SMA+up [gate+exit],30,CONFIRMED,2.0ATR,close<50EMA,2695,2522,51.658041019743145,48.347231484454255,2.575248806776163,5.045760485414341,-20.894823579175636,0.37532346116627746,0.24148375631384067
SPY>200SMA+up [gate+exit],30,CONFIRMED,2.0ATR,target 4R,2610,2607,50.028752156411734,51.94628429230612,3.407717608699551,6.622218941794555,-26.432119055882463,0.5846682866886691,0.25053681575033543
SPY>200SMA+up [gate+exit],30,CONFIRMED,20EMA,close<50EMA,2568,2480,50.871632329635496,39.80342313854471,1.6699076938977524,2.703913402978597,-24.85808100129152,0.2703764147423616,0.10877402011998083
SPY>200SMA+up [gate+exit],30,CONFIRMED,20EMA,target 4R,1941,3107,38.45087163232964,42.447939556656806,3.9188094692993034,7.297082991225268,-16.443484910255314,0.7762569009257221,0.44376742710265105
SPY>200SMA+up [gate+exit],30,DUMB,2.0ATR,close<50EMA,3434,95951,3.455249786185038,71.03414156390106,2.3864076957515152,4.673895650378479,-24.11807530553306,0.4283395228687097,0.1937922322228679
SPY>200SMA+up [gate+exit],30,DUMB,2.0ATR,target 4R,3078,96307,3.097046838054032,71.74083422307709,2.710546023282147,5.358967055152064,-26.08154796292671,0.5755174062604569,0.20546967008129657
SPY>200SMA+up [gate+exit],30,DUMB,20EMA,close<50EMA,3321,95309,3.3671296765689953,71.19784978922895,1.5911892542765864,2.4896664809114455,-28.496833909152052,0.25783458208146115,0.08736642424377761
SPY>200SMA+up [gate+exit],30,DUMB,20EMA,target 4R,2915,95715,2.9554902159586334,72.45647913020933,2.48421026975124,4.849907585479474,-23.73672485845426,0.5298466524547323,0.20432084099218484
SPY>200SMA+up [gate+exit],30,GATES,2.0ATR,close<50EMA,3990,11587,25.614688322526803,62.032185804411746,2.8890093184245718,5.729000137462648,-26.821395836935448,0.35975273723349815,0.213598135320508
SPY>200SMA+up [gate+exit],30,GATES,2.0ATR,target 4R,3488,12089,22.391988187712652,64.92485163414571,3.8315933613403828,7.1736693879743685,-26.830876000199044,0.5966312837224879,0.26736620108568765
SPY>200SMA+up [gate+exit],30,GATES,20EMA,close<50EMA,3876,11321,25.50503388826742,61.22613149093181,1.698856308325155,2.817789497452594,-32.90314188264944,0.2201695879092352,0.08563891884557313
SPY>200SMA+up [gate+exit],30,GATES,20EMA,target 4R,3309,11888,21.774034348884648,60.19508455457785,1.7299939512143065,2.863181125314407,-36.535733656410464,0.2794360786370213,0.07836659726722199
SPY>200SMA+up [gate+exit],30,LEADER,2.0ATR,close<50EMA,1998,1013,66.35669212886084,35.1966037741953,1.5128466576654789,2.185934129066247,-26.954128443944192,0.22373546546486509,0.08109830498182415
SPY>200SMA+up [gate+exit],30,LEADER,2.0ATR,target 4R,2017,994,66.98771172367984,37.74770986240205,2.267105417556095,4.355213709928107,-26.234133581403228,0.4287788770970075,0.16601324745161083
SPY>200SMA+up [gate+exit],30,LEADER,20EMA,close<50EMA,1799,1058,62.96814840742037,26.891429585368048,1.46505622533561,2.0069176391559695,-27.013692742598984,0.259855288728427,0.0742926062822644
SPY>200SMA+up [gate+exit],30,LEADER,20EMA,target 4R,1425,1432,49.877493874693734,31.32874767075471,2.511117711663455,4.862556389587747,-28.123918619373278,0.5949257217198898,0.1728975416049652
SPY>200SMA+up [gate+exit],30,POTENT,2.0ATR,close<50EMA,2186,1267,63.307269041413264,40.535350236640674,1.5592778751633805,2.338607744559873,-23.154968084466322,0.23075528936291329,0.10099809837910098
SPY>200SMA+up [gate+exit],30,POTENT,2.0ATR,target 4R,2136,1317,61.85925282363162,44.84489280428419,3.271451869426895,6.325724781708031,-22.900778774293485,0.5906484507684507,0.27622312952993394
SPY>200SMA+up [gate+exit],30,POTENT,20EMA,close<50EMA,2131,1304,62.037845705967975,35.22517767769389,1.6467539933854678,2.6293285347413375,-26.595639799302827,0.2653327200276375,0.09886314277764667
SPY>200SMA+up [gate+exit],30,POTENT,20EMA,target 4R,1752,1683,51.004366812227076,40.06893827293679,3.949965362494054,7.340908226187537,-22.35549136174194,0.8008725562859028,0.32837158921724247
SPY>200SMA+up [gate+exit],30,REQ-only,2.0ATR,close<50EMA,3579,94566,3.6466452697539355,71.60287221910619,2.3743865668588335,4.598759569149258,-23.138134679798306,0.4131741679066421,0.19875239006039638
SPY>200SMA+up [gate+exit],30,REQ-only,2.0ATR,target 4R,3137,95008,3.196291201793265,71.92519064566278,2.643005999716133,5.176471746339906,-23.733055163385753,0.5527180004961806,0.21811232100980932
SPY>200SMA+up [gate+exit],30,REQ-only,20EMA,close<50EMA,3382,93947,3.474812234791275,72.00149690003738,2.281258628322413,4.425820989476037,-28.68102057987739,0.4234431005841058,0.1543118375843708
SPY>200SMA+up [gate+exit],30,REQ-only,20EMA,target 4R,2903,94426,2.9826670365461476,72.83200198128449,3.281699536224053,6.337376749951251,-29.375194735768183,0.6761697209700561,0.2157390549052142
SPY>200SMA+up [gate+exit],50,BOTH,2.0ATR,close<50EMA,1496,433,77.55313634007257,26.140942259786062,0.9910553417453223,-0.04691928684598112,-40.55999103454572,0.02928571861941609,-0.001156787406733376
SPY>200SMA+up [gate+exit],50,BOTH,2.0ATR,target 4R,1538,391,79.73043027475376,27.641744976212976,1.5171199243696172,2.181111784092127,-30.45920763693738,0.25416651832520315,0.07160763372738325
SPY>200SMA+up [gate+exit],50,BOTH,20EMA,close<50EMA,1547,373,80.57291666666667,23.765937425682825,1.2933326681986805,1.3473590734152108,-24.87165928256231,0.1906367832738183,0.05417246425371602
SPY>200SMA+up [gate+exit],50,BOTH,20EMA,target 4R,1471,449,76.61458333333333,31.934003982165194,2.062076977818861,3.8025802512958284,-22.997071766856457,0.4345617686679603,0.16535062767322117
SPY>200SMA+up [gate+exit],50,BREAKOUT,2.0ATR,close<50EMA,3324,5739,36.67659715326051,56.3716637277078,2.4409181730294645,4.802369310935983,-22.670529601270097,0.3201044338508353,0.2118331329439668
SPY>200SMA+up [gate+exit],50,BREAKOUT,2.0ATR,target 4R,3227,5836,35.606311375924086,61.184912102898814,3.8582764015660778,7.325624420149701,-27.19564928892223,0.591224074173463,0.26936751324902886
SPY>200SMA+up [gate+exit],50,BREAKOUT,20EMA,close<50EMA,3482,5429,39.075300190775444,55.74015826106478,2.7418859068706065,5.388277313645706,-26.39666561326629,0.3738594181382839,0.20412719517641256
SPY>200SMA+up [gate+exit],50,BREAKOUT,20EMA,target 4R,2927,5984,32.84704298058579,62.42340972020226,4.59728456070419,8.184247910155683,-23.31850554618079,0.6922518762359745,0.35097651922621326
SPY>200SMA+up [gate+exit],50,CONFIRMED,2.0ATR,close<50EMA,2722,2495,52.1755798351543,48.71450499994575,2.563653568476503,5.021094715108143,-21.177848600414407,0.37742989966705204,0.23709182220756317
SPY>200SMA+up [gate+exit],50,CONFIRMED,2.0ATR,target 4R,2710,2507,51.94556258386046,53.22945381839436,4.4389304005240895,8.10667230606108,-23.766119875790704,0.6872802051993248,0.34110205403444593
SPY>200SMA+up [gate+exit],50,CONFIRMED,20EMA,close<50EMA,2948,2100,58.39936608557845,46.36773531465821,2.2864578044395025,4.39693534297847,-24.08988867367222,0.34664402493078844,0.18252202833066097
SPY>200SMA+up [gate+exit],50,CONFIRMED,20EMA,target 4R,2472,2576,48.96988906497623,55.63751952841504,5.5723574560419955,9.262696994746289,-22.84965789551189,0.8403783894857186,0.40537574072676424
SPY>200SMA+up [gate+exit],50,DUMB,2.0ATR,close<50EMA,3443,95942,3.464305478693968,71.03268564765017,2.382862005790628,4.665722143322504,-24.11807530553306,0.4283351801083404,0.19345333672841275
SPY>200SMA+up [gate+exit],50,DUMB,2.0ATR,target 4R,3087,96298,3.1061025305629624,71.70865164256594,2.66150320515976,5.258302418398619,-26.08154796292671,0.5653038686957292,0.20161005879992122
SPY>200SMA+up [gate+exit],50,DUMB,20EMA,close<50EMA,3345,95285,3.3914630436986717,71.16805037615177,1.5313052132075728,2.2817191353649013,-28.240913428689783,0.2398612024988597,0.08079480648267261
SPY>200SMA+up [gate+exit],50,DUMB,20EMA,target 4R,2921,95709,2.9615735577410525,72.63998981041124,2.6784236015195253,5.2614842828407005,-23.73672485845426,0.5734941647692525,0.22166007796845355
SPY>200SMA+up [gate+exit],50,GATES,2.0ATR,close<50EMA,4100,11477,26.320857674776914,62.796285371573155,2.6869468770540963,5.32720965709772,-27.26470866360757,0.3379055630087513,0.19538846803114318
SPY>200SMA+up [gate+exit],50,GATES,2.0ATR,target 4R,3624,11953,23.265070295949155,66.53373484116906,3.5981883774130328,6.826824688474908,-30.485223465681955,0.5612241642832768,0.22393881075400515
SPY>200SMA+up [gate+exit],50,GATES,20EMA,close<50EMA,4051,11146,26.656576955978153,63.23394995157866,1.793437085278033,3.1102955718623537,-34.001894717140935,0.23515610766154618,0.09147418394582583
SPY>200SMA+up [gate+exit],50,GATES,20EMA,target 4R,3551,11646,23.366453905376062,67.6655003694087,3.3562317712002607,6.434597470179004,-32.80189786142975,0.5360649696190221,0.19616540168991725
SPY>200SMA+up [gate+exit],50,LEADER,2.0ATR,close<50EMA,2038,973,67.68515443374294,35.644791643768066,1.6549998568807707,2.6664020099820496,-25.522971279486097,0.2587371864067315,0.10447067391895515
SPY>200SMA+up [gate+exit],50,LEADER,2.0ATR,target 4R,2071,940,68.78113583527067,38.58478600323394,2.160316858784553,4.093301726797538,-27.43240155044028,0.3957365464278583,0.1492141225503402
SPY>200SMA+up [gate+exit],50,LEADER,20EMA,close<50EMA,2155,702,75.42877143857193,31.657900195874703,1.3459061028200552,1.557689938704554,-30.097144295706567,0.19408894638125293,0.051755406539575326
SPY>200SMA+up [gate+exit],50,LEADER,20EMA,target 4R,1857,1000,64.99824991249562,41.22686168751082,3.2349690722289948,6.241233699936011,-32.60255224382904,0.6122962251629456,0.19143389920086218
SPY>200SMA+up [gate+exit],50,POTENT,2.0ATR,close<50EMA,2186,1267,63.307269041413264,40.54723222233929,1.5564493949966685,2.3289390039741065,-23.539960563344696,0.23003890175766936,0.09893555249198757
SPY>200SMA+up [gate+exit],50,POTENT,2.0ATR,target 4R,2187,1266,63.336229365768894,45.28996198727051,3.33387979344683,6.429787930652098,-24.297088618024254,0.5903162915654331,0.26463203191687346
SPY>200SMA+up [gate+exit],50,POTENT,20EMA,close<50EMA,2355,1080,68.5589519650655,38.82170605244055,1.6979702703442523,2.7930080739497987,-29.878418887587756,0.2685709636102399,0.09347911228027143
SPY>200SMA+up [gate+exit],50,POTENT,20EMA,target 4R,2091,1344,60.87336244541485,48.47190283026384,3.76955299822425,7.0824386985298915,-27.62124653881314,0.6863613941519056,0.25641271072171595
SPY>200SMA+up [gate+exit],50,REQ-only,2.0ATR,close<50EMA,3578,94567,3.64562636914769,71.57555680358922,2.4055178472118364,4.669626442478392,-21.351129009283166,0.41464708449579285,0.21870630075103312
SPY>200SMA+up [gate+exit],50,REQ-only,2.0ATR,target 4R,3131,95014,3.1901777981557897,71.97732883119804,2.916619010437961,5.7158598990788345,-23.733055163385753,0.6000495499137323,0.24083961629588235
SPY>200SMA+up [gate+exit],50,REQ-only,20EMA,close<50EMA,3414,93915,3.507690410874457,72.12071915967364,2.2015794110724056,4.196539377996955,-28.68102057987739,0.4041171093014735,0.1463176446706101
SPY>200SMA+up [gate+exit],50,REQ-only,20EMA,target 4R,2989,94340,3.0710271347696985,73.18988793168984,3.3570867950209964,6.462330296601926,-28.69684596452341,0.6754027915766859,0.22519305099211975
