entry,expiry,dte,spot,strike,credit,settle,iv30,rv30,ivp,ff,ret_gross,ret,fly_ret,log_ivrv
2018-06-29,2018-07-27,28,171.65,171.5,7.425,6.12,0.19522259430328182,0.13877672560842746,0.6341463414634146,0.07491206640080704,0.1757575757575751,0.17030303030302968,-0.42008928571428783,0.3412740657091054
2018-07-06,2018-08-03,28,175.61,175.5,6.455,4.58,0.16589161428454735,0.1479035950829312,0.4566929133858268,-0.06764132019399882,0.29047250193648144,0.28574748257164795,-0.07827160493827796,0.11477397216461224
2018-07-13,2018-08-10,28,179.61,179.5,5.895,1.02,0.14812580587544869,0.15923654975250914,0.1893939393939394,-0.1367084975012932,0.8269720101781153,0.8217981340118727,1.6108753315649815,-0.07232887854852892
2018-07-20,2018-08-17,28,178.99,179.0,6.09,0.86,0.15355570425452675,0.15560248688965705,0.31386861313868614,-0.09430758298150063,0.8587848932676496,0.8541871921182245,1.7596205962059537,-0.013241198834527025
2018-07-27,2018-08-24,28,177.62,177.5,6.695,4.98,0.170112467921265,0.14465698391606233,0.4507042253521127,-0.006666717982220078,0.2561613144137432,0.2516056758775221,-0.2414507772020671,0.16209448257627343
2018-08-03,2018-08-31,28,180.08,180.0,5.35,6.65,0.13408053358256566,0.14784966342141698,0.07482993197278912,-0.15253339930085913,-0.2429906542056086,-0.24915887850467403,-1.0349862258953169,-0.09775535349960095
2018-08-10,2018-09-07,28,180.52,180.5,5.505,0.61,0.137628833208689,0.12715060378553558,0.125,-0.12944087110007813,0.8891916439600338,0.8845594913714779,1.758689458689451,0.07918820675075594
2018-08-17,2018-09-14,28,179.86,180.0,5.44,3.99,0.13650285666864825,0.13349990131551964,0.08280254777070063,-0.1816022649940123,0.2665441176470571,0.2623161764705865,-0.18579387186630028,0.02224480375103214
2018-08-24,2018-09-21,28,182.48,182.5,5.16,1.21,0.1276179778869633,0.11616352518561272,0.06790123456790123,-0.19358066566187931,0.7655038759689907,0.7600775193798435,1.34842767295597,0.0940423552290389
2018-08-31,2018-09-28,28,186.65,187.0,5.655,1.21,0.13673573975689055,0.08742026634863301,0.3413173652694611,-0.10758039337849126,0.7860300618921294,0.779752431476568,1.2371158392434949,0.447323020006959
2018-09-07,2018-10-05,28,181.11,181.0,6.91,0.85,0.17219203013293377,0.1065950909920795,0.6432748538011696,-0.05659177063048807,0.8769898697539805,0.8729377713458765,1.6986725663716842,0.47957284836270947
2018-09-14,2018-10-12,28,183.99,184.0,5.605,9.68,0.137486110879359,0.10162449066817789,0.26704545454545453,-0.21390277537740418,-0.7270294380017852,-0.7315789473684221,-1.0262857142857142,0.3022383442379451
2018-09-21,2018-10-19,28,183.71,184.0,5.695,10.98,0.13990665099106148,0.124597566297094,0.46408839779005523,-0.20620971227878016,-0.9280070237050025,-0.932484635645301,-1.0221153846153845,0.1158863475417434
2018-09-28,2018-10-26,28,185.79,186.0,5.815,19.34,0.14125532018623588,0.11175124916347869,0.25268817204301075,-0.18500170282091502,-2.3258813413585564,-2.330266552020637,-1.024433249370277,0.234293622724659
2018-10-05,2018-11-02,28,180.15,180.0,7.925,10.62,0.19853744746856467,0.12565638624606087,0.8481675392670157,0.06617383533634585,-0.34006309148265046,-0.34517350157728766,-0.8291338582677165,0.4574266461962352
2018-10-12,2018-11-09,28,174.32,174.5,8.97,2.98,0.23223231709790287,0.22099948923951301,0.9591836734693877,0.2070196981508368,0.6677814938684515,0.6613154960981059,1.1121428571428602,0.049577847052674005
2018-10-19,2018-11-16,28,173.02,173.0,9.33,5.5,0.243367603560311,0.24948944910864743,0.8905472636815921,0.1718877063656887,0.4105037513397642,0.407502679528403,0.3578740157480314,-0.024843554048696263
2018-10-26,2018-11-23,28,166.66,166.5,10.725,7.29,0.2904312559556105,0.32813376169406805,1.0,0.2617332720885865,0.3202797202797211,0.314172494172495,0.02019704433497862,-0.12205442743510851
2018-11-02,2018-11-30,28,169.38,169.5,9.275,0.13,0.2471321339861945,0.3571018523409019,0.943127962085308,0.11182672228226087,0.985983827493262,0.981617250673855,2.1370994940978085,-0.3680978927638995
2018-11-09,2018-12-07,28,171.52,171.5,8.315,10.12,0.21878871375885456,0.3431257080464555,0.8009259259259259,0.06897945257306184,-0.21707757065544234,-0.22134696331930281,-1.0231939163498098,-0.4499903890225889
2018-11-16,2018-12-14,28,167.5,167.5,8.6,6.42,0.2317186925852046,0.32415170311456354,0.8054298642533937,0.03720792651554343,0.25348837209302466,0.24906976744186185,-0.19439999999999508,-0.3356875217068501
2018-11-23,2018-12-21,28,159.21,159.0,9.425,11.43,0.267170464853795,0.3097564771327981,0.9644444444444444,0.11703335956700975,-0.2127320954907168,-0.21755968169761336,-0.8534804753820034,-0.14789953130482042
2018-11-30,2018-12-31,31,169.37,169.0,8.945,14.74,0.2265267299314905,0.2796639106729446,0.8652173913043478,0.026555821581932593,-0.6478479597540535,-0.6518166573504761,-1.0227611940298507,-0.21072561228151956
2018-12-07,2019-01-04,28,161.38,161.5,9.325,5.27,0.2607813678244638,0.32912056617583907,0.7008547008547008,0.04204580179901496,0.43485254691688896,0.42729222520107124,0.4960072595281266,-0.23274176106541042
2018-12-14,2019-01-11,28,161.08,161.0,9.245,0.31,0.25902562132867774,0.3023821930895386,0.9832635983263598,-0.019946504353127576,0.9664683612763654,0.961546782044348,2.176752767527675,-0.15476477642982872
2018-12-21,2019-01-18,28,147.57,148.0,10.61,17.25,0.32448508275545307,0.31017033420538925,0.9918032786885246,0.08239429916141554,-0.6258246936852028,-0.6289349670122526,-1.02022792022792,0.04511795339337466
2018-12-28,2019-01-25,28,152.97,153.0,10.98,12.15,0.3239466573230494,0.38100540300711067,0.9838709677419355,0.06633356426760402,-0.10655737704918081,-0.11320582877959973,-1.037837837837838,-0.16223469180097416
2019-01-04,2019-02-01,28,156.23,156.0,9.39,11.45,0.27125552269040165,0.4023845807743188,0.9362549800796812,0.026579025754214062,-0.21938232161874205,-0.22502662406815632,-1.0326352530541012,-0.39434703509974844
2019-01-11,2019-02-08,28,160.69,160.5,8.335,8.06,0.23409610242013115,0.3684753630421693,0.7649402390438247,-0.005363554721229542,0.03299340131973588,0.028734253149369955,-0.8550387596899233,-0.4536421268291542
2019-01-18,2019-02-15,28,165.25,165.0,7.43,6.94,0.20291996333223217,0.35618199663325045,0.649402390438247,-0.022639120650496038,0.06594885598923311,0.06218034993270551,-0.9944309927360763,-0.5626301947203161
2019-01-25,2019-02-22,28,165.15,165.0,7.17,7.89,0.19593770062981228,0.3012470541669302,0.5776892430278885,-0.06902349948098836,-0.10041841004183912,-0.10432357043235517,-1.02541567695962,-0.4301339512833452
2019-02-01,2019-03-01,28,167.45,167.5,6.685,6.89,0.18017465091184842,0.255885190037904,0.47808764940239046,-0.10436665867822222,-0.03066566940912279,-0.03522812266267551,-1.0272264631043257,-0.35080220415581664
2019-02-08,2019-03-08,28,168.56,168.5,6.75,2.67,0.1807285148647276,0.18312236923432904,0.601593625498008,-0.0570850631672947,0.6044444444444463,0.6002962962962981,0.813135593220344,-0.013158626323762523
2019-02-15,2019-03-15,28,171.94,172.0,6.17,6.35,0.1619517596859737,0.1728556225750583,0.398406374501992,-0.08447047109300522,-0.029173419773094716,-0.032901134521879156,-1.0250000000000001,-0.06515818330548408
2019-02-22,2019-03-22,28,172.89,173.0,5.875,5.56,0.15336117461575108,0.15202465944697469,0.4103585657370518,-0.06189074601650254,0.05361702127659536,0.047574468085106,-0.8058524173028001,0.008753017021854662
2019-03-01,2019-03-29,28,174.39,174.0,5.57,5.66,0.1441488052138426,0.10734899534766387,0.13545816733067728,-0.07503887576538262,-0.016157989228006518,-0.02208258527827582,-0.8587064676616898,0.29476096993854156
2019-03-08,2019-04-05,28,171.17,171.0,6.75,13.66,0.177972766639005,0.09714972406286779,0.5776892430278885,-0.015517430286864925,-1.0237037037037031,-1.0293333333333328,-0.8184100418410042,0.605377206677896
2019-03-15,2019-04-12,28,178.35,178.5,5.55,7.33,0.14044209491040013,0.10410535552094152,0.19123505976095617,-0.16147450843757902,-0.320720720720723,-0.32666666666666894,-1.032,0.29939184772937477
2019-03-22,2019-04-18,27,178.56,178.5,7.37,8.89,0.18969586916675465,0.14172050740839762,0.5219123505976095,0.03692348549279251,-0.20624151967435364,-0.21139755766621252,-1.0252699784017278,0.29156524074442874
2019-03-29,2019-04-26,28,179.66,179.5,6.175,11.15,0.15511828558888652,0.14459499647936586,0.3187250996015936,-0.100103741177697,-0.8056680161943329,-0.811417004048584,-1.0333333333333332,0.07025125208099867
2019-04-05,2019-05-03,28,184.66,184.5,6.3,6.61,0.15397320427393724,0.13629051552408333,0.24701195219123506,-0.03627956814007305,-0.049206349206351405,-0.05365079365079585,-1.0244019138755982,0.12198983806820515
2019-04-12,2019-05-10,28,185.83,186.0,5.735,1.0,0.13928200980203514,0.12160184130384401,0.0796812749003984,-0.08341623356631553,0.8256320836965998,0.8203138622493461,1.6705705705705705,0.13574861357699328
2019-04-26,2019-05-24,28,190.65,190.5,5.915,12.34,0.14002170735516123,0.068584340452055,0.12749003984063745,-0.08428193773831438,-1.086221470836856,-1.091377852916315,-1.0297709923664122,0.7137332277469014
2019-05-03,2019-05-31,28,191.11,191.0,5.955,17.05,0.14062928959869067,0.08622183270234057,0.11155378486055777,-0.1244500116515311,-1.863140218303948,-1.8674223341729657,-1.0267015706806284,0.48920385109706266
2019-05-10,2019-06-07,28,185.0,185.0,7.335,3.96,0.17893933513126317,0.11502654334417715,0.6175298804780877,0.024380065029062335,0.46012269938650197,0.4518745739604625,0.4887688984881179,0.44188392509778357
2019-05-17,2019-06-14,28,183.04,183.0,7.375,0.36,0.1818416850263766,0.18606176041228117,0.549800796812749,-0.006056566060019294,0.9511864406779642,0.9470508474576252,2.1127472527472464,-0.02294221779126191
2019-05-24,2019-06-21,28,178.16,178.0,7.98,10.57,0.20214831092773533,0.19501332806231353,0.6932270916334662,-0.008690489289284975,-0.324561403508771,-0.3274436090225555,-1.0190371991247265,0.035933735247032896
2019-05-31,2019-06-28,28,173.95,174.0,8.73,12.74,0.22649949611291006,0.20046561666849563,0.7928286852589641,0.04800863535314036,-0.45933562428407887,-0.463688430698741,-1.0244444444444445,0.12209997615034182
2019-06-07,2019-07-05,28,181.04,181.0,7.535,10.05,0.1878391633838109,0.23897284430694682,0.6254980079681275,0.012576150647724235,-0.33377571333775863,-0.3384870603848721,-1.0252699784017278,-0.24076384057619196
2019-06-14,2019-07-12,28,182.64,182.5,7.55,11.03,0.1865642741156605,0.20056444506406357,0.5657370517928287,-0.018639489501764632,-0.4609271523178808,-0.4652980132450331,-1.0243478260869565,-0.07235980382823341
2019-06-21,2019-07-19,28,188.57,189.0,7.18,2.01,0.17184198184228444,0.1890368178942587,0.4541832669322709,-0.05521919741204573,0.7200557103064079,0.7161559888579401,1.2348416289592794,-0.09536645543990475
2019-06-28,2019-07-26,28,186.74,186.5,8.02,8.79,0.1938270756283046,0.18703909305113356,0.649402390438247,0.08813629064079377,-0.09600997506234321,-0.10074812967580955,-1.0256565656565657,0.035648750067359805
2019-07-05,2019-08-02,28,191.05,191.0,6.485,3.65,0.15319351036622653,0.1271958293847812,0.22310756972111553,-0.004368304572154712,0.43716268311487955,0.433230531996915,0.37665847665847313,0.18597403336249427
2019-07-12,2019-08-09,28,193.53,193.5,6.31,7.01,0.14714939884364867,0.11417813138297796,0.20717131474103587,-0.051614513606887874,-0.11093502377178928,-0.11458003169571955,-1.023040380047506,0.25368860447572095
2019-07-19,2019-08-16,28,191.01,191.0,6.735,5.52,0.15913251442395362,0.11161049846077158,0.20318725099601595,-0.06899372983382057,0.1804008908685954,0.17735708982924872,-0.3429223744292283,0.35472216141344254
2019-07-26,2019-08-23,28,195.29,195.5,5.91,13.43,0.13657930707546959,0.10204447714492373,0.043824701195219126,-0.1434703899721454,-1.272419627749578,-1.2771573604060924,-1.023832923832924,0.2914966814409722
2019-08-02,2019-08-30,28,187.35,187.5,8.42,0.03,0.20283169672950352,0.119021010973539,0.6414342629482072,0.0526821393178864,0.9964370546318289,0.9913301662707839,2.24816247582205,0.5330765146855289
2019-08-09,2019-09-06,28,186.49,186.5,8.25,5.09,0.19965299487108829,0.1941483827583367,0.4820717131474104,-0.010861165051047717,0.3830303030303026,0.3790303030303026,0.2330882352941161,0.027958107716865056
2019-08-16,2019-09-13,28,185.48,185.5,8.29,7.04,0.20171345719998676,0.24223357412939872,0.6175298804780877,-0.04644097340023923,0.1507840772014484,0.147406513872136,-0.4516569200779698,-0.18305428139664956
2019-08-23,2019-09-20,28,182.07,182.0,9.41,8.8,0.23325376406818032,0.2676086348565428,0.7450199203187251,0.07896952633351222,0.06482465462274058,0.06184909670563112,-0.7592178770949763,-0.13739861842689804
2019-08-30,2019-09-30,31,187.47,187.0,8.77,1.81,0.20065196274925637,0.2742299968969159,0.6932270916334662,-0.03734523381777747,0.7936145952109461,0.7898517673888252,1.5736462093862804,-0.3123952803982001
2019-09-06,2019-10-04,28,191.59,191.5,6.91,2.69,0.16277310181833932,0.24592571977488156,0.3147410358565737,-0.13446773811598206,0.6107091172214185,0.6066570188133145,0.9098654708520185,-0.4126723205293423
2019-09-13,2019-10-11,28,192.54,192.5,6.795,1.39,0.15927437998356606,0.1877205723163078,0.30677290836653387,-0.12433458440489266,0.7954378219278901,0.7909492273730705,1.4317286652078833,-0.16432616444470277
2019-09-20,2019-10-18,28,190.8,191.0,7.23,0.69,0.17101624109502062,0.1752115163012683,0.42231075697211157,-0.1368437764545416,0.9045643153526974,0.901383125864454,1.9214452214452231,-0.024235379498714665
2019-09-27,2019-10-25,28,187.03,187.0,8.365,8.64,0.20185155573356728,0.14314889333830508,0.6294820717131474,-0.020360157797719873,-0.03287507471607724,-0.036521219366406,-1.0217898832684824,0.34364725391338563
2019-10-04,2019-11-01,28,188.81,189.0,7.915,9.87,0.18919225626013375,0.13948854380943768,0.46215139442231074,-0.02364944743299537,-0.2469993682880612,-0.2508528111181307,-1.0241237113402062,0.30478125226323954
2019-10-11,2019-11-08,28,191.11,191.0,7.885,10.23,0.18620687632001276,0.15820557055920692,0.2589641434262948,0.02324188679041163,-0.29740012682308054,-0.3050729232720342,-1.0380753138075314,0.1629630270689587
2019-10-18,2019-11-15,28,191.69,192.0,6.935,10.91,0.16327678397329448,0.16641335599962664,0.18326693227091634,-0.1284506291227182,-0.5731795241528472,-0.5761355443403021,-1.0189814814814815,-0.019027967670208357
2019-10-25,2019-11-22,28,195.64,196.0,6.08,5.83,0.14025661545456794,0.159508119827791,0.08764940239043825,-0.13277261728348735,0.041118421052629535,0.03651315789473478,-0.9392857142857207,-0.12862111663344955
2019-11-01,2019-11-29,28,198.87,199.0,5.825,6.1,0.1321916689012261,0.1322612962242308,0.12350597609561753,-0.1805623600518707,-0.0472103004291837,-0.051587982832617174,-1.0239506172839505,-0.0005265762445169839
2019-11-08,2019-12-06,28,201.23,201.0,5.95,4.0,0.13344480398903114,0.10455149254154333,0.08366533864541832,-0.16076056083960216,0.3277310924369748,0.3230252100840336,-0.01065989847715723,0.2440082374428707
2019-11-15,2019-12-13,28,202.91,203.0,5.715,4.19,0.12711307164526167,0.09301305242878852,0.055776892430278883,-0.17364271462704126,0.2668416447944011,0.26150481189851305,-0.19610983981693278,0.31233718626528173
2019-11-22,2019-12-20,28,201.83,202.0,6.205,9.71,0.13875016082771424,0.07376379546418893,0.199203187250996,-0.14214756687901492,-0.5648670427074952,-0.5681708299758272,-1.0204244031830239,0.631806876876065
2019-11-29,2019-12-27,28,205.1,205.0,6.025,8.61,0.13257719324284875,0.07057717592213955,0.07171314741035857,-0.17498877269139393,-0.42904564315352917,-0.43410788381742954,-1.0277922077922077,0.6304582612895768
2019-12-06,2020-01-03,28,205.0,205.0,6.23,9.18,0.13715499074303783,0.0888108329200724,0.17131474103585656,-0.18743546426393332,-0.47351524879614865,-0.47881219903691913,-1.0318801089918257,0.4346029707601232
2019-12-13,2020-01-10,28,207.19,207.0,5.7,11.43,0.12416051200376918,0.09393434029565621,0.00796812749003984,-0.23105999483217468,-1.0052631578947382,-1.011052631578949,-1.0341107871720117,0.27897914946114083
2019-12-20,2020-01-17,28,211.71,212.0,5.435,11.38,0.11586055534424466,0.09370388409010269,0.01593625498007968,-0.24875769928032382,-1.093836246550137,-1.097608095676172,-1.0238390092879257,0.21224771810468882
2019-12-27,2020-01-24,28,213.61,214.0,6.335,8.7,0.13384509761095686,0.08987520943855398,0.16733067729083664,-0.19002749024838797,-0.3733228097868964,-0.3781373322809769,-0.8056277056277057,0.39826099693339795
2020-01-03,2020-01-31,28,214.18,214.0,7.49,5.07,0.15782664806502847,0.0951058336433884,0.24302788844621515,-0.043726838388815296,0.3230974632843801,0.31869158878504766,-0.05717884130982039,0.5065069566846302
2020-01-10,2020-02-07,28,218.43,218.0,7.27,11.2,0.15021024506191555,0.09278419799098533,0.3107569721115538,-0.04195033929039899,-0.5405777166437399,-0.5444291609353493,-1.0242857142857142,0.48175960144741986
2020-01-17,2020-02-14,28,223.38,223.0,6.895,11.64,0.13930522737889034,0.09902333809927465,0.19123505976095617,-0.12970551352935478,-0.6881798404641025,-0.6918781725888307,-1.0200873362445413,0.3413118454033986
2020-01-24,2020-02-21,28,222.7,222.5,8.22,7.77,0.1665823675013518,0.10594262399095626,0.5617529880478087,-0.017693971643161697,0.054744525547444085,0.050729927007298094,-0.7522058823529448,0.4525922223434603
2020-01-31,2020-02-28,28,219.07,219.0,9.64,13.2,0.1985964839301285,0.1498296480779579,0.896414342629482,0.04585370719033149,-0.3692946058091274,-0.3753112033195008,-1.0314194577352471,0.28177607793167336
2020-02-07,2020-03-06,28,229.2,229.0,8.815,20.98,0.1735741842636227,0.16148065656941402,0.5896414342629482,0.033302456708064275,-1.380034032898467,-1.3834940442427666,-1.0193103448275862,0.07221972108395451
2020-02-14,2020-03-13,28,234.64,235.0,7.995,42.66,0.15377787231658893,0.16026765031392878,0.5378486055776892,-0.04905259898158032,-4.335834896810506,-4.339649781113195,-1.019172932330827,-0.04133605848345214
2020-02-21,2020-03-20,28,230.27,230.0,10.495,59.3,0.20569442049282316,0.18188302042437343,0.900398406374502,0.11991751176996533,-4.650309671272034,-4.65273939971415,-1.0148211243611585,0.12302793629635872
2020-02-28,2020-03-27,28,205.8,206.0,19.605,20.7,0.4299311434460341,0.28873175177085963,1.0,0.5624865742900724,-0.0558530986993108,-0.06761030349400604,-0.838,0.3981270018357247
2020-03-06,2020-04-03,28,208.02,208.0,19.175,24.63,0.41601377401592504,0.3882746677780019,0.9960159362549801,0.13941517895729155,-0.2844850065189045,-0.2975488917861796,-1.0822537710736468,0.06900537450843487
2020-03-13,2020-04-09,27,192.34,192.5,21.865,8.36,0.5224616686257048,0.6737654487472934,1.0,0.23441657763145707,0.6176537845872393,0.5965927281042757,0.9854632587859409,-0.25433043178940895
2020-03-20,2020-04-17,28,170.7,171.0,22.9,44.29,0.6054515436327151,0.847954355396151,0.9800796812749004,0.1367319260551233,-0.9340611353711789,-0.9420524017467247,-1.0416905444126074,-0.33685227539964846
2020-03-27,2020-04-24,28,185.3,185.0,23.835,28.84,0.5805199731586735,0.9085826110552854,0.952191235059761,0.3264914285172883,-0.20998531571218806,-0.21797776379274186,-1.0437278525868179,-0.44796160760290016
2020-04-03,2020-05-01,28,183.37,183.0,17.505,29.74,0.4308352803300363,0.8887196524150057,0.9282868525896414,0.09539204023514754,-0.698943159097401,-0.704113110539846,-1.0249116607773852,-0.7240559973204147
2020-04-17,2020-05-15,28,215.29,215.0,16.565,8.27,0.3472522049209345,0.5116525627080454,0.8804780876494024,0.07026052938079563,0.50075460307878,0.49861153033504324,0.592561983471073,-0.3875944749546845
2020-04-24,2020-05-22,28,213.84,214.0,15.525,15.66,0.32765748443170833,0.4606332730552333,0.8446215139442231,-0.02509150244585206,-0.0086956521739128,-0.011626409017713122,-0.9490157480314952,-0.3406334152932718
2020-05-01,2020-05-29,28,212.74,212.5,15.765,20.86,0.3344431072602343,0.393379245006712,0.852589641434263,0.011753902541580262,-0.32318426895020697,-0.3263875673961315,-0.9162859980139026,-0.16230736439965504
2020-05-08,2020-06-05,28,224.86,225.0,12.68,14.69,0.25449806038574696,0.30993569563737483,0.7928286852589641,-0.11552502104546863,-0.15851735015772855,-0.16072555205047304,-1.0141414141414142,-0.19707162784662302
2020-05-15,2020-06-12,28,223.27,223.0,14.585,12.88,0.29481765716032504,0.288610636760216,0.8207171314741036,-0.005921894650401391,0.11690092560850225,0.11446691806650706,-0.5815869786368251,0.021278551837735315
2020-05-22,2020-06-19,28,229.66,230.0,13.245,14.24,0.26028193798681587,0.24372716798049043,0.7928286852589641,-0.04617416365156001,-0.07512268780672027,-0.07704794261985731,-1.010998735777497,0.06571598470894462
2020-05-29,2020-06-26,28,233.36,233.0,12.695,7.22,0.24551821539174745,0.20231132349924544,0.7729083665338645,-0.011106473875535617,0.4312721543914928,0.42808192201654205,0.36030989272944053,0.1935634251923859
2020-06-05,2020-07-02,27,239.69,240.0,11.355,12.19,0.21772674818837429,0.17550400263756155,0.7131474103585658,-0.05146862540653339,-0.07353588727432825,-0.07666226332012305,-1.0178621659634317,0.21557897819057445
2020-06-12,2020-07-10,28,235.88,236.0,16.125,27.97,0.30852192593709016,0.23668110150369304,0.8446215139442231,-0.01749715516925543,-0.7345736434108544,-0.7398759689922497,-1.0269717624148003,0.2650792417730994
2020-06-19,2020-07-17,28,244.24,244.0,14.47,15.42,0.26738015418787225,0.22741856031294191,0.7649402390438247,-0.0957368956360511,-0.06565307532826656,-0.06827919834139717,-1.0145142857142855,0.1618792465610995
2020-06-26,2020-07-24,28,240.22,240.0,16.82,15.56,0.3160052212579003,0.25728357951957476,0.7649402390438247,0.040381742852501255,0.07491082045184293,0.07146254458977395,-0.7407729468599038,0.20557983759096027
2020-07-10,2020-08-07,28,263.97,264.0,16.715,7.47,0.28577829318566145,0.26890430654066216,0.7569721115537849,0.03784067421864685,0.5530960215375395,0.5488782530661066,0.6653097345132694,0.06086073300137905
2020-07-17,2020-08-14,28,259.42,259.0,15.945,13.16,0.2773949165996898,0.20155738291247102,0.701195219123506,0.008939638765318027,0.17466290373157575,0.1714957666980229,-0.45676209279368707,0.31936806298256976
2020-07-24,2020-08-21,28,255.56,256.0,16.635,25.87,0.29376994050841476,0.23503960669417487,0.7768924302788844,0.009936356195331736,-0.5551547941088072,-0.556988277727683,-1.0103321033210333,0.2230429066691033
2020-07-31,2020-08-28,28,265.79,266.0,14.675,26.53,0.24918213486986118,0.22401055891471403,0.6653386454183267,-0.0941052167645448,-0.8078364565587715,-0.8109369676320254,-1.0155419222903885,0.10649090565893157
2020-08-07,2020-09-04,28,271.47,271.0,15.395,12.58,0.2559382993703082,0.21518615619588946,0.5896414342629482,-0.11503672767091792,0.18285157518674997,0.1792465086066915,-0.49805825242718105,0.17343290107168444
2020-08-14,2020-09-11,28,272.16,272.0,15.055,1.55,0.24965133521653118,0.22580152799253214,0.6254980079681275,-0.14563760394658212,0.8970441713716366,0.8943540352042504,1.741598360655735,0.10040886657605615
2020-08-21,2020-09-18,28,281.87,282.0,14.965,15.13,0.23961019647233295,0.18411254303694602,0.5776892430278885,-0.15367651523769274,-0.011025726695622826,-0.013397928499832647,-1.0113702623906704,0.2634662039950785
2020-08-28,2020-09-25,28,292.53,292.5,18.02,20.94,0.27801088807609964,0.17037476487347275,0.7051792828685259,-0.13539025509037247,-0.16204217536071022,-0.1644284128745837,-1.0109567901234568,0.4896597687022852
2020-09-04,2020-10-02,28,283.58,284.0,23.71,9.69,0.37734046940537525,0.2634939106415743,0.8446215139442231,0.007161045922660056,0.5913116828342473,0.584436946436103,0.8589947089947095,0.35911762357314714
2020-09-11,2020-10-09,28,270.45,270.0,20.1,15.71,0.33541810516548115,0.3202669795556147,0.8247011952191236,0.007513481013992805,0.21840796019900605,0.2135323383084588,-0.3018565400843848,0.04622286968657196
2020-09-18,2020-10-16,28,266.87,267.0,19.47,21.51,0.3292635266305012,0.33632081357379345,0.8087649402390438,-0.10570422569041013,-0.10477657935285013,-0.10647149460708742,-1.0097391304347827,-0.0212070837926655
2020-09-25,2020-10-23,28,271.56,272.0,18.435,12.74,0.3063760209670917,0.35238107777644556,0.749003984063745,-0.1988688874262763,0.3089232438296714,0.3050989964740977,-0.05174953959484457,-0.13990002306819782
2020-10-02,2020-10-30,28,274.31,274.0,19.76,4.62,0.3251043119262073,0.36747558914091993,0.7768924302788844,-0.17372839329607795,0.7661943319838054,0.7624999999999997,1.5288079470198657,-0.12251080173425864
2020-10-09,2020-11-06,28,285.71,286.0,19.08,8.61,0.30139105501881297,0.2711778058955394,0.6972111553784861,0.0199572992679195,0.5487421383647791,0.5459643605870013,0.7428450465707003,0.10563389159679057
2020-10-16,2020-11-13,28,288.51,289.0,21.06,1.93,0.3294389352627891,0.26946954211730517,0.6573705179282868,0.05441447041687288,0.9083570750237414,0.906077872744539,1.9535408560311285,0.20093564361340568
2020-10-23,2020-11-20,28,284.74,285.0,19.715,5.38,0.3124825214161713,0.2385490465391667,0.6932270916334662,0.008058620451111406,0.7271113365457775,0.7255642911488717,1.3551333872271625,0.2699736010912711
2020-10-30,2020-11-27,28,269.38,269.0,22.565,30.01,0.3780484126107026,0.27980108549530164,0.8924302788844621,0.12949232748892153,-0.3299357411921114,-0.33261688455572763,-1.0156779661016948,0.30094332134439633
2020-11-06,2020-12-04,28,294.61,295.0,17.16,10.52,0.2628737550935109,0.3007803422568339,0.3745019920318725,-0.015347508026631726,0.386946386946388,0.3841491841491852,0.17970479704797382,-0.13470634012432306
2020-11-13,2020-12-11,28,290.93,291.0,16.23,10.85,0.25177200731583055,0.30433068341048464,0.33067729083665337,-0.0663027694150413,0.3314849044978421,0.32821934688847676,0.013827655310616993,-0.1895909394650293
2020-11-20,2020-12-18,28,290.38,290.0,14.76,20.06,0.22940193991129565,0.3023628724147069,0.24302788844621515,-0.09822797477666505,-0.35907859078590787,-0.36097560975609755,-1.0094262295081968,-0.2761521992445699
2020-11-27,2020-12-24,27,299.01,299.0,14.01,10.56,0.21534112890122395,0.2579642634604337,0.2549800796812749,-0.1561269847780803,0.24625267665952874,0.24175588865096345,-0.2837084673097538,-0.180597644821588
2020-12-04,2020-12-31,27,305.52,306.0,14.235,7.74,0.21413733293889392,0.17931804489433217,0.2948207171314741,-0.17961316688761966,0.45626975763961997,0.45342465753424593,0.3150743099787664,0.1774565355572045
2020-12-11,2021-01-08,28,301.85,302.0,16.975,17.03,0.2538025798703228,0.13012498499955635,0.47410358565737054,-0.05183768500433142,-0.003240058910160312,-0.005920471281294304,-1.014131413141314,0.6680613085443736
2020-12-18,2021-01-15,28,310.06,310.0,16.125,1.86,0.2347099009547856,0.12478781435877752,0.4342629482071713,-0.080151490079394,0.8846511627906968,0.8827596899224798,1.561636363636361,0.6317354777314603
2021-01-08,2021-02-05,28,319.03,319.0,16.75,12.36,0.23695218459602646,0.1630017233385587,0.2350597609561753,-0.0448554759249919,0.26208955223880515,0.258626865671641,-0.194326241134754,0.3740975946408564
2021-01-15,2021-02-12,28,311.86,312.0,18.195,24.45,0.26331149261257514,0.15039323806421584,0.3545816733067729,-0.038804672928958756,-0.34377576257213455,-0.34600164880461604,-1.013547237076649,0.5600842630817674
2021-01-22,2021-02-19,28,325.42,325.0,17.04,6.02,0.2363212522410005,0.17359239069225874,0.11155378486055777,-0.11795759760500242,0.6467136150234752,0.6447769953051654,0.9291519434629008,0.30848214884227027
2021-01-29,2021-02-26,28,314.56,315.0,22.59,0.86,0.32410830853107914,0.216552871097601,0.6215139442231076,0.029761362963731955,0.9619300575475869,0.9575918548030096,2.1005776173285176,0.4032430195895432
2021-02-05,2021-03-05,28,331.36,331.0,15.505,22.32,0.211178216914849,0.22518020379908982,0.05976095617529881,-0.20063486655946464,-0.4395356336665587,-0.4421476942921633,-1.0134738771769018,-0.06419858051913883
2021-02-12,2021-03-12,28,336.45,336.0,15.04,20.54,0.20174590728801317,0.2014083363857338,0.043824701195219126,-0.2170801050353004,-0.3656914893617036,-0.3688829787234057,-1.017704280155642,0.0016746492761429473
2021-02-19,2021-03-19,28,331.02,331.0,16.77,17.86,0.22864213028107808,0.18172118465606285,0.11952191235059761,-0.12337099147684429,-0.06499701848539143,-0.06666666666666748,-1.009090909090909,0.22968447132408543
2021-02-26,2021-03-26,28,314.14,314.0,21.16,2.0,0.303997389006583,0.2168615607696282,0.15139442231075698,0.06480090684444233,0.9054820415879017,0.9017958412098299,2.1481666666666666,0.3377599314269907
2021-03-05,2021-04-01,27,308.68,309.0,19.33,15.57,0.287804728956342,0.24404795224040496,0.5219123505976095,0.06041929422022822,0.19451629591308875,0.19203310915675145,-0.42245250431778836,0.1649174941562544
2021-03-12,2021-04-09,28,315.46,315.0,19.155,22.11,0.27404083800424966,0.30646948662418394,0.5418326693227091,-0.010027458408500322,-0.15426781519185656,-0.15690420255807946,-1.0148864592094196,-0.11184105708304032
2021-03-19,2021-04-16,28,313.14,313.0,18.265,29.01,0.2632440470238877,0.32626102272347135,0.3147410358565737,-0.0425235788140017,-0.5882836025184774,-0.589953462907199,-1.0097560975609754,-0.2146162068278879
2021-03-26,2021-04-23,28,316.0,316.0,15.965,23.42,0.2280128220831129,0.30541190655297507,0.4302788844621514,-0.038950936916661565,-0.466958972752898,-0.4698089570936434,-1.0151969981238276,-0.2922595141931895
2021-04-09,2021-05-07,28,337.11,337.0,15.235,2.8,0.20396152596565045,0.20479125744032806,0.02390438247011952,-0.05800594854501537,0.816212668198227,0.81355431572038,1.497734294541707,-0.004059826124791851
2021-04-16,2021-05-14,28,342.01,342.0,13.86,15.61,0.1828950094520498,0.20178389903053315,0.0,-0.12572224527371093,-0.1262626262626273,-0.12900432900433,-1.015138592750533,-0.09828504860940447
2021-04-23,2021-05-24,31,339.42,340.0,15.095,7.49,0.19075296032107886,0.15838483382019777,0.00398406374501992,-0.161976055205657,0.5038092083471343,0.4984763166611455,0.5288381742738575,0.18595146070893578
2021-04-30,2021-05-28,28,337.99,338.0,14.94,4.07,0.19949139896799115,0.15155387722991692,0.04780876494023904,-0.06652738733296151,0.7275769745649269,0.7246987951807234,1.1954499494438848,0.2748299354484068
2021-05-07,2021-06-07,31,334.2,334.0,14.63,2.6,0.18776449731386077,0.14550778015314525,0.0,-0.15530520854172405,0.8222829801777155,0.8190020505809964,1.3910679611650432,0.25495894669085706
2021-05-14,2021-06-14,31,326.39,326.0,16.135,18.51,0.21203508260846202,0.19170447824099648,0.07171314741035857,-0.07379381489676959,-0.1471955376510687,-0.15001549426712074,-1.0167502507522568,0.10079673453157399
2021-05-21,2021-06-21,31,327.01,327.0,15.97,17.36,0.20946886563605951,0.1979358673887948,0.11155378486055777,-0.09025478575184599,-0.08703819661866091,-0.09004383218534846,-1.0173020527859238,0.05663203945238862
2021-05-28,2021-06-28,31,333.93,334.0,13.485,19.71,0.1732092621410501,0.2006813363815608,0.0,-0.14571536722422887,-0.4616240266963278,-0.4649981460882447,-0.8114285714285714,-0.14721778759670934
2021-06-04,2021-07-02,28,335.6,336.0,12.85,22.64,0.1728059154562047,0.20044767780166287,0.00398406374501992,-0.11561461087288634,-0.7618677042801546,-0.7648249027237344,-1.0161731207289293,-0.14838416534763896
2021-06-11,2021-07-12,31,341.24,341.0,11.93,21.42,0.14995332798514388,0.14217702962649587,0.0,-0.23740539350605697,-0.7954735959765311,-0.7990779547359611,-1.0181084198385237,0.05325113027215329
2021-06-18,2021-07-19,31,342.63,345.0,13.68,9.67,0.1712522591734086,0.13472287304936195,0.00796812749003984,-0.19835467161096415,0.2931286549707591,0.28815789473684095,-0.07931034482758915,0.23991779296318644
2021-06-25,2021-07-26,31,349.46,350.0,12.27,18.49,0.15059920819112935,0.1110521920044466,0.01195219123505976,-0.22962720282902557,-0.506927465362674,-0.511246943765282,-1.0220973782771534,0.3046217686149078
2021-07-02,2021-08-02,31,358.64,358.0,13.0,6.6,0.1554748780251558,0.10581121109189086,0.01195219123505976,-0.1587282313075854,0.49230769230769056,0.48938461538461364,0.40957683741647594,0.38482768369735265
2021-07-09,2021-08-09,31,361.01,362.0,14.225,6.73,0.16900853660063714,0.10014312398836477,0.06772908366533864,-0.17087179624689133,0.5268892794376085,0.5240421792618617,0.5145263157894698,0.523348823453007
2021-07-16,2021-08-16,31,357.6,358.0,15.165,10.98,0.18189489180351776,0.09975719078425525,0.11155378486055777,-0.14422299408427938,0.2759643916913934,0.27329376854599285,-0.08351851851852196,0.600689861451742
2021-07-23,2021-08-23,31,368.2,368.0,12.955,5.23,0.1509138961586036,0.10331031427656236,0.0,-0.25899114374938453,0.5962948668467759,0.593940563488999,0.6916666666666631,0.3789722311303813
2021-07-30,2021-08-30,31,364.57,365.0,14.33,15.26,0.16859351310676163,0.10837612642359383,0.11155378486055777,-0.18603336101987936,-0.0648988136775988,-0.06755059316119963,-1.0127413127413127,0.44188274097336555
2021-08-06,2021-09-03,28,368.05,368.0,12.62,13.57,0.1547497522522012,0.10328970406176041,0.01593625498007968,-0.1821699968364891,-0.07527733755942885,-0.07789223454833535,-1.0133105802047782,0.4042716097138547
2021-08-13,2021-09-13,31,368.82,369.0,12.4,7.33,0.14420583047834035,0.10066742893851299,0.0,-0.279442474102829,0.40887096774193676,0.4058064516129045,0.18837209302326013,0.3594193563940629
2021-08-20,2021-09-20,31,367.73,368.0,13.815,2.3,0.1611377984625053,0.09756765811166297,0.06772908366533864,-0.23506966493829687,0.8335142960550118,0.8309446254071653,1.4389937106918227,0.5017138232934758
2021-08-27,2021-09-27,31,376.04,376.0,11.97,5.65,0.13653239380255253,0.101533793465222,0.0,-0.2681208748190764,0.527986633249793,0.5248120300751898,0.47741176470588714,0.2961702200910537
2021-09-03,2021-10-04,31,381.57,380.0,13.17,27.38,0.1480427525260179,0.10249013704282835,0.0199203187250996,-0.16811389286875678,-1.0789673500379648,-1.081852695520121,-1.0129515418502202,0.36773453049247323
2021-09-10,2021-10-11,31,376.59,376.0,15.67,17.61,0.1784743509458234,0.10507720991928025,0.22310756972111553,-0.11768601367269826,-0.123803446075304,-0.1278238672622855,-1.0220876048462255,0.5297494862171536
2021-09-17,2021-10-18,31,373.83,374.0,14.76,1.35,0.1693510154477749,0.10497803184215637,0.22709163346613545,-0.17645192633005433,0.9085365853658521,0.9059620596205946,1.8653758542141174,0.4782224676775009
2021-09-24,2021-10-25,31,373.33,373.0,13.8,4.93,0.15854837471451283,0.12386118641240114,0.04780876494023904,-0.22932006269141592,0.6427536231884053,0.6399999999999995,0.9520607375271137,0.2468982758778399
2021-10-01,2021-11-01,31,360.18,360.0,17.925,27.43,0.2134593432599583,0.14867880576778483,0.46215139442231074,-0.06359662410805185,-0.5302649930264997,-0.533082287308229,-1.0161939615736504,0.3616580716738445
2021-10-08,2021-11-08,31,361.16,362.0,16.13,36.06,0.19156242287931458,0.1783944492679102,0.3386454183266932,-0.10406672712838075,-1.2355858648481093,-1.2382517048977064,-1.014397649363369,0.07121661785011212
2021-10-15,2021-11-15,31,368.94,369.0,12.975,25.61,0.1508437155839121,0.19435387124261572,0.09561752988047809,-0.22594031129481254,-0.9737957610789989,-0.9769171483622359,-1.015883668903803,-0.2534362713189578
2021-10-22,2021-11-22,31,374.1,374.0,13.425,25.3,0.1539225269205261,0.17736350179778665,0.0796812749003984,-0.2254543849620443,-0.8845437616387345,-0.8875605214152708,-1.0168,-0.14175190523827402
2021-10-29,2021-11-29,31,386.11,386.0,13.785,13.69,0.15313389147061993,0.14126925876809046,0.23107569721115537,-0.22261165048176104,0.00689154878491131,0.003953572723975489,-0.95031185031185,0.08064494036689131
2021-11-05,2021-12-06,31,398.6,398.0,15.815,11.8,0.17017960065651044,0.10944996630024967,0.2549800796812749,-0.17586889489346094,0.2538729054694903,0.25067973442933855,-0.2467520585544394,0.4413868377559839
2021-11-12,2021-12-13,31,394.7,395.0,15.885,2.74,0.17262181996058384,0.11236067682208457,0.3107569721115538,-0.17216462698341878,0.8275102297765181,0.8246458923512742,1.4441558441558422,0.42938916398733906
2021-11-19,2021-12-20,31,403.99,404.0,16.475,23.31,0.17491635007153025,0.11173466675316117,0.3346613545816733,-0.15805175113636621,-0.41487101669195753,-0.4179362670713202,-1.016777251184834,0.4481808462370866
2021-11-26,2021-12-27,31,391.2,391.0,21.075,12.48,0.23107041030023986,0.1382707352944324,0.6533864541832669,-0.06089635696170381,0.407829181494661,0.403534994068801,0.31160784313725176,0.5135088573697874
2021-12-03,2022-01-03,31,383.13,383.0,25.555,18.68,0.28609174322534414,0.1800407825328266,0.9960159362549801,0.021226839625593893,0.26902758755625095,0.26607317550381504,-0.16406976744186139,0.4631291450349787
2021-12-10,2022-01-10,31,398.01,398.0,18.02,17.89,0.19419426546956736,0.20852347079545963,0.5577689243027888,-0.17240241593899663,0.007214206437292632,0.004273029966704394,-0.9968333333333311,-0.07119257823747593
2021-12-17,2022-01-14,28,384.91,385.0,20.12,4.99,0.23590992454333867,0.24558598071773602,0.6972111553784861,-0.059236156278422804,0.751988071570576,0.7493538767395622,1.2811926605504564,-0.04019705637048973
2021-12-31,2022-01-31,31,397.85,398.0,16.29,34.95,0.17562135363211936,0.23300677891309948,0.17928286852589642,-0.21871495422822235,-1.1454880294659295,-1.1493554327808464,-1.0212536728697357,-0.2827372695546851
2022-01-07,2022-02-07,31,379.86,380.0,19.72,24.87,0.22266858280327034,0.23151654916508954,0.6812749003984063,-0.07816065426036381,-0.2611561866125764,-0.2633367139959435,-1.0116945107398567,-0.03896686741007266
2022-01-14,2022-02-14,31,380.01,380.0,19.985,32.51,0.22557175872801188,0.22558076917568307,0.7290836653386454,-0.06337544986539112,-0.6267200400300221,-0.6289967475606701,-1.0143552311435522,-3.9944130266710825e-05
2022-01-21,2022-02-18,28,351.69,352.0,25.5,10.49,0.32723337403532415,0.22575819375646036,0.9721115537848606,0.1509883147990032,0.5886274509803918,0.5861568627450977,0.9358702064896742,0.3712091110644225
2022-01-28,2022-02-28,31,351.8,352.0,23.575,5.2,0.2874295828618216,0.2468940460649523,0.9880478087649402,0.029556872312759764,0.7794273594909867,0.7766489925768828,1.4208549222797946,0.15201861976396994
2022-02-04,2022-03-07,31,358.01,358.0,21.9,33.14,0.26237627109324985,0.2995285181417113,0.8366533864541833,-0.05170493790849246,-0.5132420091324196,-0.5154337899543374,-1.0115356355620868,-0.13243000949743755
2022-02-11,2022-03-14,31,347.06,347.0,24.575,28.83,0.3037138256996566,0.32957083126497505,0.9721115537848606,0.028262682166288966,-0.17314343845371233,-0.17784333672431255,-0.7741065830721001,-0.08170540152761832
2022-02-18,2022-03-21,31,341.51,342.0,23.725,8.08,0.2979740160325288,0.33818324336928574,0.9402390438247012,0.06582588024499583,0.6594309799789259,0.656880927291887,1.2336158192090423,-0.12658160054193285
2022-02-25,2022-03-28,31,345.77,346.0,22.3,18.91,0.2766260984258553,0.35450240710058933,0.952191235059761,0.025112063467418146,0.15201793721972984,0.14941704035874329,-0.5643326039387346,-0.2480483669024525
2022-03-04,2022-04-04,31,337.3,337.0,25.27,32.3,0.32133978520431045,0.3250833324841146,0.9920318725099602,0.08813985382541888,-0.278195488721805,-0.2808864265927982,-0.5881697612732095,-0.011582472928827716
2022-03-11,2022-04-11,31,324.4,324.0,24.71,16.89,0.326713814473967,0.33283242067102725,0.9442231075697212,0.013496483388755743,0.31647106434641903,0.3139214892755975,0.03762962962963165,-0.018554519479651917
2022-03-18,2022-04-18,31,351.49,351.0,19.22,12.31,0.23453950699986711,0.36448568106550605,0.8207171314741036,-0.11859130460339339,0.35952133194588953,0.356503642039542,0.07266069975589882,-0.440863219862908
2022-03-25,2022-04-25,31,359.35,359.0,19.09,29.42,0.2278577882644605,0.32899920166339935,0.8247011952191236,-0.13180053783235543,-0.54112100576218,-0.5436354112100584,-1.013544201135442,-0.3673336255391866
2022-04-01,2022-05-02,31,361.85,362.0,18.65,43.52,0.2210679874267208,0.32577988037501254,0.8366533864541833,-0.15098605458314276,-1.3335120643431628,-1.3358176943699724,-0.8613243039879609,-0.38775165011106916
2022-04-08,2022-05-09,31,349.15,350.0,20.095,52.85,0.24686047622755414,0.2974506159258915,0.749003984063745,-0.10283970923879474,-1.63000746454342,-1.632271709380444,-1.0132352941176472,-0.18642491086477708
2022-04-22,2022-05-23,31,325.4,325.0,23.94,31.52,0.31556018048870227,0.2746260229390795,0.8764940239043825,0.04776366249863358,-0.31662489557226337,-0.3196741854636585,-0.8763713080168776,0.13893915463424944
2022-04-29,2022-05-27,28,313.25,313.0,26.045,3.9,0.37524136893926285,0.3353732759916354,0.9601593625498008,0.2243819870036678,0.850259166826647,0.8483202150124793,1.705521126760567,0.11232530122768296
2022-05-06,2022-06-03,28,309.25,309.0,23.4,2.8,0.3414943940094036,0.3875097573126236,0.9561752988047809,0.0641936558157338,0.8803418803418799,0.8767948717948714,1.9486021505376323,-0.12640976554694702
2022-05-13,2022-06-10,28,301.94,302.0,23.595,13.16,0.3526766935769904,0.4294830272338502,0.9482071713147411,0.11127495127982777,0.4422547149819866,0.43990252172070243,0.46376021798364786,-0.1970304681049549
2022-05-20,2022-06-17,28,288.68,288.0,21.86,13.31,0.3417518628639082,0.45182417966963634,0.9760956175298805,0.11745691013251407,0.3911253430924061,0.38847209515096054,0.2632623071271121,-0.2792081945826186
2022-05-27,2022-06-27,31,309.1,309.0,20.96,16.55,0.2908491986520622,0.45167918578321725,0.8406374501992032,-0.023363402233234815,0.2104007633587781,0.20787213740457963,-0.3355182926829283,-0.4401672467029948
2022-06-03,2022-07-01,28,306.2,306.0,20.53,23.87,0.3025946132998219,0.4213092786970759,0.8406374501992032,0.02837902255180383,-0.16268874817340492,-0.16527033609352182,-1.012971342383107,-0.3309731929016723
2022-06-10,2022-07-11,31,288.84,288.0,21.6,1.04,0.32075394988621453,0.3730170914203113,0.8247011952191236,-0.06586554672479823,0.951851851851851,0.9491666666666657,1.9174783188792504,-0.15094992214405958
2022-06-17,2022-07-18,31,274.69,275.0,21.68,14.4,0.33852599778971537,0.37151576789039004,0.9203187250996016,-0.00149923293055948,0.3357933579335804,0.3326568265682667,0.04779566130161247,-0.09299041478044587
2022-06-24,2022-07-25,31,294.61,295.0,20.5,5.27,0.2984571415734252,0.3920218457984581,0.848605577689243,-0.06162948737711185,0.7429268292682936,0.7400975609756106,1.2534582132564875,-0.27269122410970337
2022-07-01,2022-08-01,31,282.13,282.0,20.715,33.27,0.3149279941682969,0.3738249112489294,0.8007968127490039,-0.024417914728930394,-0.606082548877624,-0.6082790248612109,-1.010806697108067,-0.17144351330340668
2022-07-08,2022-08-08,31,295.35,295.0,19.65,25.71,0.2853653101299912,0.3648436791601844,0.6693227091633466,-0.062297687332448136,-0.30839694656488453,-0.3103307888040703,-1.011111111111111,-0.24569883616550214
2022-07-15,2022-08-15,31,291.87,292.0,19.145,41.06,0.2813464961563135,0.29859063674367553,0.701195219123506,-0.029695293633623956,-1.1446852964220424,-1.1465395664664404,-0.8582134746404239,-0.05948653530665327
2022-07-22,2022-08-22,31,301.99,302.0,18.81,12.36,0.26716024419949125,0.2690038758694576,0.6055776892430279,-0.07087779439733757,0.3429027113237633,0.3408825093035613,0.015770282588877062,-0.006877144020579921
2022-07-29,2022-08-29,31,315.46,315.0,18.15,10.59,0.24677884581909565,0.26707016908013764,0.44621513944223107,-0.08520388091207157,0.41652892561983607,0.4144352617079903,0.3160883280757138,-0.07901885491995742
2022-08-05,2022-09-02,28,321.75,322.0,17.915,26.83,0.2512902778261,0.26747570112210994,0.49800796812749004,-0.06358953597645939,-0.49762768629639886,-0.5001674574379004,-1.013380281690141,-0.06241996900277441
2022-08-12,2022-09-12,31,330.39,330.0,17.325,19.26,0.2249168267727576,0.2703425856054656,0.3904382470119522,-0.21061371287514175,-0.11168831168831121,-0.1140259740259735,-1.0128813559322034,-0.18395931520656061
2022-08-19,2022-09-19,31,322.86,323.0,18.145,31.95,0.2410562124035472,0.26269001408010173,0.47410358565737054,-0.14651492204140062,-0.7608156516946811,-0.7627721135298975,-1.0114517583408478,-0.08594453055072292
2022-08-26,2022-09-26,31,307.44,308.0,20.615,33.63,0.28760641323525965,0.2708262148678224,0.6613545816733067,-0.02561829372909126,-0.6313364055299535,-0.6335435362600045,-1.0123841617523168,0.0601155831218941
2022-09-02,2022-10-03,31,295.17,295.0,20.92,21.47,0.30399403590978447,0.2454135882624801,0.8446215139442231,-0.0008890230968282363,-0.026290630975144624,-0.028346080305928553,-1.0113338473400155,0.2140631798593665
2022-09-09,2022-10-10,31,307.09,308.0,18.92,41.59,0.2642597720095839,0.25142425259965673,0.5378486055776892,-0.09689208052305785,-1.1982029598308652,-1.2004756871035924,-1.0121405750798722,0.04979084256641719
2022-09-16,2022-10-17,31,289.32,290.0,20.785,20.65,0.30813935611592347,0.3077029881220736,0.8247011952191236,-0.016878220444158237,0.006495068559058113,0.004546547991340995,-1.0116200169635285,0.0014171421337365465
2022-09-23,2022-10-24,31,275.51,276.0,21.07,2.45,0.32802184510170657,0.3003989218847519,0.8366533864541833,-0.013297811342528592,0.8837209302325587,0.8819174181300432,1.945258964143428,0.08796887613494923
2022-09-30,2022-10-31,31,267.26,267.0,21.63,10.95,0.3471348001123633,0.2893434856906597,0.6932270916334662,-0.010947839845280083,0.4937586685159506,0.49200184928340324,0.6626040878122659,0.18209866328782617
2022-10-07,2022-11-07,31,269.1,269.0,21.595,1.41,0.3442033627634764,0.3378660213816516,0.9203187250996016,0.036807189370628095,0.9347071081268801,0.9330632090761739,1.602715193529749,0.018583223068495885
2022-10-14,2022-11-14,31,260.74,260.0,22.065,25.44,0.3629709506597472,0.29036668078082845,0.8844621513944223,0.057390166005930686,-0.1529571719918423,-0.15479265805574438,-1.011060948081264,0.2231782645670969
2022-10-21,2022-11-21,31,275.42,275.0,21.47,6.89,0.33435834646207524,0.32403026334686735,0.7729083665338645,0.0044186588914236664,0.6790870982766657,0.677317186772241,1.1943750000000015,0.031376394614845954
2022-10-28,2022-11-28,31,281.22,281.0,19.665,1.71,0.2999323740962268,0.3376044182964225,0.5657370517928287,-0.010815645095909914,0.9130434782608706,0.9112382405288595,1.8482812500000023,-0.11831782044096059
2022-11-04,2022-12-05,31,264.68,265.0,18.005,22.64,0.2917746777357356,0.34056872871299665,0.545816733067729,-0.05514982011003102,-0.25742849208553087,-0.2594001666203823,-0.7278285312719605,-0.15463509885983445
2022-11-11,2022-12-12,31,287.96,288.0,17.79,2.42,0.264983835210931,0.4032623680320084,0.32669322709163345,-0.13220471674621725,0.8639685216413706,0.861832490163012,1.755595026642981,-0.4199185624924433
2022-11-18,2022-12-16,28,284.82,285.0,17.8,10.75,0.28205054924235606,0.37816483257390965,0.35856573705179284,0.01932342960394727,0.396067415730337,0.3944943820224718,0.2380619380619374,-0.2932438580744662
2022-11-25,2022-12-23,28,286.92,287.0,16.4,19.64,0.25796480362873897,0.36084878061237136,0.24701195219123506,-0.026830859115229734,-0.19756097560975536,-0.19987804878048707,-0.8323159784560143,-0.33563582473149417
2022-12-02,2022-12-30,28,292.55,293.0,15.255,26.72,0.23533663487353468,0.34627598606774496,0.20318725099601595,-0.09862294563924061,-0.7515568666011161,-0.7542117338577532,-1.0157427937915744,-0.3862191267662063
2022-12-09,2023-01-06,28,282.04,282.0,16.87,13.2,0.26994905167885114,0.34219801593090937,0.2788844621513944,-0.06282405692859547,0.2175459395376415,0.2152934202726741,-0.25741293532338066,-0.2371563197532792
2022-12-16,2023-01-13,28,274.25,274.0,15.835,6.97,0.26058466886944304,0.25519765281478574,0.15139442231075698,-0.08971300380716422,0.5598358067571818,0.5575939374802636,0.8206091370558325,0.020889478841141337
2022-12-23,2023-01-20,28,267.36,267.0,15.185,15.68,0.25632784909242246,0.2667035507450214,0.22310756972111553,-0.11205309625468482,-0.03259795851168958,-0.034606519591702745,-1.01206313416009,-0.03968045907835042
2022-12-30,2023-01-27,28,266.28,266.0,15.64,30.26,0.2650791870445258,0.22826433609213218,0.42231075697211157,-0.11313696377846648,-0.9347826086956516,-0.9372122762148332,-1.0131062951496388,0.1495242741541086
2023-01-06,2023-02-03,28,268.8,269.0,16.005,37.18,0.2687223839516665,0.24577851494661693,0.10756972111553785,0.05396095021992358,-1.3230240549828185,-1.3252421118400506,-1.0136412459720732,0.08924803214059442
2023-01-13,2023-02-10,28,280.97,281.0,13.915,18.7,0.22351191976409915,0.24798929518178064,0.01195219123505976,-0.06311908084368667,-0.34387351778656056,-0.346424721523535,-1.0135888501742158,-0.10392083573441364
2023-01-20,2023-02-17,28,282.68,282.0,14.9,19.16,0.2378858529405937,0.23074175911569583,0.0398406374501992,0.05770890458702549,-0.285906040268458,-0.2881208053691292,-1.0111807732497387,0.030491789858304506
2023-01-27,2023-02-24,28,296.26,296.0,15.66,4.15,0.23855919948757334,0.2133613972041821,0.0,0.03978576218740082,0.7349936143039606,0.732886334610474,1.3252465483234757,0.11163006698039284
2023-02-03,2023-03-03,28,306.18,306.0,16.23,6.32,0.23923192268729043,0.2543241423534832,0.06772908366533864,-0.01724965250708376,0.6105976586568088,0.6082563154651883,0.9252252252252261,-0.06117613520536275
2023-02-10,2023-03-10,28,299.7,300.0,17.27,11.45,0.2600656683848717,0.259580487553316,0.20318725099601595,-0.0009117351696624875,0.33700057903879627,0.3350897510133185,0.07663971248877088,0.0018673513389712503
2023-02-17,2023-03-17,28,301.16,302.0,16.2,3.36,0.24277007676131077,0.26716820867300106,0.2350597609561753,0.00596919603831463,0.7925925925925917,0.7908641975308633,1.5712972420837565,-0.09576364581024756
2023-02-24,2023-03-24,28,291.85,292.0,17.205,18.89,0.26605560268815,0.26936179296852086,0.398406374501992,0.10387344594524746,-0.09793664632374241,-0.09999999999999931,-1.0127382146439317,-0.012350111633321234
2023-03-03,2023-03-31,28,299.68,300.0,15.63,20.93,0.23538492615199633,0.24629775065919834,0.09561752988047809,0.04433534688828867,-0.3390914907229692,-0.3415227127319263,-1.0131212723658052,-0.04531901482262281
2023-03-10,2023-04-06,27,288.55,289.0,17.225,29.05,0.2743548961824566,0.1939056684975908,0.5099601593625498,0.07352569825264,-0.6865021770682154,-0.6888534107402037,-1.014540059347181,0.3470507138779925
2023-03-17,2023-04-14,28,305.36,305.0,18.035,13.57,0.2665516831752048,0.222334347623572,0.3665338645418327,-0.011319149148792116,0.24757416135292526,0.24560576656501287,-0.15154150197628338,0.18138583865634897
2023-03-24,2023-04-21,28,310.89,311.0,16.675,5.61,0.24206751913626934,0.20434176573721652,0.1394422310756972,-0.07313221297791461,0.6635682158920532,0.6617391304347818,1.118504672897194,0.169422777638863
2023-03-31,2023-04-28,28,320.93,321.0,15.1,1.56,0.2123459883743136,0.20487538865979993,0.04780876494023904,-0.11311604652912637,0.8966887417218542,0.8948344370860926,1.8608974358974355,0.035815030886679054
2023-04-14,2023-05-12,28,318.57,319.0,14.825,6.03,0.21002319264793134,0.17661545611193083,0.00796812749003984,-0.056722312552409476,0.5932546374367641,0.5911973018549765,0.8776842105263215,0.17324316100713824
2023-04-21,2023-05-19,28,316.61,317.0,14.02,19.51,0.19984846433932188,0.14123021531243093,0.01593625498007968,-0.067295390079442,-0.39158345221112634,-0.3932239657631948,-1.0094036697247708,0.3471681094298993
2023-04-28,2023-05-26,28,322.56,322.5,13.43,25.9,0.18790698825736132,0.16677090873169292,0.01195219123505976,-0.083913197075151,-0.9285182427401324,-0.9309754281459403,-1.014186046511628,0.11932603046177549
2023-05-05,2023-06-02,28,322.89,323.0,13.275,31.65,0.18554846433463515,0.17133383855467033,0.00398406374501992,-0.13673685869446414,-1.3841807909604504,-1.3868549905838026,-1.015482233502538,0.07970218563830139
2023-05-12,2023-06-09,28,325.03,325.0,12.585,29.5,0.17474598319223272,0.15803256969934348,0.01593625498007968,-0.14706743535238595,-1.3440603893524035,-1.3464839094159713,-1.0131455399061033,0.10053224570411552
2023-05-19,2023-06-16,28,336.51,337.0,13.04,30.93,0.17488680606768792,0.16914722078993863,0.01195219123505976,-0.0683723431859141,-1.371932515337424,-1.3736963190184055,-1.0099885189437428,0.03336947752823173
2023-05-26,2023-06-23,28,348.4,348.0,15.44,14.54,0.20000763715985911,0.1742152845335514,0.08764940239043825,-0.020487979945737183,0.058290155440413154,0.056476683937822486,-0.7371268656716455,0.1380637497541288
2023-06-02,2023-06-30,28,354.65,355.0,14.01,14.42,0.17828532648381967,0.167495685211768,0.043824701195219126,-0.056275319572377545,-0.029264810849394442,-0.031263383297645685,-1.011159737417943,0.0624276336972255
2023-06-09,2023-07-07,28,354.5,354.0,13.615,12.24,0.1733320349408654,0.17032105638563722,0.027888446215139442,-0.10690872540932056,0.10099155343371205,0.09838413514505984,-0.6317391304347847,0.01752380922940874
2023-06-16,2023-07-14,28,367.93,368.0,14.82,11.07,0.18178599965579992,0.17756574304691775,0.02390438247011952,-0.11330910494604102,0.25303643724696406,0.25080971659919077,-0.2573896353166974,0.023489245480525785
2023-06-23,2023-07-21,28,362.54,362.5,14.16,13.13,0.17627257652197745,0.18139427517198914,0.01593625498007968,-0.14672257736770103,0.07274011299435061,0.07111581920903991,-0.7194915254237277,-0.028641450812162968
2023-06-30,2023-07-28,28,369.42,369.0,14.81,14.48,0.18093062529471163,0.16639682710133752,0.0199203187250996,-0.02066256082827725,0.02228224172856047,0.02005401755570429,-0.9043298969072203,0.0837382118238265
2023-07-07,2023-08-04,28,366.24,366.0,15.455,6.04,0.19044986258184252,0.16674510586550972,0.035856573705179286,-0.03540765821343529,0.6091879650598498,0.606890973794887,0.9515350877192935,0.1329226371466798
2023-07-14,2023-08-11,28,379.07,379.0,15.195,12.76,0.1809083942024854,0.15203031332204875,0.09561752988047809,-0.009175440809157208,0.16025008226390322,0.15791378743007628,-0.5324731182795679,0.1739108630575833
2023-07-21,2023-08-18,28,375.63,376.0,14.785,17.87,0.1776390689079871,0.1638927776959452,0.06772908366533864,-0.03746870608011703,-0.20865742306391644,-0.21072032465336518,-1.0108409321175278,0.08054136948503446
2023-07-28,2023-08-25,28,383.48,383.0,14.65,18.98,0.17241392376289563,0.14862177734756735,0.0398406374501992,-0.04271366093629215,-0.295563139931742,-0.29781569965870447,-1.012,0.1484934475898127
2023-08-04,2023-09-01,28,372.04,372.0,16.545,5.59,0.2007033240604662,0.16221301776162925,0.2549800796812749,-0.02779557069269572,0.6621335750982186,0.6596857056512557,1.075297346752064,0.21291742206847514
2023-08-11,2023-09-08,28,366.24,366.0,15.495,6.58,0.1909427771404497,0.15360565649444374,0.19123505976095617,-0.07442268808045509,0.5753468860922889,0.5730558244595042,0.8970488081725358,0.21758514086423772
2023-08-18,2023-09-15,28,358.13,358.0,16.36,12.81,0.20616741526600257,0.14129067674193774,0.2350597609561753,-0.056695908855465264,0.21699266503667464,0.2149755501222492,-0.32620837808807807,0.3778692286942406
2023-08-25,2023-09-22,28,364.02,364.0,15.7,6.09,0.19464884750324918,0.18122308399760687,0.20318725099601595,-0.06932956068094612,0.612101910828027,0.609681528662422,0.9752256770310986,0.07146837254690232
2023-09-01,2023-09-29,28,377.59,378.0,13.935,19.73,0.1665573945551818,0.17369265375508883,0.11553784860557768,-0.1015765813295594,-0.4158593469680675,-0.41804808037316254,-1.0119820828667412,-0.04194741757179359
2023-09-08,2023-10-06,28,372.58,372.5,14.525,7.8,0.17594382621791113,0.167879101935239,0.2151394422310757,-0.08940021355181883,0.4629948364888116,0.46123924268502503,0.4699447513812128,0.04692068586993044
2023-09-15,2023-10-13,28,370.81,371.0,13.935,5.72,0.16960277934815968,0.17472382102913153,0.14741035856573706,-0.1199630036127835,0.5895227843559363,0.5873340509508412,0.8450672645739853,-0.029747450871134704
2023-09-22,2023-10-20,28,357.91,358.0,16.1,3.4,0.20301562892228672,0.1715213237525136,0.250996015936255,-0.039759576465815905,0.7888198757763989,0.7870807453416163,1.6308176100628982,0.1685753702170146
2023-09-29,2023-10-27,28,358.27,358.0,16.345,12.69,0.20589789695965166,0.137686960513123,0.4103585657370518,-0.02834939985928271,0.223615784643622,0.22144386662587953,-0.3040728831725616,0.4023976937326925
2023-10-06,2023-11-03,28,364.7,365.0,16.525,2.71,0.2044952074841889,0.17082740866645144,0.30278884462151395,0.0081453511072747,0.8360060514372175,0.8338577912254173,1.7000000000000033,0.179890799156921
2023-10-13,2023-11-10,28,365.28,365.0,17.215,13.39,0.2126956277417944,0.16882386070109914,0.4940239043824701,-0.016562482896083544,0.2221899506244562,0.2198373511472561,-0.3007897334649528,0.23100623897246167
2023-10-20,2023-11-17,28,354.6,355.0,18.705,31.04,0.2380654714959034,0.16180214010667454,0.5617529880478087,0.021576719926290615,-0.6594493450948956,-0.6608126169473415,-1.007986111111111,0.386171494758585
2023-10-27,2023-11-24,28,345.31,345.0,18.04,44.51,0.23577882946591058,0.18795684065966856,0.6733067729083665,-0.0075788840390678324,-1.467294900221729,-1.469124168514412,-0.84896,0.22668183681821502
2023-11-03,2023-12-01,28,367.71,367.5,14.175,22.44,0.1739782893523614,0.19974439530753466,0.035856573705179286,-0.10424532750562616,-0.5830687830687831,-0.5852204585537918,-1.0111353711790394,-0.13810800812461713
2023-11-10,2023-12-08,28,378.39,378.0,13.945,14.17,0.16632452725250976,0.20806691399830907,0.0199203187250996,-0.07985220303375538,-0.01613481534600327,-0.018321979204016903,-1.0121729237770192,-0.22391886656906815
2023-11-17,2023-12-15,28,386.04,386.0,13.57,19.34,0.15864448173790144,0.19865974580712223,0.035856573705179286,-0.06964198065168149,-0.42520265291083087,-0.4268975681650682,-1.0100217864923748,-0.22492780644126945
2023-11-24,2023-12-22,28,389.51,390.0,12.735,18.38,0.1475563034883892,0.16213731287182245,0.01593625498007968,-0.08140980446666292,-0.4432665881429129,-0.4456615626226931,-0.7878651685393259,-0.09423376502427826
2023-12-01,2023-12-29,28,389.94,390.0,12.965,19.52,0.15005558466031216,0.13444371571800212,0.03187250996015936,-0.09764786191117612,-0.5055919784033923,-0.5079444658696477,-0.7852907639680731,0.10986014889575116
2023-12-08,2024-01-05,28,392.17,392.0,12.84,4.75,0.1477638115361099,0.13561596308863053,0.00398406374501992,-0.1336403829528074,0.6300623052959502,0.6271028037383177,0.9590909090909084,0.08578804054094338
2023-12-15,2024-01-12,28,405.34,405.0,12.495,4.56,0.13912149209082933,0.09802689024166476,0.0,-0.20463109171562133,0.6350540216086433,0.632613045218087,0.6774468085106381,0.35010576394221027
2023-12-22,2024-01-19,28,408.38,408.0,13.745,13.18,0.1518999772940784,0.11154215601030922,0.035856573705179286,-0.19107302469050616,0.04110585667515417,0.03925063659512507,-0.8291390728476835,0.3088196598667291
2023-12-29,2024-01-26,28,409.52,409.78,13.255,14.03,0.14607706860480127,0.11336104370903925,0.035856573705179286,-0.1923770234889431,-0.05846850245190725,-0.061146737080349366,-1.0137162954279015,0.25355654722056636
2024-01-05,2024-02-02,28,396.75,396.78,14.18,32.23,0.16130087563011933,0.13436079212261848,0.11952191235059761,-0.06781409888700776,-1.2729196050775753,-1.275599435825107,-1.0151047409040794,0.18274275344663696
2024-01-12,2024-02-09,28,409.56,410.0,13.71,27.05,0.15107665135243795,0.13826724545491123,0.043824701195219126,-0.11372366222742393,-0.9730123997082428,-0.9754194018964266,-1.0127589967284625,0.0885989591603268
2024-01-19,2024-02-16,28,421.18,422.0,15.03,8.57,0.16105294470313397,0.15516777770632423,0.12749003984063745,-0.05188714280564447,0.42980705256154406,0.42827677977378625,0.2571836346336826,0.037226191691319424
2024-01-26,2024-02-23,28,423.81,424.0,14.825,12.78,0.1578704808330419,0.1412574141547758,0.14741035856573706,-0.06681846171132069,0.1379426644182143,0.13588532883642676,-0.5546762589928,0.11119109705174411
2024-02-02,2024-03-01,28,429.01,429.0,15.205,16.61,0.15995449114781057,0.15468474931984233,0.043824701195219126,-0.0792807826903304,-0.09240381453469343,-0.09473857283788317,-1.010724106324473,0.03350017401951781
2024-02-09,2024-03-08,28,437.05,437.0,15.015,2.02,0.155049953928811,0.14452402419998364,0.0796812749003984,-0.09221632123597814,0.8654678654678667,0.8634365634365646,1.6958289885297233,0.07030159723620352
2024-02-16,2024-03-15,28,430.57,430.0,16.365,3.92,0.17153378558122154,0.1598843608580446,0.27091633466135456,-0.025747695714137618,0.7604644057439648,0.7589062022609216,1.352015355086363,0.07032943838675654
2024-02-23,2024-03-22,28,436.78,437.0,15.81,9.38,0.16336031250281507,0.17962027136598874,0.2151394422310757,-0.046468551206148186,0.40670461733080354,0.40461733080328927,0.18913043478260919,-0.09488675163516418
2024-03-01,2024-03-28,27,445.61,446.0,15.46,1.99,0.15945168918647762,0.1640144899316003,0.17928286852589642,-0.027160804677368578,0.8712807244501934,0.8688227684346695,1.623404255319148,-0.02821378993101176
2024-03-08,2024-04-05,28,439.02,439.0,17.375,1.47,0.17861500390255522,0.18178432761025587,0.4302788844621514,-0.037227470533155775,0.9153956834532359,0.9130647482014372,1.9278409090909043,-0.017588297936239894
2024-03-15,2024-04-12,28,433.92,434.0,17.28,4.27,0.17972624463479933,0.18033304661510885,0.5099601593625498,-0.052352653555382093,0.7528935185185196,0.7504050925925937,1.4066539923954418,-0.0033705701784823147
2024-03-22,2024-04-19,28,446.38,446.0,15.38,31.35,0.15549951441502413,0.15067474264416295,0.08764940239043825,-0.15928112375726355,-1.0383615084525373,-1.0401820546163865,-1.010450819672131,0.03151911753329284
2024-04-05,2024-05-03,28,440.47,440.0,17.98,4.52,0.18422594061106806,0.1418282758893758,0.545816733067729,-0.032412742174976375,0.7486095661846506,0.746496106785318,1.3475940507436601,0.26154594135788506
2024-04-12,2024-05-10,28,438.27,438.0,19.05,4.06,0.19616912989359717,0.13663551820494,0.7131474103585658,0.0014639313004991014,0.7868766404199473,0.7846194225721783,1.5235993208828515,0.36166026528023565
2024-04-19,2024-05-17,28,414.65,414.78,20.045,36.98,0.21817341041500296,0.15050394912763507,0.9721115537848606,0.021662949935348758,-0.8448490895485166,-0.8463706660014974,-1.0099836333878887,0.37130088330185046
2024-04-26,2024-05-24,28,431.0,431.0,17.92,26.95,0.18764550468454924,0.17746939820180915,0.46215139442231074,0.02948984269136534,-0.5039062499999992,-0.5060267857142849,-1.011662075298439,0.05575637988777023
2024-05-03,2024-05-31,28,435.48,435.0,16.485,15.71,0.17084338463658355,0.20111030420511428,0.3346613545816733,-0.0250732196154196,0.0470124355474686,0.044555656657568686,-0.9532051282051238,-0.163106277165134
2024-05-10,2024-06-07,28,442.06,442.0,15.21,20.96,0.1552835404149103,0.18976040110049872,0.14741035856573706,-0.037963621747958746,-0.378040762656146,-0.38021038790269435,-0.6145129224652089,-0.20050949073245597
2024-05-17,2024-06-14,28,451.76,452.0,14.61,27.19,0.14595530028477718,0.16781039119128202,0.035856573705179286,-0.08279457048292564,-0.8610540725530458,-0.8633127994524297,-0.9049250535331906,-0.13953430576829798
2024-05-24,2024-06-21,28,457.95,458.0,14.03,22.18,0.1382665215666749,0.13883286818752144,0.00796812749003984,-0.060480023914921056,-0.5808980755523881,-0.5828937990021387,-1.0121177802944508,-0.004087684277809871
2024-05-31,2024-06-28,28,450.71,451.0,15.41,28.11,0.1543060216448197,0.11819862524741587,0.5418326693227091,-0.02808162831657822,-0.8241401687216102,-0.8266060999351079,-1.0149075081610446,0.26657131000170825
2024-06-07,2024-07-05,28,462.96,463.0,15.085,33.16,0.14705482366400846,0.10994111516646903,0.10756972111553785,-0.08216092680203436,-1.1982101425256892,-1.2002320185614865,-1.009367493995196,0.2908605615546014
2024-06-14,2024-07-12,28,479.19,479.0,15.045,15.82,0.14169739797480138,0.10773919912868926,0.17131474103585656,-0.14978992501927968,-0.05151213027583858,-0.05453639082751686,-0.9814285714285701,0.27398029975751437
2024-06-21,2024-07-19,28,480.18,480.0,16.405,4.76,0.1541876527253339,0.11786245503475737,0.199203187250996,-0.14239846505953643,0.7098445595854928,0.7076805851874435,1.326057142857146,0.2686520755202526
2024-06-28,2024-07-26,28,479.11,479.0,16.44,16.03,0.15486169456930995,0.12719338421709916,0.00796812749003984,-0.0999951298954694,0.024939172749393463,0.02232360097323773,-0.9248091603053383,0.19682378680601434
2024-07-05,2024-08-02,28,496.16,496.0,17.28,47.25,0.15718077247648363,0.12252266156925537,0.11553784860557768,-0.09124514774760945,-1.7343749999999998,-1.7365740740740738,-0.7184861717612808,0.2491005547458795
2024-07-12,2024-08-09,28,494.82,495.0,17.66,44.59,0.1610723087939106,0.14154600553002458,0.09163346613545817,-0.09784350949271714,-1.5249150622876544,-1.5276330690826714,-1.0147810218978104,0.12922859544099127
2024-07-19,2024-08-16,28,475.24,475.0,21.51,0.03,0.2042701240994876,0.17172564765448312,0.8685258964143426,0.042871981032157225,0.9986052998605313,0.9968386796838692,2.471054925893641,0.1735451241337125
2024-07-26,2024-08-23,28,462.97,463.0,22.555,17.0,0.2198707262502646,0.21644639778242605,0.9442231075697212,0.0845073942377199,0.2462868543560186,0.24404788295278207,-0.16468926553672325,0.01569683420213353
2024-08-02,2024-08-30,28,448.75,447.5,27.885,28.77,0.28044236235244857,0.2602352643055062,1.0,0.23287093712774826,-0.03173749327595424,-0.034982965752195935,-1.0201456310679613,0.07478213745147845
2024-08-09,2024-09-06,28,450.41,450.0,24.58,1.31,0.24629255494275115,0.2913704257429206,0.9641434262948207,0.1427043146153526,0.9467046379170057,0.9445484133441822,2.148298865910605,-0.16807532129450564
2024-08-16,2024-09-13,28,475.03,475.0,19.49,0.34,0.18516897851894407,0.30497345011624594,0.7091633466135459,-0.020998110856594473,0.9825551564905093,0.9803488968701911,1.9906870229007676,-0.4989559184347934
2024-08-23,2024-09-20,28,480.0,480.0,20.05,2.44,0.1885170213689042,0.27687240805903274,0.8247011952191236,-0.007339497736591065,0.8783042394014964,0.8759102244389028,1.7533858267716516,-0.38436847749287834
2024-08-30,2024-09-30,31,476.27,474.78,18.925,13.29,0.17043479402839937,0.24469325443992473,0.8247011952191236,-0.12375358829663313,0.2977542932628787,0.2948216644649923,-0.020148148148151173,-0.3616526195565867
2024-09-06,2024-10-04,28,448.69,449.0,24.53,38.32,0.2467337658223589,0.24484548292778827,0.9482071713147411,0.07759218021228849,-0.5621687729311045,-0.5643293925805133,-1.0107672469374598,0.0076825544887251665
2024-09-13,2024-10-11,28,475.34,475.0,20.515,18.36,0.19478010204680096,0.2260378337554535,0.7768924302788844,-0.15910360655572311,0.10504508895929743,0.10282719961004079,-0.6150150150150171,-0.1488311508181277
2024-09-20,2024-10-18,28,482.44,480.0,19.245,14.47,0.1800329659018639,0.22266128522149956,0.5896414342629482,-0.22631093304828062,0.24811639386853576,0.24653156664068437,-0.17085541256624207,-0.21251173838890522
2024-09-27,2024-10-25,28,486.75,487.0,19.295,8.32,0.17890243524319588,0.20673723096943464,0.6334661354581673,-0.25948883392765476,0.5688002073075931,0.5669603524229079,0.6620328849028416,-0.14460796853101637
2024-10-04,2024-11-01,28,487.32,487.0,20.325,0.43,0.18823212637320652,0.17892629569279075,0.8725099601593626,-0.21764925763047677,0.978843788437884,0.9766051660516601,1.9288504883546214,0.050701950807840714
2024-10-11,2024-11-08,28,493.36,493.0,23.385,21.14,0.21391974311239045,0.13578345087608637,0.8167330677290837,0.07132967130270264,0.0960017104981831,0.09426983108830499,-0.7557758031442224,0.4545395687423658
2024-10-18,2024-11-15,28,494.47,495.0,21.32,1.57,0.1945918658246307,0.11949761004034637,0.7888446215139442,-0.009458018935567157,0.9263602251407133,0.9250469043151974,2.0867338371116726,0.4876079979067575
2024-10-25,2024-11-22,28,495.32,495.0,24.525,10.79,0.22346040490660815,0.13335688759482217,0.8764940239043825,0.13667619635316972,0.560040774719673,0.5583893985728839,0.844292237442919,0.5162053393054844
2024-11-01,2024-11-29,28,487.43,487.0,25.095,22.74,0.2323551882455886,0.1599497463817596,0.9203187250996016,0.09414363356422949,0.09384339509862483,0.09183104204024665,-0.5341708542713579,0.3734075039378052
2024-11-08,2024-12-06,28,514.14,514.0,18.59,12.48,0.16318319278233076,0.17905888722784136,0.46613545816733065,-0.0389184942371116,0.3286713286713277,0.32662721893491026,0.029768555466876494,-0.09284127884128025
2024-11-15,2024-12-13,28,496.57,497.0,20.215,33.53,0.1837260325781747,0.1946798100163436,0.7171314741035857,-0.03454714088686748,-0.6586693049715544,-0.6609201088300753,-1.0124900556881464,-0.05791051445131865
2024-11-22,2024-12-20,28,505.79,506.0,18.62,12.66,0.16614484372578686,0.18574785198533894,0.5338645418326693,-0.07053015822135103,0.32008592910848727,0.31804511278195663,-0.011583924349876581,-0.11153015905323352
2024-11-29,2024-12-27,28,509.74,510.0,16.34,12.56,0.1446707613984411,0.18525096146871953,0.09163346613545817,-0.16680651533186816,0.2313341493268087,0.22900856793145988,-0.34070450097846283,-0.2472509046480264
2024-12-06,2025-01-03,28,526.48,526.0,15.665,7.42,0.13428451996026727,0.13508775589047942,0.0199203187250996,-0.25275591804712866,0.526332588573255,0.5234280242579024,0.6055712936732844,-0.005963778628481369
2024-12-13,2025-01-10,28,530.53,531.0,16.505,23.81,0.14040514137845467,0.1465668592803168,0.043824701195219126,-0.23985050091774085,-0.4425931535898215,-0.44504695546804024,-1.0122625215889465,-0.042949591262808104
2024-12-20,2025-01-17,28,518.66,519.78,22.035,1.96,0.1917377950272033,0.1832043119041074,0.6055776892430279,-0.05762046189311837,0.9110506013160864,0.9089857045609241,2.255938349954663,0.045526799219235956
2024-12-27,2025-01-24,28,522.56,522.5,19.82,7.13,0.1711768052403444,0.19622310760032666,0.7250996015936255,-0.10313857226584452,0.6402623612512616,0.6380928355196773,1.0141687141687152,-0.13655534481721907
2025-01-03,2025-01-31,28,518.58,519.0,20.97,3.29,0.18249883508772535,0.2051576104734419,0.6414342629482072,-0.036007580210668626,0.8431092036242268,0.8410586552217472,1.7675039246467872,-0.11703472539535735
2025-01-10,2025-02-07,28,507.19,507.0,23.91,15.92,0.21275820787810829,0.2160606678153635,0.8764940239043825,0.0490314630281534,0.3341698034295291,0.33195315767461486,0.056378056840719594,-0.015402891133378092
2025-01-17,2025-02-14,28,521.74,522.0,20.67,16.15,0.17879845936713779,0.22246500946635606,0.5099601593625498,-0.060522868579716164,0.2186744073536538,0.2168359941944859,-0.17550151975683614,-0.21851058222674663
2025-01-24,2025-02-21,28,529.63,530.0,19.115,3.92,0.16288427341516967,0.18512304026116036,0.5059760956175299,-0.10906546170721812,0.7949254512163244,0.7930682709913701,1.3433065106071753,-0.12798071689749402
2025-01-31,2025-02-28,28,522.29,522.0,22.1,13.83,0.19096685354729892,0.20202766514615128,0.6932270916334662,0.005396730085954028,0.37420814479638087,0.3711312217194578,0.1762600438276143,-0.05630477284327148
2025-02-07,2025-03-07,28,522.92,523.0,21.22,31.21,0.1831418330231095,0.1899596574593398,0.5657370517928287,0.052191281094450544,-0.4707822808671056,-0.47280867106503205,-0.9336463223787167,-0.036550823961920526
2025-02-14,2025-03-14,28,538.15,538.0,19.41,58.34,0.16277946633831725,0.17351838251273405,0.30677290836653387,-0.10343182303509989,-2.0056671818650167,-2.0078825347758875,-1.0116574147501982,-0.0638872273859327
2025-02-21,2025-03-21,28,526.08,525.0,22.505,44.16,0.19306549164985295,0.17394414225832688,0.6533864541832669,0.05060266044103033,-0.9622306154187971,-0.9642523883581439,-1.0093508040500299,0.10429524014489878
2025-02-28,2025-03-31,31,508.17,510.0,25.59,41.08,0.21599159993762873,0.1808357328962944,0.9840637450199203,0.013329315224423967,-0.6053145760062518,-0.6095349745994523,-1.0173785839672322,0.1776504516192545
2025-03-07,2025-04-04,28,491.79,492.0,27.835,69.33,0.25544003298304346,0.21423139744514147,0.9840637450199203,0.16563731314187544,-1.4907490569426973,-1.4927429495239801,-0.8966666666666666,0.17593095021446625
2025-03-14,2025-04-11,28,479.66,480.0,26.34,25.6,0.2478333213136663,0.26749764377913704,0.9561752988047809,0.0904200900782479,0.02809415337889055,0.026461655277144166,-0.8848370927318295,-0.07635432926187027
2025-03-21,2025-04-17,27,480.84,480.0,23.135,35.9,0.22112786790556244,0.2710137868624437,0.9322709163346613,0.034657780999584754,-0.5517614004754692,-0.5539442403285058,-1.0104671791839148,-0.20342857160848152
2025-03-28,2025-04-25,28,468.94,469.0,25.4,3.56,0.24445215324907754,0.27962330323265017,0.9402390438247012,0.06700531481976543,0.8598425196850392,0.8579527559055118,1.8570568561872902,-0.13442375424980002
2025-04-04,2025-05-02,28,422.67,425.0,39.565,63.83,0.42246153799747593,0.3719761883876291,0.9920318725099602,0.3735410034097108,-0.61329457854164,-0.6187413117654489,-1.0321566939302627,0.12726856581408894
2025-04-11,2025-05-09,28,454.4,454.0,36.455,33.97,0.36207305753240504,0.564136955701657,0.9840637450199203,0.2168371335452884,0.06816623234124183,0.06540940886023787,-0.8288275862068991,-0.44345104342662095
2025-04-25,2025-05-23,28,472.56,472.5,27.525,36.74,0.2628741003346934,0.5839035974314009,0.9163346613545816,0.06905460069181862,-0.33478655767484145,-0.3369845594913719,-1.0117578579743889,-0.7980606847010064
2025-05-02,2025-05-30,28,488.83,489.0,25.005,30.11,0.2308588018200041,0.5791722896800409,0.8167330677290837,-0.026513877949106045,-0.2041591681663673,-0.2069786042791448,-1.014486279514997,-0.9197937214223676
2025-05-09,2025-06-06,28,487.97,488.0,25.51,41.92,0.23593630053378123,0.2856028135306527,0.8167330677290837,0.04301811755418751,-0.6432771462171682,-0.6453547628381012,-1.0100663716814158,-0.1910402261146192
2025-05-16,2025-06-13,28,521.51,522.0,21.89,4.96,0.18943514322354554,0.22507847440146359,0.5577689243027888,-0.05595519100037696,0.7734125171311085,0.771448149840108,1.2156596794081338,-0.17240240269176843
2025-05-23,2025-06-20,28,509.24,509.0,26.105,17.83,0.2313548550038106,0.1817645969070467,0.7171314741035857,0.010596778083505062,0.3169890825512338,0.31543765562152687,-0.018886198547220207,0.2412402743741862
2025-05-30,2025-06-30,31,519.11,519.0,23.41,32.64,0.1934272319736871,0.1946233026739948,0.5737051792828686,-0.10580197955210653,-0.3942759504485257,-0.39675352413498444,-0.7538411878631375,-0.006164529519797745
2025-06-06,2025-07-03,27,529.92,530.0,20.33,26.22,0.17632002186443838,0.1853981967839225,0.3147410358565737,-0.13768890394885178,-0.2897196261682258,-0.2935563207083143,-1.0173166926677069,-0.05020527703105255
2025-06-13,2025-07-11,28,526.96,527.0,22.955,27.2,0.19659708594870176,0.13171900638618517,0.6772908366533864,-0.1287490782610231,-0.18492703114790013,-0.18756262252232836,-1.0124252491694352,0.40048547126751743
2025-06-20,2025-07-18,28,526.83,527.0,23.13,34.26,0.19814474765822776,0.14431545149051234,0.6693227091633466,-0.1145111240940723,-0.48119325551232134,-0.4828361435365323,-1.0094028826355526,0.31699627340385084
2025-06-27,2025-07-25,28,548.09,547.5,20.415,18.87,0.1681027954114573,0.11717336541527452,0.3187250996015936,-0.16320310333159302,0.07567964731814816,0.07394072985549816,-0.5653260207190743,0.360921075964579
2025-07-11,2025-08-08,28,554.2,554.0,20.94,20.55,0.17052481437898662,0.12325822713364115,0.12749003984063745,-0.103521877626732,0.018624641833812954,0.016809933142313434,-0.9431111111111043,0.324599262727083
2025-07-18,2025-08-15,28,561.26,560.0,20.75,17.34,0.1668520084205164,0.09534820464711248,0.14342629482071714,-0.11360231260335643,0.16433734939758882,0.16274698795180567,-0.5861464968152917,0.5595717396190135
2025-07-25,2025-08-22,28,566.37,566.0,19.265,5.97,0.1535133686171008,0.08225268917440647,0.04780876494023904,-0.13511743320731193,0.6901116013495963,0.6882688813911223,1.1543189368770712,0.6239915709624808
2025-08-01,2025-08-29,28,553.88,554.0,24.78,16.4,0.20191242653911676,0.10117163625952322,0.47410358565737054,0.07144405730059201,0.3381759483454408,0.33543179983858046,0.1003891050583686,0.6910156279606221
2025-08-08,2025-09-05,28,574.55,575.0,19.835,1.06,0.15580514878056476,0.12239302851529142,0.11553784860557768,-0.07118315936151622,0.9465591126796095,0.9447693471136908,1.9152895752895844,0.24136876838091942
2025-08-15,2025-09-12,28,577.34,577.0,19.42,9.66,0.1518081218466614,0.12837263288754558,0.04780876494023904,-0.14419678490216065,0.5025746652935136,0.5006179196704446,0.49500402900886903,0.16768013809814616
2025-08-22,2025-09-19,28,571.97,572.0,20.18,27.35,0.1592301634664282,0.14783501282848158,0.13545816733067728,-0.09368118388997279,-0.3553022794846394,-0.35693756194251847,-1.0088050314465409,0.07425385072272217
2025-08-29,2025-09-26,28,570.4,570.0,21.0,25.97,0.1661564510356782,0.15434674108199875,0.2549800796812749,-0.11371291909437392,-0.23666666666666797,-0.23966666666666794,-1.0150971599402092,0.07372818371730913
2025-09-05,2025-10-03,28,576.06,576.0,20.535,27.18,0.16088087390358385,0.12123403610340866,0.199203187250996,-0.12180068691115288,-0.3235938641344022,-0.32605308010713174,-0.7411883862255233,0.28294131732421857
2025-09-12,2025-10-10,28,586.66,587.0,19.915,2.5,0.1532044084951455,0.11192703091347563,0.11952191235059761,-0.1783716999164698,0.874466482550841,0.8701732362540798,1.504902667627973,0.3139258837011281
2025-09-19,2025-10-17,28,599.35,599.0,21.335,4.93,0.16065326900773214,0.10064641116027025,0.1952191235059761,-0.17384494287972538,0.7689243027888469,0.7665573002109234,1.3165217391304425,0.4676349391659651
2025-09-26,2025-10-24,28,595.97,596.0,22.405,21.1,0.16966723371527748,0.0954251788759423,0.26294820717131473,-0.1342694340894053,0.05824592724838109,0.05621513055121528,-0.8824964131994294,0.5754965968619064
2025-10-03,2025-10-31,28,603.18,603.0,23.57,26.07,0.1763559347394995,0.06958861417909061,0.44621513944223107,-0.07792264002973975,-0.10606703436572125,-0.10810352142554305,-0.8888077858880779,0.929903344725357
2025-10-10,2025-11-07,28,589.5,589.0,30.455,20.74,0.23315902146069847,0.15405027400457474,0.852589641434263,0.11709596383828369,0.31899523887703135,0.3143818748973893,-0.01511183851609474,0.4144417125969237
2025-10-17,2025-11-14,28,603.93,604.0,29.46,4.86,0.22015247310278943,0.1699417180582787,0.7609561752988048,0.01366692199690647,0.8350305498981665,0.8323828920570261,1.4808297567954207,0.2588648225380053
2025-10-24,2025-11-21,28,617.1,617.0,24.65,26.93,0.18027637088100315,0.17818001428725944,0.4063745019920319,-0.11054614679905252,-0.09249492900608322,-0.09423935091277695,-1.0092233009708738,0.011696711684756805
2025-10-31,2025-11-28,28,629.07,629.0,27.205,9.75,0.19517634703706804,0.19729925718925798,0.6135458167330677,-0.06625180127166089,0.6416099981621025,0.6388347730196654,0.9511680911680906,-0.010818154470782793
2025-11-07,2025-12-05,28,609.74,610.0,29.95,15.48,0.2216815604573837,0.2180443832078727,0.7768924302788844,0.01695723336144595,0.4831385642737891,0.480868113522537,0.556618044300377,0.01654330500033289
2025-11-14,2025-12-12,28,608.86,609.0,31.83,4.62,0.23593731068992319,0.19044989676932517,0.8406374501992032,0.0722722021588347,0.8548539114043354,0.8522463085139803,1.5372234273318854,0.214176986180293
2025-11-21,2025-12-19,28,590.07,590.0,34.425,27.05,0.263298171699209,0.20572120313891293,0.8725099601593626,0.16578067545431094,0.21423384168482335,0.211459694989108,-0.2983791085096765,0.24676525336570318
2025-11-28,2025-12-26,28,619.25,619.0,25.71,4.89,0.18737579606167246,0.21580297245254645,0.5418326693227091,-0.09339921815591964,0.8098016336056014,0.8073512252042013,1.5771779141104316,-0.14124962192903795
2025-12-05,2026-01-02,28,625.48,625.0,23.925,11.88,0.1726298720009862,0.19693587321634093,0.35856573705179284,-0.1585609085758382,0.5034482758620691,0.49987460815047036,0.6050234427327528,-0.13172832471391843
2025-12-12,2026-01-09,28,613.62,614.0,24.345,12.65,0.17905551502980974,0.18192085814795972,0.4541832669322709,-0.10025261926313789,0.48038611624563654,0.4764633394947637,0.5099865047233492,-0.015875849574583815
2025-12-19,2026-01-16,28,617.05,615.0,22.435,6.26,0.1640903898359163,0.18322827070139724,0.13147410358565736,-0.16298966251913571,0.720971696010698,0.717383552484957,1.3762231759656616,-0.11031532286144911
2025-12-26,2026-01-23,28,623.89,624.0,20.285,1.28,0.14673861545504285,0.13335994242663962,0.04780876494023904,-0.2428226170176071,0.9368991865910785,0.9344096623120546,1.9252747252747273,0.09560107115117711
2026-01-02,2026-01-30,28,613.12,613.0,24.075,8.87,0.17721408728139343,0.12880707637449515,0.35856573705179284,-0.0649740665112958,0.6315680166147455,0.6280166147455866,1.0197306397306398,0.3190427813849061
2026-01-09,2026-02-06,28,626.65,627.0,23.42,17.35,0.16867055591060437,0.14058298044564557,0.21115537848605578,-0.07143803346466288,0.25918018787361136,0.2567036720751485,-0.22212885154061934,0.18214951652452388
2026-01-16,2026-02-13,28,621.26,621.0,24.785,19.08,0.1800499314940267,0.12601532877665314,0.44621513944223107,-0.1101528178335697,0.23017954407907845,0.2281420213838999,-0.26043119847812796,0.356830653102326
2026-01-23,2026-02-20,28,622.72,623.0,24.885,14.19,0.1803525388775689,0.12484691182659609,0.5258964143426295,-0.10243239259709258,0.4297769740807693,0.427747639140042,0.36841097638799486,0.36782520340237135
2026-01-30,2026-02-27,28,621.87,622.0,27.155,14.71,0.19707322807930605,0.1361983505768649,0.6812749003984063,0.009827539716943966,0.4582949733014165,0.455330510034983,0.45731414868105147,0.3694630924672077
2026-02-06,2026-03-06,28,609.65,610.0,29.01,10.25,0.2147556409687433,0.1767478895608868,0.7649402390438247,0.06234762380983513,0.6466735608410893,0.6439848328162703,1.0288521199586347,0.19477646367121224
2026-02-13,2026-03-13,28,601.92,602.0,31.28,8.28,0.23453377833006495,0.18547708196219412,0.8366533864541833,0.08948207760635137,0.7352941176470597,0.733280051150896,1.3561876247505018,0.2346682945231677
