number,ticker,cp,entry_date,expiration,strike,open_entry,delta_entry,underlying_at_exp,exit_intrinsic,profit,return_pct
1,NVDA,C,2024-01-08,2024-01-19,5.0,506.25,1.0,594.91,589.91,8366.0,16.5
1,NVDA,C,2024-01-08,2024-01-19,85.0,432.15,1.0,594.91,509.91,7776.0,18.0
1,NVDA,C,2024-01-08,2024-01-19,90.0,422.21,1.0,594.91,504.91,8270.0,19.6
1,NVDA,C,2024-01-08,2024-01-19,100.0,401.1,1.0,594.91,494.91,9381.0,23.4
1,NVDA,C,2024-01-08,2024-01-19,125.0,383.98,1.0,594.91,469.91,8593.0,22.4
1,NVDA,C,2024-01-08,2024-01-19,130.0,386.5,1.0,594.91,464.91,7841.0,20.3
1,NVDA,C,2024-01-08,2024-01-19,135.0,380.08,1.0,594.91,459.91,7983.0,21.0
1,NVDA,C,2024-01-08,2024-01-19,140.0,375.27,1.0,594.91,454.91,7964.0,21.2
1,NVDA,C,2024-01-08,2024-01-19,145.0,366.55,1.0,594.91,449.91,8336.0,22.7
1,NVDA,C,2024-01-08,2024-01-19,150.0,360.38,1.0,594.91,444.91,8453.0,23.5
1,NVDA,C,2024-01-08,2024-01-19,155.0,344.05,1.0,594.91,439.91,9586.0,27.9
1,NVDA,C,2024-01-08,2024-01-19,160.0,350.0,1.0,594.91,434.91,8491.0,24.3
1,NVDA,C,2024-01-08,2024-01-19,165.0,349.55,1.0,594.91,429.91,8036.0,23.0
1,NVDA,C,2024-01-08,2024-01-19,170.0,336.29,1.0,594.91,424.91,8862.0,26.4
1,NVDA,C,2024-01-08,2024-01-19,175.0,320.2,1.0,594.91,419.91,9971.0,31.1
1,NVDA,C,2024-01-08,2024-01-19,180.0,320.0,1.0,594.91,414.91,9491.0,29.7
1,NVDA,C,2024-01-08,2024-01-19,185.0,314.2,1.0,594.91,409.91,9571.0,30.5
1,NVDA,C,2024-01-08,2024-01-19,190.0,321.1,1.0,594.91,404.91,8381.0,26.1
1,NVDA,C,2024-01-08,2024-01-19,195.0,313.71,1.0,594.91,399.91,8620.0,27.5
1,NVDA,C,2024-01-08,2024-01-19,200.0,312.0,1.0,594.91,394.91,8291.0,26.6
1,NVDA,C,2024-01-08,2024-01-19,205.0,294.15,1.0,594.91,389.91,9576.0,32.6
1,NVDA,C,2024-01-08,2024-01-19,215.0,300.0,1.0,594.91,379.91,7991.0,26.6
1,NVDA,C,2024-01-08,2024-01-19,220.0,285.0,1.0,594.91,374.91,8991.0,31.5
1,NVDA,C,2024-01-08,2024-01-19,225.0,283.67,1.0,594.91,369.91,8624.0,30.4
1,NVDA,C,2024-01-08,2024-01-19,230.0,283.0,1.0,594.91,364.91,8191.0,28.9
1,NVDA,C,2024-01-08,2024-01-19,235.0,267.75,1.0,594.91,359.91,9216.0,34.4
1,NVDA,C,2024-01-08,2024-01-19,240.0,273.95,1.0,594.91,354.91,8096.0,29.6
1,NVDA,C,2024-01-08,2024-01-19,245.0,267.2,1.0,594.91,349.91,8271.0,31.0
1,NVDA,C,2024-01-08,2024-01-19,250.0,250.0,1.0,594.91,344.91,9491.0,38.0
1,NVDA,C,2024-01-08,2024-01-19,255.0,265.0,1.0,594.91,339.91,7491.0,28.3
1,NVDA,C,2024-01-08,2024-01-19,260.0,245.0,1.0,594.91,334.91,8991.0,36.7
1,NVDA,C,2024-01-08,2024-01-19,265.0,230.4,1.0,594.91,329.91,9951.0,43.2
1,NVDA,C,2024-01-08,2024-01-19,270.0,245.0,1.0,594.91,324.91,7991.0,32.6
1,NVDA,C,2024-01-08,2024-01-19,275.0,238.95,1.0,594.91,319.91,8096.0,33.9
1,NVDA,C,2024-01-08,2024-01-19,280.0,220.45,1.0,594.91,314.91,9446.0,42.8
1,NVDA,C,2024-01-08,2024-01-19,285.0,230.0,1.0,594.91,309.91,7991.0,34.7
1,NVDA,C,2024-01-08,2024-01-19,290.0,215.05,1.0,594.91,304.91,8986.0,41.8
1,NVDA,C,2024-01-08,2024-01-19,295.0,216.81,1.0,594.91,299.91,8310.0,38.3
1,NVDA,C,2024-01-08,2024-01-19,300.0,195.87,1.0,594.91,294.91,9904.0,50.6
1,NVDA,C,2024-01-08,2024-01-19,305.0,206.01,1.0,594.91,289.91,8390.0,40.7
1,NVDA,C,2024-01-08,2024-01-19,310.0,189.5,1.0,594.91,284.91,9541.0,50.3
1,NVDA,C,2024-01-08,2024-01-19,315.0,199.5,1.0,594.91,279.91,8041.0,40.3
1,NVDA,C,2024-01-08,2024-01-19,320.0,175.65,1.0,594.91,274.91,9926.0,56.5
1,NVDA,C,2024-01-08,2024-01-19,325.0,184.53,1.0,594.91,269.91,8538.0,46.3
1,NVDA,C,2024-01-08,2024-01-19,330.0,188.0,1.0,594.91,264.91,7691.0,40.9
1,NVDA,C,2024-01-08,2024-01-19,335.0,183.3,1.0,594.91,259.91,7661.0,41.8
1,NVDA,C,2024-01-08,2024-01-19,340.0,175.07,1.0,594.91,254.91,7984.0,45.6
1,NVDA,C,2024-01-08,2024-01-19,345.0,155.0,1.0,594.91,249.91,9491.0,61.2
1,NVDA,C,2024-01-08,2024-01-19,350.0,149.5,1.0,594.91,244.91,9541.0,63.8
1,NVDA,C,2024-01-08,2024-01-19,355.0,154.61,1.0,594.91,239.91,8530.0,55.2
1,NVDA,C,2024-01-08,2024-01-19,360.0,149.5,1.0,594.91,234.91,8541.0,57.1
1,NVDA,C,2024-01-08,2024-01-19,365.0,145.3,1.0,594.91,229.91,8461.0,58.2
1,NVDA,C,2024-01-08,2024-01-19,370.0,148.37,1.0,594.91,224.91,7654.0,51.6
1,NVDA,C,2024-01-08,2024-01-19,375.0,137.7,1.0,594.91,219.91,8221.0,59.7
1,NVDA,C,2024-01-08,2024-01-19,380.0,130.1,1.0,594.91,214.91,8481.0,65.2
1,NVDA,C,2024-01-08,2024-01-19,385.0,129.1,1.0,594.91,209.91,8081.0,62.6
1,NVDA,C,2024-01-08,2024-01-19,390.0,124.17,1.0,594.91,204.91,8074.0,65.0
1,NVDA,C,2024-01-08,2024-01-19,395.0,120.25,0.9999,594.91,199.91,7966.0,66.2
1,NVDA,C,2024-01-08,2024-01-19,400.0,97.6,0.9999,594.91,194.91,9731.0,99.7
1,NVDA,C,2024-01-08,2024-01-19,405.0,91.25,0.9997,594.91,189.91,9866.0,108.1
1,NVDA,C,2024-01-08,2024-01-19,410.0,103.33,0.9995,594.91,184.91,8158.0,79.0
1,NVDA,C,2024-01-08,2024-01-19,415.0,81.35,0.9991,594.91,179.91,9856.0,121.2
1,NVDA,C,2024-01-08,2024-01-19,420.0,76.25,0.9984,594.91,174.91,9866.0,129.4
1,NVDA,C,2024-01-08,2024-01-19,425.0,70.7,0.9974,594.91,169.91,9921.0,140.3
1,NVDA,C,2024-01-08,2024-01-19,430.0,67.15,0.9957,594.91,164.91,9776.0,145.6
1,NVDA,C,2024-01-08,2024-01-19,435.0,61.03,0.9933,594.91,159.91,9888.0,162.0
1,NVDA,C,2024-01-08,2024-01-19,440.0,56.75,0.9905,594.91,154.91,9816.0,173.0
1,NVDA,C,2024-01-08,2024-01-19,442.5,73.4,0.9888,594.91,152.41,7901.0,107.6
1,NVDA,C,2024-01-08,2024-01-19,445.0,52.0,0.9869,594.91,149.91,9791.0,188.3
1,NVDA,C,2024-01-08,2024-01-19,447.5,70.8,0.9849,594.91,147.41,7661.0,108.2
1,NVDA,C,2024-01-08,2024-01-19,450.0,50.86,0.9825,594.91,144.91,9405.0,184.9
1,NVDA,C,2024-01-08,2024-01-19,455.0,42.21,0.9769,594.91,139.91,9770.0,231.5
1,NVDA,C,2024-01-08,2024-01-19,457.5,56.53,0.9735,594.91,137.41,8088.0,143.1
1,NVDA,C,2024-01-08,2024-01-19,460.0,38.82,0.9698,594.91,134.91,9609.0,247.5
1,NVDA,C,2024-01-08,2024-01-19,462.5,49.45,0.9656,594.91,132.41,8296.0,167.8
1,NVDA,C,2024-01-08,2024-01-19,465.0,33.15,0.9612,594.91,129.91,9676.0,291.9
1,NVDA,C,2024-01-08,2024-01-19,467.5,38.23,0.9558,594.91,127.41,8918.0,233.3
1,NVDA,C,2024-01-08,2024-01-19,470.0,28.99,0.9501,594.91,124.91,9592.0,330.9
1,NVDA,C,2024-01-08,2024-01-19,472.5,26.97,0.9436,594.91,122.41,9544.0,353.9
1,NVDA,C,2024-01-08,2024-01-19,475.0,24.74,0.9361,594.91,119.91,9517.0,384.7
1,NVDA,C,2024-01-08,2024-01-19,477.5,26.0,0.9277,594.91,117.41,9141.0,351.6
1,NVDA,C,2024-01-08,2024-01-19,480.0,21.25,0.918,594.91,114.91,9366.0,440.8
1,NVDA,C,2024-01-08,2024-01-19,482.5,21.8,0.9069,594.91,112.41,9061.0,415.6
1,NVDA,C,2024-01-08,2024-01-19,485.0,17.66,0.8941,594.91,109.91,9225.0,522.4
1,NVDA,C,2024-01-08,2024-01-19,487.5,16.08,0.8798,594.91,107.41,9133.0,568.0
1,NVDA,C,2024-01-08,2024-01-19,490.0,14.4,0.8631,594.91,104.91,9051.0,628.5
1,NVDA,C,2024-01-08,2024-01-19,492.5,12.95,0.8443,594.91,102.41,8946.0,690.8
1,NVDA,C,2024-01-08,2024-01-19,495.0,11.75,0.8234,594.91,99.91,8816.0,750.3
1,NVDA,C,2024-01-08,2024-01-19,497.5,10.35,0.8002,594.91,97.41,8706.0,841.2
1,NVDA,C,2024-01-08,2024-01-19,500.0,9.3,0.7751,594.91,94.91,8561.0,920.5
1,NVDA,C,2024-01-08,2024-01-19,502.5,8.32,0.7479,594.91,92.41,8409.0,1010.7
1,NVDA,C,2024-01-08,2024-01-19,505.0,7.3,0.7188,594.91,89.91,8261.0,1131.6
1,NVDA,C,2024-01-08,2024-01-19,507.5,6.48,0.6882,594.91,87.41,8093.0,1248.9
1,NVDA,C,2024-01-08,2024-01-19,510.0,5.7,0.6565,594.91,84.91,7921.0,1389.6
1,NVDA,C,2024-01-08,2024-01-19,512.5,4.9,0.6238,594.91,82.41,7751.0,1581.8
1,NVDA,C,2024-01-08,2024-01-19,515.0,4.32,0.5906,594.91,79.91,7559.0,1749.8
1,NVDA,C,2024-01-08,2024-01-19,517.5,3.78,0.5568,594.91,77.41,7363.0,1947.9
1,NVDA,C,2024-01-08,2024-01-19,520.0,3.3,0.5229,594.91,74.91,7161.0,2170.0
1,NVDA,C,2024-01-08,2024-01-19,522.5,2.74,0.4888,594.91,72.41,6967.0,2542.7
1,NVDA,C,2024-01-08,2024-01-19,525.0,2.41,0.455,594.91,69.91,6750.0,2800.8
1,NVDA,C,2024-01-08,2024-01-19,527.5,1.99,0.4215,594.91,67.41,6542.0,3287.4
1,NVDA,C,2024-01-08,2024-01-19,530.0,1.78,0.3886,594.91,64.91,6313.0,3546.6
1,NVDA,C,2024-01-08,2024-01-19,532.5,1.46,0.3565,594.91,62.41,6095.0,4174.7
1,NVDA,C,2024-01-08,2024-01-19,535.0,1.29,0.3256,594.91,59.91,5862.0,4544.2
1,NVDA,C,2024-01-08,2024-01-19,537.5,1.11,0.2959,594.91,57.41,5630.0,5072.1
1,NVDA,C,2024-01-08,2024-01-19,540.0,0.98,0.268,594.91,54.91,5393.0,5503.1
1,NVDA,C,2024-01-08,2024-01-19,542.5,0.84,0.2422,594.91,52.41,5157.0,6139.3
1,NVDA,C,2024-01-08,2024-01-19,545.0,0.83,0.2183,594.91,49.91,4908.0,5913.3
1,NVDA,C,2024-01-08,2024-01-19,547.5,1.2,0.1964,594.91,47.41,4621.0,3850.8
1,NVDA,C,2024-01-08,2024-01-19,550.0,0.51,0.1764,594.91,44.91,4440.0,8705.9
1,NVDA,C,2024-01-08,2024-01-19,552.5,0.44,0.1589,594.91,42.41,4197.0,9538.6
1,NVDA,C,2024-01-08,2024-01-19,555.0,0.56,0.1432,594.91,39.91,3935.0,7026.8
1,NVDA,C,2024-01-08,2024-01-19,557.5,0.57,0.1287,594.91,37.41,3684.0,6463.2
1,NVDA,C,2024-01-08,2024-01-19,560.0,0.42,0.1166,594.91,34.91,3449.0,8211.9
1,NVDA,C,2024-01-08,2024-01-19,562.5,0.28,0.1055,594.91,32.41,3213.0,11475.0
1,NVDA,C,2024-01-08,2024-01-19,565.0,0.4,0.0957,594.91,29.91,2951.0,7377.5
1,NVDA,C,2024-01-08,2024-01-19,567.5,0.23,0.0869,594.91,27.41,2718.0,11817.4
1,NVDA,C,2024-01-08,2024-01-19,570.0,0.2,0.079,594.91,24.91,2471.0,12355.0
1,NVDA,C,2024-01-08,2024-01-19,572.5,0.34,0.0721,594.91,22.41,2207.0,6491.2
1,NVDA,C,2024-01-08,2024-01-19,575.0,0.15,0.0659,594.91,19.91,1976.0,13173.3
1,NVDA,C,2024-01-08,2024-01-19,577.5,0.21,0.0599,594.91,17.41,1720.0,8190.5
1,NVDA,C,2024-01-08,2024-01-19,580.0,0.21,0.0548,594.91,14.91,1470.0,7000.0
1,NVDA,C,2024-01-08,2024-01-19,582.5,0.32,0.05,594.91,12.41,1209.0,3778.1
1,NVDA,C,2024-01-08,2024-01-19,585.0,0.24,0.0458,594.91,9.91,967.0,4029.2
1,NVDA,C,2024-01-08,2024-01-19,587.5,0.16,0.0416,594.91,7.41,725.0,4531.2
1,NVDA,C,2024-01-08,2024-01-19,590.0,0.08,0.0381,594.91,4.91,483.0,6037.5
1,NVDA,C,2024-01-08,2024-01-19,592.5,0.38,0.0348,594.91,2.41,203.0,534.2
1,NVDA,C,2024-01-08,2024-01-19,595.0,0.1,0.0317,594.91,0.0,-10.0,-100.0
1,NVDA,C,2024-01-08,2024-01-19,597.5,0.22,0.0289,594.91,0.0,-22.0,-100.0
1,NVDA,C,2024-01-08,2024-01-19,600.0,0.06,0.0261,594.91,0.0,-6.0,-100.0
1,NVDA,C,2024-01-08,2024-01-19,605.0,0.08,0.0216,594.91,0.0,-8.0,-100.0
1,NVDA,C,2024-01-08,2024-01-19,610.0,0.11,0.018,594.91,0.0,-11.0,-100.0
1,NVDA,C,2024-01-08,2024-01-19,615.0,0.11,0.0146,594.91,0.0,-11.0,-100.0
1,NVDA,C,2024-01-08,2024-01-19,620.0,0.05,0.0118,594.91,0.0,-5.0,-100.0
1,NVDA,C,2024-01-08,2024-01-19,625.0,0.06,0.0096,594.91,0.0,-6.0,-100.0
1,NVDA,C,2024-01-08,2024-01-19,630.0,0.07,0.0073,594.91,0.0,-7.0,-100.0
1,NVDA,C,2024-01-08,2024-01-19,635.0,0.04,0.0054,594.91,0.0,-4.0,-100.0
1,NVDA,C,2024-01-08,2024-01-19,640.0,0.04,0.004,594.91,0.0,-4.0,-100.0
1,NVDA,C,2024-01-08,2024-01-19,645.0,0.03,0.0029,594.91,0.0,-3.0,-100.0
1,NVDA,C,2024-01-08,2024-01-19,650.0,0.02,0.0021,594.91,0.0,-2.0,-100.0
1,NVDA,C,2024-01-08,2024-01-19,655.0,0.02,0.0015,594.91,0.0,-2.0,-100.0
1,NVDA,C,2024-01-08,2024-01-19,660.0,0.02,0.0011,594.91,0.0,-2.0,-100.0
1,NVDA,C,2024-01-08,2024-01-19,665.0,0.03,0.0008,594.91,0.0,-3.0,-100.0
1,NVDA,C,2024-01-08,2024-01-19,670.0,0.02,0.0006,594.91,0.0,-2.0,-100.0
1,NVDA,C,2024-01-08,2024-01-19,675.0,0.02,0.0004,594.91,0.0,-2.0,-100.0
1,NVDA,C,2024-01-08,2024-01-19,680.0,0.02,0.0003,594.91,0.0,-2.0,-100.0
1,NVDA,C,2024-01-08,2024-01-19,685.0,0.01,0.0002,594.91,0.0,-1.0,-100.0
1,NVDA,C,2024-01-08,2024-01-19,690.0,0.02,0.0001,594.91,0.0,-2.0,-100.0
1,NVDA,C,2024-01-08,2024-01-19,695.0,0.01,0.0001,594.91,0.0,-1.0,-100.0
1,NVDA,C,2024-01-08,2024-01-19,700.0,0.01,0.0001,594.91,0.0,-1.0,-100.0
1,NVDA,C,2024-01-08,2024-01-19,705.0,0.01,0.0,594.91,0.0,-1.0,-100.0
1,NVDA,C,2024-01-08,2024-01-19,710.0,0.01,0.0,594.91,0.0,-1.0,-100.0
1,NVDA,C,2024-01-08,2024-01-19,715.0,0.01,0.0,594.91,0.0,-1.0,-100.0
1,NVDA,C,2024-01-08,2024-01-19,720.0,0.01,0.0,594.91,0.0,-1.0,-100.0
1,NVDA,C,2024-01-08,2024-01-19,730.0,0.01,0.0,594.91,0.0,-1.0,-100.0
1,NVDA,C,2024-01-08,2024-01-19,760.0,0.01,0.0,594.91,0.0,-1.0,-100.0
1,NVDA,C,2024-01-08,2024-01-19,950.0,0.01,0.0,594.91,0.0,-1.0,-100.0
1,NVDA,C,2024-01-08,2024-01-19,1000.0,0.01,0.0,594.91,0.0,-1.0,-100.0
2,SMCI,C,2024-01-19,2024-01-26,267.5,131.9,0.9998,474.15,206.65,7475.0,56.7
2,SMCI,C,2024-01-19,2024-01-26,270.0,116.07,0.9998,474.15,204.15,8808.0,75.9
2,SMCI,C,2024-01-19,2024-01-26,275.0,110.42,0.9996,474.15,199.15,8873.0,80.4
2,SMCI,C,2024-01-19,2024-01-26,280.0,125.9,0.9993,474.15,194.15,6825.0,54.2
2,SMCI,C,2024-01-19,2024-01-26,285.0,80.7,0.9989,474.15,189.15,10845.0,134.4
2,SMCI,C,2024-01-19,2024-01-26,290.0,51.45,0.9984,474.15,184.15,13270.0,257.9
2,SMCI,C,2024-01-19,2024-01-26,295.0,67.1,0.9975,474.15,179.15,11205.0,167.0
2,SMCI,C,2024-01-19,2024-01-26,297.5,66.2,0.997,474.15,176.65,11045.0,166.8
2,SMCI,C,2024-01-19,2024-01-26,300.0,42.0,0.9963,474.15,174.15,13215.0,314.6
2,SMCI,C,2024-01-19,2024-01-26,305.0,38.11,0.9947,474.15,169.15,13104.0,343.8
2,SMCI,C,2024-01-19,2024-01-26,307.5,56.0,0.9939,474.15,166.65,11065.0,197.6
2,SMCI,C,2024-01-19,2024-01-26,310.0,34.3,0.9925,474.15,164.15,12985.0,378.6
2,SMCI,C,2024-01-19,2024-01-26,312.5,29.6,0.9914,474.15,161.65,13205.0,446.1
2,SMCI,C,2024-01-19,2024-01-26,315.0,34.2,0.9899,474.15,159.15,12495.0,365.4
2,SMCI,C,2024-01-19,2024-01-26,317.5,30.75,0.9883,474.15,156.65,12590.0,409.4
2,SMCI,C,2024-01-19,2024-01-26,320.0,27.0,0.987,474.15,154.15,12715.0,470.9
2,SMCI,C,2024-01-19,2024-01-26,322.5,24.31,0.9851,474.15,151.65,12734.0,523.8
2,SMCI,C,2024-01-19,2024-01-26,325.0,22.0,0.9834,474.15,149.15,12715.0,578.0
2,SMCI,C,2024-01-19,2024-01-26,327.5,25.1,0.981,474.15,146.65,12155.0,484.3
2,SMCI,C,2024-01-19,2024-01-26,330.0,23.5,0.9787,474.15,144.15,12065.0,513.4
2,SMCI,C,2024-01-19,2024-01-26,332.5,29.21,0.9762,474.15,141.65,11244.0,384.9
2,SMCI,C,2024-01-19,2024-01-26,335.0,20.4,0.9734,474.15,139.15,11875.0,582.1
2,SMCI,C,2024-01-19,2024-01-26,337.5,21.0,0.9707,474.15,136.65,11565.0,550.7
2,SMCI,C,2024-01-19,2024-01-26,340.0,19.0,0.967,474.15,134.15,11515.0,606.1
2,SMCI,C,2024-01-19,2024-01-26,342.5,14.16,0.9635,474.15,131.65,11749.0,829.7
2,SMCI,C,2024-01-19,2024-01-26,345.0,14.5,0.9596,474.15,129.15,11465.0,790.7
2,SMCI,C,2024-01-19,2024-01-26,347.5,11.0,0.9544,474.15,126.65,11565.0,1051.4
2,SMCI,C,2024-01-19,2024-01-26,350.0,11.3,0.9503,474.15,124.15,11285.0,998.7
2,SMCI,C,2024-01-19,2024-01-26,352.5,8.3,0.9459,474.15,121.65,11335.0,1365.7
2,SMCI,C,2024-01-19,2024-01-26,355.0,11.0,0.9407,474.15,119.15,10815.0,983.2
2,SMCI,C,2024-01-19,2024-01-26,357.5,9.7,0.9347,474.15,116.65,10695.0,1102.6
2,SMCI,C,2024-01-19,2024-01-26,360.0,11.0,0.9285,474.15,114.15,10315.0,937.7
2,SMCI,C,2024-01-19,2024-01-26,362.5,5.5,0.9217,474.15,111.65,10615.0,1930.0
2,SMCI,C,2024-01-19,2024-01-26,365.0,7.9,0.9145,474.15,109.15,10125.0,1281.6
2,SMCI,C,2024-01-19,2024-01-26,367.5,3.2,0.9065,474.15,106.65,10345.0,3232.8
2,SMCI,C,2024-01-19,2024-01-26,370.0,6.0,0.8979,474.15,104.15,9815.0,1635.8
2,SMCI,C,2024-01-19,2024-01-26,375.0,4.8,0.8781,474.15,99.15,9435.0,1965.6
2,SMCI,C,2024-01-19,2024-01-26,380.0,4.0,0.8544,474.15,94.15,9015.0,2253.7
2,SMCI,C,2024-01-19,2024-01-26,385.0,3.1,0.8271,474.15,89.15,8605.0,2775.8
2,SMCI,C,2024-01-19,2024-01-26,390.0,2.95,0.7957,474.15,84.15,8120.0,2752.5
2,SMCI,C,2024-01-19,2024-01-26,395.0,3.0,0.7606,474.15,79.15,7615.0,2538.3
2,SMCI,C,2024-01-19,2024-01-26,400.0,2.0,0.7225,474.15,74.15,7215.0,3607.5
2,SMCI,C,2024-01-19,2024-01-26,405.0,3.4,0.6822,474.15,69.15,6575.0,1933.8
2,SMCI,C,2024-01-19,2024-01-26,410.0,1.5,0.6404,474.15,64.15,6265.0,4176.7
2,SMCI,C,2024-01-19,2024-01-26,420.0,0.65,0.5562,474.15,54.15,5350.0,8230.8
2,SMCI,C,2024-01-19,2024-01-26,430.0,1.69,0.4754,474.15,44.15,4246.0,2512.4
2,SMCI,C,2024-01-19,2024-01-26,440.0,0.5,0.4007,474.15,34.15,3365.0,6730.0
2,SMCI,C,2024-01-19,2024-01-26,450.0,0.5,0.3337,474.15,24.15,2365.0,4730.0
2,SMCI,C,2024-01-19,2024-01-26,460.0,1.7,0.2754,474.15,14.15,1245.0,732.4
2,SMCI,C,2024-01-19,2024-01-26,470.0,0.9,0.2257,474.15,4.15,325.0,361.1
2,SMCI,C,2024-01-19,2024-01-26,480.0,0.85,0.1841,474.15,0.0,-85.0,-100.0
2,SMCI,C,2024-01-19,2024-01-26,490.0,0.95,0.1498,474.15,0.0,-95.0,-100.0
2,SMCI,C,2024-01-19,2024-01-26,500.0,0.33,0.1221,474.15,0.0,-33.0,-100.0
2,SMCI,C,2024-01-19,2024-01-26,510.0,0.7,0.0993,474.15,0.0,-70.0,-100.0
2,SMCI,C,2024-01-19,2024-01-26,520.0,0.45,0.0807,474.15,0.0,-45.0,-100.0
3,MSTR,C,2024-02-08,2024-02-16,385.0,194.0,0.9998,699.56,314.56,12056.0,62.1
3,MSTR,C,2024-02-08,2024-02-16,430.0,141.7,0.9956,699.56,269.56,12786.0,90.2
3,MSTR,C,2024-02-08,2024-02-16,440.0,136.15,0.9924,699.56,259.56,12341.0,90.6
3,MSTR,C,2024-02-08,2024-02-16,445.0,131.27,0.9903,699.56,254.56,12329.0,93.9
3,MSTR,C,2024-02-08,2024-02-16,450.0,78.44,0.9876,699.56,249.56,17112.0,218.2
3,MSTR,C,2024-02-08,2024-02-16,455.0,91.15,0.9845,699.56,244.56,15341.0,168.3
3,MSTR,C,2024-02-08,2024-02-16,460.0,80.0,0.9806,699.56,239.56,15956.0,199.4
3,MSTR,C,2024-02-08,2024-02-16,470.0,107.47,0.9707,699.56,229.56,12209.0,113.6
3,MSTR,C,2024-02-08,2024-02-16,475.0,55.0,0.9645,699.56,224.56,16956.0,308.3
3,MSTR,C,2024-02-08,2024-02-16,480.0,55.0,0.9573,699.56,219.56,16456.0,299.2
3,MSTR,C,2024-02-08,2024-02-16,485.0,61.0,0.9493,699.56,214.56,15356.0,251.7
3,MSTR,C,2024-02-08,2024-02-16,490.0,50.0,0.9399,699.56,209.56,15956.0,319.1
3,MSTR,C,2024-02-08,2024-02-16,495.0,48.0,0.9299,699.56,204.56,15656.0,326.2
3,MSTR,C,2024-02-08,2024-02-16,500.0,40.05,0.9184,699.56,199.56,15951.0,398.3
3,MSTR,C,2024-02-08,2024-02-16,505.0,33.52,0.9057,699.56,194.56,16104.0,480.4
3,MSTR,C,2024-02-08,2024-02-16,510.0,32.55,0.8919,699.56,189.56,15701.0,482.4
3,MSTR,C,2024-02-08,2024-02-16,515.0,30.4,0.8771,699.56,184.56,15416.0,507.1
3,MSTR,C,2024-02-08,2024-02-16,520.0,30.0,0.8608,699.56,179.56,14956.0,498.5
3,MSTR,C,2024-02-08,2024-02-16,525.0,22.8,0.8426,699.56,174.56,15176.0,665.6
3,MSTR,C,2024-02-08,2024-02-16,530.0,17.4,0.8231,699.56,169.56,15216.0,874.5
3,MSTR,C,2024-02-08,2024-02-16,535.0,25.0,0.8017,699.56,164.56,13956.0,558.2
3,MSTR,C,2024-02-08,2024-02-16,540.0,19.0,0.7785,699.56,159.56,14056.0,739.8
3,MSTR,C,2024-02-08,2024-02-16,545.0,15.0,0.753,699.56,154.56,13956.0,930.4
3,MSTR,C,2024-02-08,2024-02-16,550.0,14.0,0.7255,699.56,149.56,13556.0,968.3
3,MSTR,C,2024-02-08,2024-02-16,555.0,14.1,0.6962,699.56,144.56,13046.0,925.2
3,MSTR,C,2024-02-08,2024-02-16,560.0,12.96,0.6652,699.56,139.56,12660.0,976.9
3,MSTR,C,2024-02-08,2024-02-16,565.0,10.05,0.6331,699.56,134.56,12451.0,1238.9
3,MSTR,C,2024-02-08,2024-02-16,570.0,10.0,0.6002,699.56,129.56,11956.0,1195.6
3,MSTR,C,2024-02-08,2024-02-16,575.0,8.0,0.5671,699.56,124.56,11656.0,1457.0
3,MSTR,C,2024-02-08,2024-02-16,580.0,7.1,0.5342,699.56,119.56,11246.0,1583.9
3,MSTR,C,2024-02-08,2024-02-16,585.0,6.6,0.5023,699.56,114.56,10796.0,1635.8
3,MSTR,C,2024-02-08,2024-02-16,590.0,7.19,0.4716,699.56,109.56,10237.0,1423.8
3,MSTR,C,2024-02-08,2024-02-16,595.0,5.75,0.4423,699.56,104.56,9881.0,1718.4
3,MSTR,C,2024-02-08,2024-02-16,600.0,4.4,0.4147,699.56,99.56,9516.0,2162.7
3,MSTR,C,2024-02-08,2024-02-16,605.0,4.5,0.389,699.56,94.56,9006.0,2001.3
3,MSTR,C,2024-02-08,2024-02-16,610.0,4.0,0.3651,699.56,89.56,8556.0,2139.0
3,MSTR,C,2024-02-08,2024-02-16,615.0,4.15,0.3428,699.56,84.56,8041.0,1937.6
3,MSTR,C,2024-02-08,2024-02-16,620.0,3.4,0.3225,699.56,79.56,7616.0,2240.0
3,MSTR,C,2024-02-08,2024-02-16,625.0,2.49,0.3031,699.56,74.56,7207.0,2894.4
3,MSTR,C,2024-02-08,2024-02-16,630.0,2.5,0.2855,699.56,69.56,6706.0,2682.4
3,MSTR,C,2024-02-08,2024-02-16,635.0,2.7,0.2686,699.56,64.56,6186.0,2291.1
3,MSTR,C,2024-02-08,2024-02-16,640.0,2.4,0.2535,699.56,59.56,5716.0,2381.7
3,MSTR,C,2024-02-08,2024-02-16,645.0,2.5,0.2388,699.56,54.56,5206.0,2082.4
3,MSTR,C,2024-02-08,2024-02-16,650.0,1.26,0.2253,699.56,49.56,4830.0,3833.3
3,MSTR,C,2024-02-08,2024-02-16,655.0,1.39,0.2123,699.56,44.56,4317.0,3105.8
3,MSTR,C,2024-02-08,2024-02-16,660.0,1.8,0.1998,699.56,39.56,3776.0,2097.8
3,MSTR,C,2024-02-08,2024-02-16,665.0,1.6,0.188,699.56,34.56,3296.0,2060.0
3,MSTR,C,2024-02-08,2024-02-16,670.0,1.0,0.1769,699.56,29.56,2856.0,2856.0
3,MSTR,C,2024-02-08,2024-02-16,680.0,1.92,0.1569,699.56,19.56,1764.0,918.7
3,MSTR,C,2024-02-08,2024-02-16,690.0,1.48,0.1387,699.56,9.56,808.0,545.9
3,MSTR,C,2024-02-08,2024-02-16,700.0,0.4,0.1216,699.56,0.0,-40.0,-100.0
3,MSTR,C,2024-02-08,2024-02-16,710.0,1.01,0.1067,699.56,0.0,-101.0,-100.0
3,MSTR,C,2024-02-08,2024-02-16,720.0,1.4,0.092,699.56,0.0,-140.0,-100.0
3,MSTR,C,2024-02-08,2024-02-16,730.0,0.78,0.0807,699.56,0.0,-78.0,-100.0
3,MSTR,C,2024-02-08,2024-02-16,740.0,1.68,0.0702,699.56,0.0,-168.0,-100.0
3,MSTR,C,2024-02-08,2024-02-16,750.0,1.04,0.06,699.56,0.0,-104.0,-100.0
3,MSTR,C,2024-02-08,2024-02-16,760.0,0.38,0.0513,699.56,0.0,-38.0,-100.0
3,MSTR,C,2024-02-08,2024-02-16,770.0,1.44,0.044,699.56,0.0,-144.0,-100.0
3,MSTR,C,2024-02-08,2024-02-16,780.0,1.4,0.037,699.56,0.0,-140.0,-100.0
3,MSTR,C,2024-02-08,2024-02-16,790.0,0.67,0.0311,699.56,0.0,-67.0,-100.0
3,MSTR,C,2024-02-08,2024-02-16,800.0,0.35,0.0261,699.56,0.0,-35.0,-100.0
3,MSTR,C,2024-02-08,2024-02-16,810.0,1.05,0.0219,699.56,0.0,-105.0,-100.0
3,MSTR,C,2024-02-08,2024-02-16,830.0,0.52,0.0155,699.56,0.0,-52.0,-100.0
3,MSTR,C,2024-02-08,2024-02-16,840.0,0.46,0.0121,699.56,0.0,-46.0,-100.0
3,MSTR,C,2024-02-08,2024-02-16,850.0,0.7,0.0104,699.56,0.0,-70.0,-100.0
3,MSTR,C,2024-02-08,2024-02-16,860.0,0.3,0.0086,699.56,0.0,-30.0,-100.0
3,MSTR,C,2024-02-08,2024-02-16,870.0,0.5,0.007,699.56,0.0,-50.0,-100.0
3,MSTR,C,2024-02-08,2024-02-16,880.0,0.39,0.0057,699.56,0.0,-39.0,-100.0
3,MSTR,C,2024-02-08,2024-02-16,900.0,0.5,0.0038,699.56,0.0,-50.0,-100.0
3,MSTR,C,2024-02-08,2024-02-16,910.0,0.4,0.003,699.56,0.0,-40.0,-100.0
3,MSTR,C,2024-02-08,2024-02-16,960.0,0.3,0.001,699.56,0.0,-30.0,-100.0
3,MSTR,C,2024-02-08,2024-02-16,980.0,0.02,0.0006,699.56,0.0,-2.0,-100.0
3,MSTR,C,2024-02-08,2024-02-16,1000.0,0.2,0.0004,699.56,0.0,-20.0,-100.0
3,MSTR,C,2024-02-08,2024-02-16,1430.0,0.02,0.0,699.56,0.0,-2.0,-100.0
3,MSTR,C,2024-02-08,2024-02-16,1450.0,0.02,0.0,699.56,0.0,-2.0,-100.0
4,ARM,C,2024-02-08,2024-02-16,37.5,86.0,1.0,128.34,90.84,484.0,5.6
4,ARM,C,2024-02-08,2024-02-16,50.0,49.95,1.0,128.34,78.34,2839.0,56.8
4,ARM,C,2024-02-08,2024-02-16,55.0,65.93,1.0,128.34,73.34,741.0,11.2
4,ARM,C,2024-02-08,2024-02-16,57.5,60.34,1.0,128.34,70.84,1050.0,17.4
4,ARM,C,2024-02-08,2024-02-16,60.0,38.0,1.0,128.34,68.34,3034.0,79.8
4,ARM,C,2024-02-08,2024-02-16,65.0,36.0,0.9998,128.34,63.34,2734.0,75.9
4,ARM,C,2024-02-08,2024-02-16,66.0,33.0,0.9997,128.34,62.34,2934.0,88.9
4,ARM,C,2024-02-08,2024-02-16,67.0,32.86,0.9996,128.34,61.34,2848.0,86.7
4,ARM,C,2024-02-08,2024-02-16,67.5,32.36,0.9995,128.34,60.84,2848.0,88.0
4,ARM,C,2024-02-08,2024-02-16,68.0,31.86,0.9995,128.34,60.34,2848.0,89.4
4,ARM,C,2024-02-08,2024-02-16,69.0,28.06,0.9993,128.34,59.34,3128.0,111.5
4,ARM,C,2024-02-08,2024-02-16,70.0,24.1,0.999,128.34,58.34,3424.0,142.1
4,ARM,C,2024-02-08,2024-02-16,71.0,29.68,0.9987,128.34,57.34,2766.0,93.2
4,ARM,C,2024-02-08,2024-02-16,71.5,31.0,0.9984,128.34,56.84,2584.0,83.4
4,ARM,C,2024-02-08,2024-02-16,72.0,24.95,0.9982,128.34,56.34,3139.0,125.8
4,ARM,C,2024-02-08,2024-02-16,72.5,21.74,0.9979,128.34,55.84,3410.0,156.9
4,ARM,C,2024-02-08,2024-02-16,73.0,23.9,0.9976,128.34,55.34,3144.0,131.5
4,ARM,C,2024-02-08,2024-02-16,73.5,22.0,0.9973,128.34,54.84,3284.0,149.3
4,ARM,C,2024-02-08,2024-02-16,74.0,21.65,0.9969,128.34,54.34,3269.0,151.0
4,ARM,C,2024-02-08,2024-02-16,75.0,19.0,0.996,128.34,53.34,3434.0,180.7
4,ARM,C,2024-02-08,2024-02-16,76.0,19.0,0.995,128.34,52.34,3334.0,175.5
4,ARM,C,2024-02-08,2024-02-16,77.0,17.3,0.9937,128.34,51.34,3404.0,196.8
4,ARM,C,2024-02-08,2024-02-16,77.5,20.0,0.9929,128.34,50.84,3084.0,154.2
4,ARM,C,2024-02-08,2024-02-16,78.0,16.74,0.9921,128.34,50.34,3360.0,200.7
4,ARM,C,2024-02-08,2024-02-16,79.0,16.22,0.9902,128.34,49.34,3312.0,204.2
4,ARM,C,2024-02-08,2024-02-16,80.0,16.0,0.9879,128.34,48.34,3234.0,202.1
4,ARM,C,2024-02-08,2024-02-16,81.0,17.23,0.9853,128.34,47.34,3011.0,174.8
4,ARM,C,2024-02-08,2024-02-16,82.0,14.05,0.9821,128.34,46.34,3229.0,229.8
4,ARM,C,2024-02-08,2024-02-16,83.0,13.5,0.9783,128.34,45.34,3184.0,235.9
4,ARM,C,2024-02-08,2024-02-16,85.0,10.75,0.9691,128.34,43.34,3259.0,303.2
4,ARM,C,2024-02-08,2024-02-16,86.0,20.0,0.9637,128.34,42.34,2234.0,111.7
4,ARM,C,2024-02-08,2024-02-16,88.0,18.09,0.95,128.34,40.34,2225.0,123.0
4,ARM,C,2024-02-08,2024-02-16,90.0,8.0,0.9337,128.34,38.34,3034.0,379.3
4,ARM,C,2024-02-08,2024-02-16,91.0,27.2,0.924,128.34,37.34,1014.0,37.3
4,ARM,C,2024-02-08,2024-02-16,92.0,13.4,0.9137,128.34,36.34,2294.0,171.2
4,ARM,C,2024-02-08,2024-02-16,93.0,32.0,0.9027,128.34,35.34,334.0,10.4
4,ARM,C,2024-02-08,2024-02-16,94.0,5.25,0.8904,128.34,34.34,2909.0,554.1
4,ARM,C,2024-02-08,2024-02-16,95.0,5.08,0.8776,128.34,33.34,2826.0,556.3
4,ARM,C,2024-02-08,2024-02-16,96.0,6.0,0.8641,128.34,32.34,2634.0,439.0
4,ARM,C,2024-02-08,2024-02-16,97.0,5.1,0.8494,128.34,31.34,2624.0,514.5
4,ARM,C,2024-02-08,2024-02-16,98.0,5.3,0.8343,128.34,30.34,2504.0,472.5
4,ARM,C,2024-02-08,2024-02-16,99.0,5.1,0.8185,128.34,29.34,2424.0,475.3
4,ARM,C,2024-02-08,2024-02-16,100.0,2.98,0.8018,128.34,28.34,2536.0,851.0
4,ARM,C,2024-02-08,2024-02-16,101.0,5.2,0.7849,128.34,27.34,2214.0,425.8
4,ARM,C,2024-02-08,2024-02-16,102.0,5.16,0.7672,128.34,26.34,2118.0,410.5
4,ARM,C,2024-02-08,2024-02-16,103.0,3.9,0.7491,128.34,25.34,2144.0,549.7
4,ARM,C,2024-02-08,2024-02-16,104.0,4.32,0.7306,128.34,24.34,2002.0,463.4
4,ARM,C,2024-02-08,2024-02-16,105.0,2.23,0.7118,128.34,23.34,2111.0,946.6
4,ARM,C,2024-02-08,2024-02-16,106.0,5.5,0.6928,128.34,22.34,1684.0,306.2
4,ARM,C,2024-02-08,2024-02-16,107.0,4.0,0.6734,128.34,21.34,1734.0,433.5
4,ARM,C,2024-02-08,2024-02-16,108.0,3.0,0.6541,128.34,20.34,1734.0,578.0
4,ARM,C,2024-02-08,2024-02-16,109.0,3.9,0.6346,128.34,19.34,1544.0,395.9
4,ARM,C,2024-02-08,2024-02-16,110.0,1.35,0.6152,128.34,18.34,1699.0,1258.5
4,ARM,C,2024-02-08,2024-02-16,111.0,2.35,0.5957,128.34,17.34,1499.0,637.9
4,ARM,C,2024-02-08,2024-02-16,112.0,5.9,0.5765,128.34,16.34,1044.0,176.9
4,ARM,C,2024-02-08,2024-02-16,113.0,4.5,0.5574,128.34,15.34,1084.0,240.9
4,ARM,C,2024-02-08,2024-02-16,114.0,2.57,0.5385,128.34,14.34,1177.0,458.0
4,ARM,C,2024-02-08,2024-02-16,115.0,0.8,0.52,128.34,13.34,1254.0,1567.5
4,ARM,C,2024-02-08,2024-02-16,116.0,0.84,0.5016,128.34,12.34,1150.0,1369.0
4,ARM,C,2024-02-08,2024-02-16,117.0,4.73,0.4837,128.34,11.34,661.0,139.7
4,ARM,C,2024-02-08,2024-02-16,118.0,3.25,0.4661,128.34,10.34,709.0,218.2
4,ARM,C,2024-02-08,2024-02-16,119.0,4.5,0.449,128.34,9.34,484.0,107.6
4,ARM,C,2024-02-08,2024-02-16,120.0,1.95,0.4322,128.34,8.34,639.0,327.7
4,ARM,C,2024-02-08,2024-02-16,125.0,1.04,0.3552,128.34,3.34,230.0,221.2
4,ARM,C,2024-02-08,2024-02-16,130.0,2.83,0.29,128.34,0.0,-283.0,-100.0
4,ARM,C,2024-02-08,2024-02-16,135.0,1.75,0.2361,128.34,0.0,-175.0,-100.0
4,ARM,C,2024-02-08,2024-02-16,140.0,0.2,0.1917,128.34,0.0,-20.0,-100.0
4,ARM,C,2024-02-08,2024-02-16,145.0,0.78,0.1563,128.34,0.0,-78.0,-100.0
4,ARM,C,2024-02-08,2024-02-16,150.0,0.05,0.1273,128.34,0.0,-5.0,-100.0
5,COIN,C,2024-02-09,2024-03-15,50.0,91.0,0.9987,242.36,192.36,10136.0,111.4
5,COIN,C,2024-02-09,2024-03-15,70.0,72.66,0.9869,242.36,172.36,9970.0,137.2
5,COIN,C,2024-02-09,2024-03-15,75.0,67.78,0.9797,242.36,167.36,9958.0,146.9
5,COIN,C,2024-02-09,2024-03-15,80.0,61.5,0.9696,242.36,162.36,10086.0,164.0
5,COIN,C,2024-02-09,2024-03-15,85.0,59.48,0.9566,242.36,157.36,9788.0,164.6
5,COIN,C,2024-02-09,2024-03-15,90.0,53.6,0.9411,242.36,152.36,9876.0,184.3
5,COIN,C,2024-02-09,2024-03-15,95.0,48.68,0.9221,242.36,147.36,9868.0,202.7
5,COIN,C,2024-02-09,2024-03-15,100.0,43.0,0.8998,242.36,142.36,9936.0,231.1
5,COIN,C,2024-02-09,2024-03-15,105.0,39.95,0.8734,242.36,137.36,9741.0,243.8
5,COIN,C,2024-02-09,2024-03-15,110.0,33.96,0.8429,242.36,132.36,9840.0,289.8
5,COIN,C,2024-02-09,2024-03-15,115.0,30.8,0.8079,242.36,127.36,9656.0,313.5
5,COIN,C,2024-02-09,2024-03-15,120.0,27.3,0.7679,242.36,122.36,9506.0,348.2
5,COIN,C,2024-02-09,2024-03-15,125.0,23.76,0.7233,242.36,117.36,9360.0,393.9
5,COIN,C,2024-02-09,2024-03-15,130.0,20.8,0.6749,242.36,112.36,9156.0,440.2
5,COIN,C,2024-02-09,2024-03-15,135.0,17.95,0.6238,242.36,107.36,8941.0,498.1
5,COIN,C,2024-02-09,2024-03-15,140.0,15.5,0.5715,242.36,102.36,8686.0,560.4
5,COIN,C,2024-02-09,2024-03-15,145.0,13.2,0.5195,242.36,97.36,8416.0,637.6
5,COIN,C,2024-02-09,2024-03-15,150.0,11.18,0.4695,242.36,92.36,8118.0,726.1
5,COIN,C,2024-02-09,2024-03-15,155.0,8.45,0.4222,242.36,87.36,7891.0,933.8
5,COIN,C,2024-02-09,2024-03-15,160.0,8.4,0.3784,242.36,82.36,7396.0,880.5
5,COIN,C,2024-02-09,2024-03-15,165.0,7.75,0.3384,242.36,77.36,6961.0,898.2
5,COIN,C,2024-02-09,2024-03-15,170.0,5.76,0.3022,242.36,72.36,6660.0,1156.3
5,COIN,C,2024-02-09,2024-03-15,175.0,4.5,0.2697,242.36,67.36,6286.0,1396.9
5,COIN,C,2024-02-09,2024-03-15,180.0,3.99,0.2406,242.36,62.36,5837.0,1462.9
5,COIN,C,2024-02-09,2024-03-15,185.0,3.7,0.2148,242.36,57.36,5366.0,1450.3
5,COIN,C,2024-02-09,2024-03-15,190.0,2.88,0.1914,242.36,52.36,4948.0,1718.1
5,COIN,C,2024-02-09,2024-03-15,195.0,2.38,0.1705,242.36,47.36,4498.0,1889.9
5,COIN,C,2024-02-09,2024-03-15,200.0,1.99,0.1521,242.36,42.36,4037.0,2028.6
5,COIN,C,2024-02-09,2024-03-15,210.0,1.5,0.1211,242.36,32.36,3086.0,2057.3
5,COIN,C,2024-02-09,2024-03-15,220.0,1.09,0.096,242.36,22.36,2127.0,1951.4
5,COIN,C,2024-02-09,2024-03-15,230.0,0.65,0.076,242.36,12.36,1171.0,1801.5
5,COIN,C,2024-02-09,2024-03-15,240.0,0.65,0.0601,242.36,2.36,171.0,263.1
5,COIN,C,2024-02-09,2024-03-15,250.0,0.5,0.0472,242.36,0.0,-50.0,-100.0
5,COIN,C,2024-02-09,2024-03-15,260.0,0.48,0.0381,242.36,0.0,-48.0,-100.0
5,COIN,C,2024-02-09,2024-03-15,270.0,0.2,0.0293,242.36,0.0,-20.0,-100.0
5,COIN,C,2024-02-09,2024-03-15,280.0,0.28,0.0231,242.36,0.0,-28.0,-100.0
5,COIN,C,2024-02-09,2024-03-15,290.0,0.31,0.0177,242.36,0.0,-31.0,-100.0
5,COIN,C,2024-02-09,2024-03-15,300.0,0.2,0.0142,242.36,0.0,-20.0,-100.0
5,COIN,C,2024-02-09,2024-03-15,320.0,0.18,0.0084,242.36,0.0,-18.0,-100.0
5,COIN,C,2024-02-09,2024-03-15,330.0,0.15,0.0067,242.36,0.0,-15.0,-100.0
5,COIN,C,2024-02-09,2024-03-15,340.0,0.11,0.005,242.36,0.0,-11.0,-100.0
5,COIN,C,2024-02-09,2024-03-15,350.0,0.15,0.004,242.36,0.0,-15.0,-100.0
5,COIN,C,2024-02-09,2024-03-15,360.0,0.18,0.003,242.36,0.0,-18.0,-100.0
5,COIN,C,2024-02-09,2024-03-15,370.0,0.08,0.0023,242.36,0.0,-8.0,-100.0
7,GLD,C,2024-03-01,2024-04-19,150.0,42.24,0.9998,221.03,71.03,2879.0,68.2
7,GLD,C,2024-03-01,2024-04-19,174.0,18.4,0.9829,221.03,47.03,2863.0,155.6
7,GLD,C,2024-03-01,2024-04-19,175.0,19.46,0.9783,221.03,46.03,2657.0,136.5
7,GLD,C,2024-03-01,2024-04-19,176.0,16.84,0.9728,221.03,45.03,2819.0,167.4
7,GLD,C,2024-03-01,2024-04-19,180.0,13.6,0.9383,221.03,41.03,2743.0,201.7
7,GLD,C,2024-03-01,2024-04-19,181.0,10.1,0.9262,221.03,40.03,2993.0,296.3
7,GLD,C,2024-03-01,2024-04-19,182.0,10.3,0.9123,221.03,39.03,2873.0,278.9
7,GLD,C,2024-03-01,2024-04-19,183.0,9.06,0.8966,221.03,38.03,2897.0,319.8
7,GLD,C,2024-03-01,2024-04-19,184.0,10.25,0.8783,221.03,37.03,2678.0,261.3
7,GLD,C,2024-03-01,2024-04-19,185.0,7.15,0.8578,221.03,36.03,2888.0,403.9
7,GLD,C,2024-03-01,2024-04-19,186.0,5.85,0.8345,221.03,35.03,2918.0,498.8
7,GLD,C,2024-03-01,2024-04-19,187.0,5.55,0.8081,221.03,34.03,2848.0,513.2
7,GLD,C,2024-03-01,2024-04-19,188.0,4.73,0.7782,221.03,33.03,2830.0,598.3
7,GLD,C,2024-03-01,2024-04-19,189.0,4.11,0.7448,221.03,32.03,2792.0,679.3
7,GLD,C,2024-03-01,2024-04-19,190.0,3.6,0.7074,221.03,31.03,2743.0,761.9
7,GLD,C,2024-03-01,2024-04-19,191.0,2.71,0.6665,221.03,30.03,2732.0,1008.1
7,GLD,C,2024-03-01,2024-04-19,192.0,2.62,0.6224,221.03,29.03,2641.0,1008.0
7,GLD,C,2024-03-01,2024-04-19,193.0,2.22,0.5758,221.03,28.03,2581.0,1162.6
7,GLD,C,2024-03-01,2024-04-19,194.0,1.86,0.5277,221.03,27.03,2517.0,1353.2
7,GLD,C,2024-03-01,2024-04-19,195.0,1.57,0.4794,221.03,26.03,2446.0,1558.0
7,GLD,C,2024-03-01,2024-04-19,196.0,1.33,0.432,221.03,25.03,2370.0,1782.0
7,GLD,C,2024-03-01,2024-04-19,197.0,1.06,0.3866,221.03,24.03,2297.0,2167.0
7,GLD,C,2024-03-01,2024-04-19,198.0,0.92,0.3439,221.03,23.03,2211.0,2403.3
7,GLD,C,2024-03-01,2024-04-19,199.0,0.75,0.3045,221.03,22.03,2128.0,2837.3
7,GLD,C,2024-03-01,2024-04-19,200.0,0.66,0.2687,221.03,21.03,2037.0,3086.4
7,GLD,C,2024-03-01,2024-04-19,205.0,0.27,0.14,221.03,16.03,1576.0,5837.0
7,GLD,C,2024-03-01,2024-04-19,210.0,0.14,0.0711,221.03,11.03,1089.0,7778.6
7,GLD,C,2024-03-01,2024-04-19,215.0,0.08,0.0343,221.03,6.03,595.0,7437.5
7,GLD,C,2024-03-01,2024-04-19,220.0,0.05,0.0152,221.03,1.03,98.0,1960.0
7,GLD,C,2024-03-01,2024-04-19,225.0,0.08,0.0063,221.03,0.0,-8.0,-100.0
7,GLD,C,2024-03-01,2024-04-19,230.0,0.06,0.0023,221.03,0.0,-6.0,-100.0
7,GLD,C,2024-03-01,2024-04-19,235.0,0.04,0.0008,221.03,0.0,-4.0,-100.0
7,GLD,C,2024-03-01,2024-04-19,240.0,0.05,0.0002,221.03,0.0,-5.0,-100.0
7,GLD,C,2024-03-01,2024-04-19,255.0,0.03,0.0,221.03,0.0,-3.0,-100.0
9,AAPL,C,2024-06-11,2024-06-21,50.0,155.0,1.0,207.49,157.49,249.0,1.6
9,AAPL,C,2024-06-11,2024-06-21,70.0,124.06,1.0,207.49,137.49,1343.0,10.8
9,AAPL,C,2024-06-11,2024-06-21,75.0,125.0,1.0,207.49,132.49,749.0,6.0
9,AAPL,C,2024-06-11,2024-06-21,100.0,95.49,1.0,207.49,107.49,1200.0,12.6
9,AAPL,C,2024-06-11,2024-06-21,110.0,88.09,1.0,207.49,97.49,940.0,10.7
9,AAPL,C,2024-06-11,2024-06-21,115.0,88.2,1.0,207.49,92.49,429.0,4.9
9,AAPL,C,2024-06-11,2024-06-21,120.0,84.6,1.0,207.49,87.49,289.0,3.4
9,AAPL,C,2024-06-11,2024-06-21,125.0,77.88,1.0,207.49,82.49,461.0,5.9
9,AAPL,C,2024-06-11,2024-06-21,130.0,67.52,1.0,207.49,77.49,997.0,14.8
9,AAPL,C,2024-06-11,2024-06-21,135.0,58.9,1.0,207.49,72.49,1359.0,23.1
9,AAPL,C,2024-06-11,2024-06-21,140.0,60.0,1.0,207.49,67.49,749.0,12.5
9,AAPL,C,2024-06-11,2024-06-21,145.0,49.7,1.0,207.49,62.49,1279.0,25.7
9,AAPL,C,2024-06-11,2024-06-21,150.0,47.5,1.0,207.49,57.49,999.0,21.0
9,AAPL,C,2024-06-11,2024-06-21,155.0,43.45,1.0,207.49,52.49,904.0,20.8
9,AAPL,C,2024-06-11,2024-06-21,160.0,34.19,1.0,207.49,47.49,1330.0,38.9
9,AAPL,C,2024-06-11,2024-06-21,165.0,28.94,1.0,207.49,42.49,1355.0,46.8
9,AAPL,C,2024-06-11,2024-06-21,167.5,33.65,1.0,207.49,39.99,634.0,18.8
9,AAPL,C,2024-06-11,2024-06-21,170.0,24.24,0.9999,207.49,37.49,1325.0,54.7
9,AAPL,C,2024-06-11,2024-06-21,172.5,25.3,0.9996,207.49,34.99,969.0,38.3
9,AAPL,C,2024-06-11,2024-06-21,175.0,19.19,0.999,207.49,32.49,1330.0,69.3
9,AAPL,C,2024-06-11,2024-06-21,177.5,22.62,0.9977,207.49,29.99,737.0,32.6
9,AAPL,C,2024-06-11,2024-06-21,180.0,14.05,0.995,207.49,27.49,1344.0,95.7
9,AAPL,C,2024-06-11,2024-06-21,182.5,11.8,0.9901,207.49,24.99,1319.0,111.8
9,AAPL,C,2024-06-11,2024-06-21,185.0,9.79,0.9815,207.49,22.49,1270.0,129.7
9,AAPL,C,2024-06-11,2024-06-21,187.5,7.5,0.968,207.49,19.99,1249.0,166.5
9,AAPL,C,2024-06-11,2024-06-21,190.0,5.4,0.9482,207.49,17.49,1209.0,223.9
9,AAPL,C,2024-06-11,2024-06-21,192.5,3.63,0.921,207.49,14.99,1136.0,312.9
9,AAPL,C,2024-06-11,2024-06-21,195.0,2.41,0.8862,207.49,12.49,1008.0,418.3
9,AAPL,C,2024-06-11,2024-06-21,197.5,1.43,0.8419,207.49,9.99,856.0,598.6
9,AAPL,C,2024-06-11,2024-06-21,200.0,0.85,0.7819,207.49,7.49,664.0,781.2
9,AAPL,C,2024-06-11,2024-06-21,202.5,0.47,0.6958,207.49,4.99,452.0,961.7
9,AAPL,C,2024-06-11,2024-06-21,205.0,0.26,0.5802,207.49,2.49,223.0,857.7
9,AAPL,C,2024-06-11,2024-06-21,207.5,0.15,0.4552,207.49,0.0,-15.0,-100.0
9,AAPL,C,2024-06-11,2024-06-21,210.0,0.11,0.3474,207.49,0.0,-11.0,-100.0
9,AAPL,C,2024-06-11,2024-06-21,212.5,0.09,0.2635,207.49,0.0,-9.0,-100.0
9,AAPL,C,2024-06-11,2024-06-21,215.0,0.06,0.1981,207.49,0.0,-6.0,-100.0
9,AAPL,C,2024-06-11,2024-06-21,217.5,0.05,0.1454,207.49,0.0,-5.0,-100.0
9,AAPL,C,2024-06-11,2024-06-21,220.0,0.05,0.1033,207.49,0.0,-5.0,-100.0
9,AAPL,C,2024-06-11,2024-06-21,225.0,0.03,0.0468,207.49,0.0,-3.0,-100.0
9,AAPL,C,2024-06-11,2024-06-21,230.0,0.04,0.0187,207.49,0.0,-4.0,-100.0
9,AAPL,C,2024-06-11,2024-06-21,235.0,0.02,0.0067,207.49,0.0,-2.0,-100.0
9,AAPL,C,2024-06-11,2024-06-21,240.0,0.04,0.0023,207.49,0.0,-4.0,-100.0
9,AAPL,C,2024-06-11,2024-06-21,245.0,0.01,0.0007,207.49,0.0,-1.0,-100.0
9,AAPL,C,2024-06-11,2024-06-21,250.0,0.01,0.0002,207.49,0.0,-1.0,-100.0
9,AAPL,C,2024-06-11,2024-06-21,255.0,0.01,0.0,207.49,0.0,-1.0,-100.0
9,AAPL,C,2024-06-11,2024-06-21,260.0,0.01,0.0,207.49,0.0,-1.0,-100.0
9,AAPL,C,2024-06-11,2024-06-21,265.0,0.01,0.0,207.49,0.0,-1.0,-100.0
9,AAPL,C,2024-06-11,2024-06-21,270.0,0.01,0.0,207.49,0.0,-1.0,-100.0
9,AAPL,C,2024-06-11,2024-06-21,275.0,0.01,0.0,207.49,0.0,-1.0,-100.0
9,AAPL,C,2024-06-11,2024-06-21,280.0,0.01,0.0,207.49,0.0,-1.0,-100.0
9,AAPL,C,2024-06-11,2024-06-21,300.0,0.01,0.0,207.49,0.0,-1.0,-100.0
9,AAPL,C,2024-06-11,2024-06-21,320.0,0.01,0.0,207.49,0.0,-1.0,-100.0
10,BRKB,C,2024-07-11,2024-08-16,375.0,42.25,0.9591,444.04,69.04,2679.0,63.4
10,BRKB,C,2024-07-11,2024-08-16,390.0,28.08,0.8898,444.04,54.04,2596.0,92.5
10,BRKB,C,2024-07-11,2024-08-16,395.0,24.5,0.8548,444.04,49.04,2454.0,100.2
10,BRKB,C,2024-07-11,2024-08-16,400.0,18.0,0.8122,444.04,44.04,2604.0,144.7
10,BRKB,C,2024-07-11,2024-08-16,405.0,14.55,0.7593,444.04,39.04,2449.0,168.3
10,BRKB,C,2024-07-11,2024-08-16,410.0,11.0,0.6916,444.04,34.04,2304.0,209.5
10,BRKB,C,2024-07-11,2024-08-16,415.0,7.25,0.6034,444.04,29.04,2179.0,300.6
10,BRKB,C,2024-07-11,2024-08-16,420.0,5.1,0.494,444.04,24.04,1894.0,371.4
10,BRKB,C,2024-07-11,2024-08-16,425.0,3.25,0.3758,444.04,19.04,1579.0,485.8
10,BRKB,C,2024-07-11,2024-08-16,430.0,2.28,0.2695,444.04,14.04,1176.0,515.8
10,BRKB,C,2024-07-11,2024-08-16,435.0,1.33,0.1881,444.04,9.04,771.0,579.7
10,BRKB,C,2024-07-11,2024-08-16,440.0,0.75,0.13,444.04,4.04,329.0,438.7
10,BRKB,C,2024-07-11,2024-08-16,445.0,0.57,0.0893,444.04,0.0,-57.0,-100.0
10,BRKB,C,2024-07-11,2024-08-16,450.0,0.34,0.0602,444.04,0.0,-34.0,-100.0
10,BRKB,C,2024-07-11,2024-08-16,495.0,0.01,0.0002,444.04,0.0,-1.0,-100.0
11,IWM,C,2024-07-11,2024-07-19,100.0,110.24,1.0,216.84,116.84,660.0,6.0
11,IWM,C,2024-07-11,2024-07-19,150.0,59.55,1.0,216.84,66.84,729.0,12.2
11,IWM,C,2024-07-11,2024-07-19,160.0,50.39,1.0,216.84,56.84,645.0,12.8
11,IWM,C,2024-07-11,2024-07-19,175.0,33.05,1.0,216.84,41.84,879.0,26.6
11,IWM,C,2024-07-11,2024-07-19,180.0,27.23,0.9998,216.84,36.84,961.0,35.3
11,IWM,C,2024-07-11,2024-07-19,182.0,29.28,0.9995,216.84,34.84,556.0,19.0
11,IWM,C,2024-07-11,2024-07-19,185.0,23.07,0.9982,216.84,31.84,877.0,38.0
11,IWM,C,2024-07-11,2024-07-19,190.0,18.14,0.9913,216.84,26.84,870.0,48.0
11,IWM,C,2024-07-11,2024-07-19,192.0,19.07,0.9861,216.84,24.84,577.0,30.3
11,IWM,C,2024-07-11,2024-07-19,193.0,17.98,0.9834,216.84,23.84,586.0,32.6
11,IWM,C,2024-07-11,2024-07-19,194.0,13.92,0.9782,216.84,22.84,892.0,64.1
11,IWM,C,2024-07-11,2024-07-19,195.0,13.21,0.9737,216.84,21.84,863.0,65.3
11,IWM,C,2024-07-11,2024-07-19,196.0,12.0,0.9679,216.84,20.84,884.0,73.7
11,IWM,C,2024-07-11,2024-07-19,197.0,12.68,0.9608,216.84,19.84,716.0,56.5
11,IWM,C,2024-07-11,2024-07-19,198.0,9.7,0.9535,216.84,18.84,914.0,94.2
11,IWM,C,2024-07-11,2024-07-19,199.0,9.3,0.9442,216.84,17.84,854.0,91.8
11,IWM,C,2024-07-11,2024-07-19,200.0,8.4,0.934,216.84,16.84,844.0,100.5
11,IWM,C,2024-07-11,2024-07-19,201.0,7.36,0.922,216.84,15.84,848.0,115.2
11,IWM,C,2024-07-11,2024-07-19,202.0,6.61,0.9074,216.84,14.84,823.0,124.5
11,IWM,C,2024-07-11,2024-07-19,203.0,5.16,0.8903,216.84,13.84,868.0,168.2
11,IWM,C,2024-07-11,2024-07-19,204.0,4.77,0.869,216.84,12.84,807.0,169.2
11,IWM,C,2024-07-11,2024-07-19,205.0,3.74,0.8418,216.84,11.84,810.0,216.6
11,IWM,C,2024-07-11,2024-07-19,206.0,3.36,0.8082,216.84,10.84,748.0,222.6
11,IWM,C,2024-07-11,2024-07-19,207.0,2.74,0.7664,216.84,9.84,710.0,259.1
11,IWM,C,2024-07-11,2024-07-19,208.0,2.12,0.7167,216.84,8.84,672.0,317.0
11,IWM,C,2024-07-11,2024-07-19,209.0,1.71,0.6597,216.84,7.84,613.0,358.5
11,IWM,C,2024-07-11,2024-07-19,210.0,1.24,0.5977,216.84,6.84,560.0,451.6
11,IWM,C,2024-07-11,2024-07-19,211.0,1.0,0.5334,216.84,5.84,484.0,484.0
11,IWM,C,2024-07-11,2024-07-19,212.0,0.78,0.4699,216.84,4.84,406.0,520.5
11,IWM,C,2024-07-11,2024-07-19,213.0,0.55,0.4093,216.84,3.84,329.0,598.2
11,IWM,C,2024-07-11,2024-07-19,214.0,0.38,0.3535,216.84,2.84,246.0,647.4
11,IWM,C,2024-07-11,2024-07-19,215.0,0.29,0.303,216.84,1.84,155.0,534.5
11,IWM,C,2024-07-11,2024-07-19,216.0,0.22,0.2581,216.84,0.84,62.0,281.8
11,IWM,C,2024-07-11,2024-07-19,217.0,0.18,0.2188,216.84,0.0,-18.0,-100.0
11,IWM,C,2024-07-11,2024-07-19,218.0,0.14,0.1845,216.84,0.0,-14.0,-100.0
11,IWM,C,2024-07-11,2024-07-19,219.0,0.09,0.1546,216.84,0.0,-9.0,-100.0
11,IWM,C,2024-07-11,2024-07-19,220.0,0.07,0.1291,216.84,0.0,-7.0,-100.0
11,IWM,C,2024-07-11,2024-07-19,222.0,0.05,0.0883,216.84,0.0,-5.0,-100.0
11,IWM,C,2024-07-11,2024-07-19,224.0,0.08,0.0594,216.84,0.0,-8.0,-100.0
11,IWM,C,2024-07-11,2024-07-19,225.0,0.05,0.0483,216.84,0.0,-5.0,-100.0
11,IWM,C,2024-07-11,2024-07-19,226.0,0.09,0.0393,216.84,0.0,-9.0,-100.0
11,IWM,C,2024-07-11,2024-07-19,230.0,0.02,0.0155,216.84,0.0,-2.0,-100.0
11,IWM,C,2024-07-11,2024-07-19,235.0,0.03,0.0042,216.84,0.0,-3.0,-100.0
11,IWM,C,2024-07-11,2024-07-19,240.0,0.02,0.0009,216.84,0.0,-2.0,-100.0
11,IWM,C,2024-07-11,2024-07-19,245.0,0.02,0.0001,216.84,0.0,-2.0,-100.0
11,IWM,C,2024-07-11,2024-07-19,250.0,0.01,0.0,216.84,0.0,-1.0,-100.0
11,IWM,C,2024-07-11,2024-07-19,255.0,0.01,0.0,216.84,0.0,-1.0,-100.0
11,IWM,C,2024-07-11,2024-07-19,260.0,0.01,0.0,216.84,0.0,-1.0,-100.0
11,IWM,C,2024-07-11,2024-07-19,265.0,0.01,0.0,216.84,0.0,-1.0,-100.0
12,GEV,C,2024-08-29,2024-09-20,170.0,23.87,0.8864,245.46,75.46,5159.0,216.1
12,GEV,C,2024-08-29,2024-09-20,175.0,17.1,0.8322,245.46,70.46,5336.0,312.0
12,GEV,C,2024-08-29,2024-09-20,180.0,13.25,0.7618,245.46,65.46,5221.0,394.0
12,GEV,C,2024-08-29,2024-09-20,185.0,10.05,0.6728,245.46,60.46,5041.0,501.6
12,GEV,C,2024-08-29,2024-09-20,190.0,7.0,0.5707,245.46,55.46,4846.0,692.3
12,GEV,C,2024-08-29,2024-09-20,195.0,4.39,0.4633,245.46,50.46,4607.0,1049.4
12,GEV,C,2024-08-29,2024-09-20,200.0,3.4,0.3608,245.46,45.46,4206.0,1237.1
12,GEV,C,2024-08-29,2024-09-20,210.0,1.25,0.1951,245.46,35.46,3421.0,2736.8
12,GEV,C,2024-08-29,2024-09-20,220.0,0.3,0.0898,245.46,25.46,2516.0,8386.7
12,GEV,C,2024-08-29,2024-09-20,230.0,0.33,0.0344,245.46,15.46,1513.0,4584.8
13,APP,C,2024-09-11,2024-09-20,62.5,33.4,1.0,126.09,63.59,3019.0,90.4
13,APP,C,2024-09-11,2024-09-20,65.0,32.9,1.0,126.09,61.09,2819.0,85.7
13,APP,C,2024-09-11,2024-09-20,70.0,24.54,0.9998,126.09,56.09,3155.0,128.6
13,APP,C,2024-09-11,2024-09-20,72.5,22.08,0.9993,126.09,53.59,3151.0,142.7
13,APP,C,2024-09-11,2024-09-20,75.0,16.52,0.9969,126.09,51.09,3457.0,209.3
13,APP,C,2024-09-11,2024-09-20,77.5,15.3,0.9939,126.09,48.59,3329.0,217.6
13,APP,C,2024-09-11,2024-09-20,80.0,9.9,0.9805,126.09,46.09,3619.0,365.6
13,APP,C,2024-09-11,2024-09-20,82.0,10.3,0.9639,126.09,44.09,3379.0,328.1
13,APP,C,2024-09-11,2024-09-20,82.5,9.45,0.9591,126.09,43.59,3414.0,361.3
13,APP,C,2024-09-11,2024-09-20,83.0,7.0,0.9543,126.09,43.09,3609.0,515.6
13,APP,C,2024-09-11,2024-09-20,84.0,6.2,0.9432,126.09,42.09,3589.0,578.9
13,APP,C,2024-09-11,2024-09-20,85.0,5.0,0.9313,126.09,41.09,3609.0,721.8
13,APP,C,2024-09-11,2024-09-20,86.0,4.81,0.9166,126.09,40.09,3528.0,733.5
13,APP,C,2024-09-11,2024-09-20,87.0,4.1,0.8999,126.09,39.09,3499.0,853.4
13,APP,C,2024-09-11,2024-09-20,87.5,5.7,0.8905,126.09,38.59,3289.0,577.0
13,APP,C,2024-09-11,2024-09-20,88.0,3.0,0.8805,126.09,38.09,3509.0,1169.7
13,APP,C,2024-09-11,2024-09-20,89.0,2.92,0.858,126.09,37.09,3417.0,1170.2
13,APP,C,2024-09-11,2024-09-20,90.0,2.6,0.8313,126.09,36.09,3349.0,1288.1
13,APP,C,2024-09-11,2024-09-20,91.0,2.2,0.8013,126.09,35.09,3289.0,1495.0
13,APP,C,2024-09-11,2024-09-20,92.0,2.8,0.7669,126.09,34.09,3129.0,1117.5
13,APP,C,2024-09-11,2024-09-20,92.5,3.85,0.7486,126.09,33.59,2974.0,772.5
13,APP,C,2024-09-11,2024-09-20,93.0,2.4,0.7286,126.09,33.09,3069.0,1278.8
13,APP,C,2024-09-11,2024-09-20,94.0,0.86,0.6865,126.09,32.09,3123.0,3631.4
13,APP,C,2024-09-11,2024-09-20,95.0,0.85,0.6408,126.09,31.09,3024.0,3557.6
13,APP,C,2024-09-11,2024-09-20,96.0,1.31,0.5919,126.09,30.09,2878.0,2196.9
13,APP,C,2024-09-11,2024-09-20,97.5,0.9,0.5149,126.09,28.59,2769.0,3076.7
13,APP,C,2024-09-11,2024-09-20,100.0,0.25,0.3854,126.09,26.09,2584.0,10336.0
13,APP,C,2024-09-11,2024-09-20,105.0,0.16,0.1793,126.09,21.09,2093.0,13081.3
13,APP,C,2024-09-11,2024-09-20,110.0,0.05,0.0713,126.09,16.09,1604.0,32080.0
14,BABA,C,2024-09-19,2024-10-18,65.0,22.5,0.9993,102.43,37.43,1493.0,66.4
14,BABA,C,2024-09-19,2024-10-18,70.0,18.05,0.9933,102.43,32.43,1438.0,79.7
14,BABA,C,2024-09-19,2024-10-18,72.5,15.7,0.9839,102.43,29.93,1423.0,90.6
14,BABA,C,2024-09-19,2024-10-18,75.0,12.8,0.9663,102.43,27.43,1463.0,114.3
14,BABA,C,2024-09-19,2024-10-18,77.5,10.07,0.9373,102.43,24.93,1486.0,147.6
14,BABA,C,2024-09-19,2024-10-18,80.0,8.25,0.8918,102.43,22.43,1418.0,171.9
14,BABA,C,2024-09-19,2024-10-18,82.5,6.1,0.8253,102.43,19.93,1383.0,226.7
14,BABA,C,2024-09-19,2024-10-18,85.0,4.4,0.7287,102.43,17.43,1303.0,296.1
14,BABA,C,2024-09-19,2024-10-18,90.0,1.9,0.4516,102.43,12.43,1053.0,554.2
14,BABA,C,2024-09-19,2024-10-18,95.0,0.8,0.2237,102.43,7.43,663.0,828.8
14,BABA,C,2024-09-19,2024-10-18,100.0,0.32,0.1054,102.43,2.43,211.0,659.4
14,BABA,C,2024-09-19,2024-10-18,105.0,0.41,0.0466,102.43,0.0,-41.0,-100.0
14,BABA,C,2024-09-19,2024-10-18,110.0,0.07,0.019,102.43,0.0,-7.0,-100.0
14,BABA,C,2024-09-19,2024-10-18,115.0,0.06,0.0073,102.43,0.0,-6.0,-100.0
14,BABA,C,2024-09-19,2024-10-18,125.0,0.02,0.0006,102.43,0.0,-2.0,-100.0
14,BABA,C,2024-09-19,2024-10-18,130.0,0.02,0.0001,102.43,0.0,-2.0,-100.0
15,MSTR,C,2024-10-11,2024-10-18,42.0,167.85,1.0,215.86,173.86,601.0,3.6
15,MSTR,C,2024-10-11,2024-10-18,70.0,123.77,1.0,215.86,145.86,2209.0,17.8
15,MSTR,C,2024-10-11,2024-10-18,82.0,122.8,1.0,215.86,133.86,1106.0,9.0
15,MSTR,C,2024-10-11,2024-10-18,90.0,103.9,1.0,215.86,125.86,2196.0,21.1
15,MSTR,C,2024-10-11,2024-10-18,100.0,100.0,1.0,215.86,115.86,1586.0,15.9
15,MSTR,C,2024-10-11,2024-10-18,110.0,85.2,1.0,215.86,105.86,2066.0,24.2
15,MSTR,C,2024-10-11,2024-10-18,120.0,77.5,1.0,215.86,95.86,1836.0,23.7
15,MSTR,C,2024-10-11,2024-10-18,123.0,73.34,1.0,215.86,92.86,1952.0,26.6
15,MSTR,C,2024-10-11,2024-10-18,124.0,74.02,1.0,215.86,91.86,1784.0,24.1
15,MSTR,C,2024-10-11,2024-10-18,125.0,72.48,1.0,215.86,90.86,1838.0,25.4
15,MSTR,C,2024-10-11,2024-10-18,127.0,83.88,0.9999,215.86,88.86,498.0,5.9
15,MSTR,C,2024-10-11,2024-10-18,128.0,68.1,0.9998,215.86,87.86,1976.0,29.0
15,MSTR,C,2024-10-11,2024-10-18,129.0,74.8,0.9998,215.86,86.86,1206.0,16.1
15,MSTR,C,2024-10-11,2024-10-18,130.0,57.7,0.9998,215.86,85.86,2816.0,48.8
15,MSTR,C,2024-10-11,2024-10-18,131.0,63.8,0.9997,215.86,84.86,2106.0,33.0
15,MSTR,C,2024-10-11,2024-10-18,132.0,66.12,0.9997,215.86,83.86,1774.0,26.8
15,MSTR,C,2024-10-11,2024-10-18,133.0,63.1,0.9997,215.86,82.86,1976.0,31.3
15,MSTR,C,2024-10-11,2024-10-18,135.0,58.0,0.9996,215.86,80.86,2286.0,39.4
15,MSTR,C,2024-10-11,2024-10-18,136.0,59.0,0.9995,215.86,79.86,2086.0,35.4
15,MSTR,C,2024-10-11,2024-10-18,137.0,66.55,0.9995,215.86,78.86,1231.0,18.5
15,MSTR,C,2024-10-11,2024-10-18,138.0,58.05,0.9994,215.86,77.86,1981.0,34.1
15,MSTR,C,2024-10-11,2024-10-18,139.0,66.9,0.9994,215.86,76.86,996.0,14.9
15,MSTR,C,2024-10-11,2024-10-18,140.0,55.96,0.9993,215.86,75.86,1990.0,35.6
15,MSTR,C,2024-10-11,2024-10-18,141.0,55.4,0.9993,215.86,74.86,1946.0,35.1
15,MSTR,C,2024-10-11,2024-10-18,142.0,66.0,0.9992,215.86,73.86,786.0,11.9
15,MSTR,C,2024-10-11,2024-10-18,144.0,58.16,0.999,215.86,71.86,1370.0,23.6
15,MSTR,C,2024-10-11,2024-10-18,145.0,46.7,0.9989,215.86,70.86,2416.0,51.7
15,MSTR,C,2024-10-11,2024-10-18,146.0,52.5,0.9987,215.86,69.86,1736.0,33.1
15,MSTR,C,2024-10-11,2024-10-18,147.0,57.5,0.9986,215.86,68.86,1136.0,19.8
15,MSTR,C,2024-10-11,2024-10-18,148.0,56.5,0.9984,215.86,67.86,1136.0,20.1
15,MSTR,C,2024-10-11,2024-10-18,150.0,41.85,0.9979,215.86,65.86,2401.0,57.4
15,MSTR,C,2024-10-11,2024-10-18,152.0,52.4,0.9972,215.86,63.86,1146.0,21.9
15,MSTR,C,2024-10-11,2024-10-18,152.5,42.5,0.997,215.86,63.36,2086.0,49.1
15,MSTR,C,2024-10-11,2024-10-18,154.0,41.43,0.9963,215.86,61.86,2043.0,49.3
15,MSTR,C,2024-10-11,2024-10-18,155.0,39.09,0.9957,215.86,60.86,2177.0,55.7
15,MSTR,C,2024-10-11,2024-10-18,156.0,48.34,0.9951,215.86,59.86,1152.0,23.8
15,MSTR,C,2024-10-11,2024-10-18,157.5,38.45,0.9939,215.86,58.36,1991.0,51.8
15,MSTR,C,2024-10-11,2024-10-18,158.0,44.0,0.9935,215.86,57.86,1386.0,31.5
15,MSTR,C,2024-10-11,2024-10-18,160.0,33.7,0.9915,215.86,55.86,2216.0,65.8
15,MSTR,C,2024-10-11,2024-10-18,162.0,33.28,0.989,215.86,53.86,2058.0,61.8
15,MSTR,C,2024-10-11,2024-10-18,164.0,32.01,0.9858,215.86,51.86,1985.0,62.0
15,MSTR,C,2024-10-11,2024-10-18,165.0,27.5,0.984,215.86,50.86,2336.0,84.9
15,MSTR,C,2024-10-11,2024-10-18,166.0,34.62,0.982,215.86,49.86,1524.0,44.0
15,MSTR,C,2024-10-11,2024-10-18,167.5,37.99,0.9782,215.86,48.36,1037.0,27.3
15,MSTR,C,2024-10-11,2024-10-18,168.0,22.34,0.9772,215.86,47.86,2552.0,114.2
15,MSTR,C,2024-10-11,2024-10-18,170.0,20.72,0.9715,215.86,45.86,2514.0,121.3
15,MSTR,C,2024-10-11,2024-10-18,172.0,24.79,0.9647,215.86,43.86,1907.0,76.9
15,MSTR,C,2024-10-11,2024-10-18,172.5,30.77,0.9629,215.86,43.36,1259.0,40.9
15,MSTR,C,2024-10-11,2024-10-18,174.0,22.25,0.9569,215.86,41.86,1961.0,88.1
15,MSTR,C,2024-10-11,2024-10-18,175.0,20.0,0.9526,215.86,40.86,2086.0,104.3
15,MSTR,C,2024-10-11,2024-10-18,176.0,18.25,0.9477,215.86,39.86,2161.0,118.4
15,MSTR,C,2024-10-11,2024-10-18,177.5,16.05,0.9402,215.86,38.36,2231.0,139.0
15,MSTR,C,2024-10-11,2024-10-18,178.0,16.25,0.9372,215.86,37.86,2161.0,133.0
15,MSTR,C,2024-10-11,2024-10-18,180.0,13.39,0.9252,215.86,35.86,2247.0,167.8
15,MSTR,C,2024-10-11,2024-10-18,182.0,12.19,0.9119,215.86,33.86,2167.0,177.8
15,MSTR,C,2024-10-11,2024-10-18,182.5,12.4,0.908,215.86,33.36,2096.0,169.0
15,MSTR,C,2024-10-11,2024-10-18,184.0,10.15,0.8967,215.86,31.86,2171.0,213.9
15,MSTR,C,2024-10-11,2024-10-18,185.0,10.74,0.8883,215.86,30.86,2012.0,187.3
15,MSTR,C,2024-10-11,2024-10-18,186.0,10.0,0.8798,215.86,29.86,1986.0,198.6
15,MSTR,C,2024-10-11,2024-10-18,187.5,10.25,0.866,215.86,28.36,1811.0,176.7
15,MSTR,C,2024-10-11,2024-10-18,188.0,9.2,0.8613,215.86,27.86,1866.0,202.8
15,MSTR,C,2024-10-11,2024-10-18,190.0,8.1,0.8411,215.86,25.86,1776.0,219.3
15,MSTR,C,2024-10-11,2024-10-18,192.0,7.43,0.8192,215.86,23.86,1643.0,221.1
15,MSTR,C,2024-10-11,2024-10-18,194.0,6.45,0.7956,215.86,21.86,1541.0,238.9
15,MSTR,C,2024-10-11,2024-10-18,195.0,6.0,0.7833,215.86,20.86,1486.0,247.7
15,MSTR,C,2024-10-11,2024-10-18,196.0,6.6,0.7705,215.86,19.86,1326.0,200.9
15,MSTR,C,2024-10-11,2024-10-18,198.0,5.15,0.7438,215.86,17.86,1271.0,246.8
15,MSTR,C,2024-10-11,2024-10-18,200.0,4.55,0.7154,215.86,15.86,1131.0,248.6
15,MSTR,C,2024-10-11,2024-10-18,202.5,4.05,0.6783,215.86,13.36,931.0,229.9
15,MSTR,C,2024-10-11,2024-10-18,205.0,2.44,0.6395,215.86,10.86,842.0,345.1
15,MSTR,C,2024-10-11,2024-10-18,207.5,3.75,0.5996,215.86,8.36,461.0,122.9
15,MSTR,C,2024-10-11,2024-10-18,210.0,2.4,0.5591,215.86,5.86,346.0,144.2
15,MSTR,C,2024-10-11,2024-10-18,212.5,2.25,0.5185,215.86,3.36,111.0,49.3
15,MSTR,C,2024-10-11,2024-10-18,215.0,2.0,0.4786,215.86,0.86,-114.0,-57.0
15,MSTR,C,2024-10-11,2024-10-18,217.5,1.8,0.4397,215.86,0.0,-180.0,-100.0
15,MSTR,C,2024-10-11,2024-10-18,220.0,1.05,0.4022,215.86,0.0,-105.0,-100.0
15,MSTR,C,2024-10-11,2024-10-18,222.5,1.5,0.3665,215.86,0.0,-150.0,-100.0
15,MSTR,C,2024-10-11,2024-10-18,225.0,1.15,0.3328,215.86,0.0,-115.0,-100.0
15,MSTR,C,2024-10-11,2024-10-18,227.5,1.0,0.3015,215.86,0.0,-100.0,-100.0
15,MSTR,C,2024-10-11,2024-10-18,230.0,0.85,0.2721,215.86,0.0,-85.0,-100.0
15,MSTR,C,2024-10-11,2024-10-18,232.5,0.94,0.2451,215.86,0.0,-94.0,-100.0
15,MSTR,C,2024-10-11,2024-10-18,235.0,0.56,0.22,215.86,0.0,-56.0,-100.0
15,MSTR,C,2024-10-11,2024-10-18,237.5,0.67,0.1968,215.86,0.0,-67.0,-100.0
15,MSTR,C,2024-10-11,2024-10-18,240.0,0.5,0.1756,215.86,0.0,-50.0,-100.0
15,MSTR,C,2024-10-11,2024-10-18,242.5,0.35,0.1564,215.86,0.0,-35.0,-100.0
15,MSTR,C,2024-10-11,2024-10-18,245.0,0.31,0.1389,215.86,0.0,-31.0,-100.0
15,MSTR,C,2024-10-11,2024-10-18,247.5,0.32,0.1228,215.86,0.0,-32.0,-100.0
15,MSTR,C,2024-10-11,2024-10-18,250.0,0.25,0.1083,215.86,0.0,-25.0,-100.0
15,MSTR,C,2024-10-11,2024-10-18,252.5,0.3,0.0956,215.86,0.0,-30.0,-100.0
15,MSTR,C,2024-10-11,2024-10-18,255.0,0.31,0.0837,215.86,0.0,-31.0,-100.0
15,MSTR,C,2024-10-11,2024-10-18,257.5,0.27,0.0732,215.86,0.0,-27.0,-100.0
15,MSTR,C,2024-10-11,2024-10-18,260.0,0.3,0.0637,215.86,0.0,-30.0,-100.0
15,MSTR,C,2024-10-11,2024-10-18,265.0,0.35,0.0481,215.86,0.0,-35.0,-100.0
15,MSTR,C,2024-10-11,2024-10-18,270.0,0.02,0.0357,215.86,0.0,-2.0,-100.0
15,MSTR,C,2024-10-11,2024-10-18,275.0,0.13,0.0262,215.86,0.0,-13.0,-100.0
15,MSTR,C,2024-10-11,2024-10-18,280.0,0.14,0.0191,215.86,0.0,-14.0,-100.0
15,MSTR,C,2024-10-11,2024-10-18,285.0,0.24,0.0137,215.86,0.0,-24.0,-100.0
15,MSTR,C,2024-10-11,2024-10-18,290.0,0.1,0.0097,215.86,0.0,-10.0,-100.0
15,MSTR,C,2024-10-11,2024-10-18,295.0,0.13,0.0069,215.86,0.0,-13.0,-100.0
15,MSTR,C,2024-10-11,2024-10-18,300.0,0.07,0.0047,215.86,0.0,-7.0,-100.0
15,MSTR,C,2024-10-11,2024-10-18,305.0,0.14,0.0033,215.86,0.0,-14.0,-100.0
15,MSTR,C,2024-10-11,2024-10-18,310.0,0.1,0.0022,215.86,0.0,-10.0,-100.0
15,MSTR,C,2024-10-11,2024-10-18,315.0,0.11,0.0015,215.86,0.0,-11.0,-100.0
15,MSTR,C,2024-10-11,2024-10-18,320.0,0.1,0.001,215.86,0.0,-10.0,-100.0
15,MSTR,C,2024-10-11,2024-10-18,330.0,0.08,0.0004,215.86,0.0,-8.0,-100.0
15,MSTR,C,2024-10-11,2024-10-18,335.0,0.03,0.0003,215.86,0.0,-3.0,-100.0
15,MSTR,C,2024-10-11,2024-10-18,340.0,0.03,0.0002,215.86,0.0,-3.0,-100.0
15,MSTR,C,2024-10-11,2024-10-18,350.0,0.03,0.0001,215.86,0.0,-3.0,-100.0
15,MSTR,C,2024-10-11,2024-10-18,355.0,0.03,0.0,215.86,0.0,-3.0,-100.0
15,MSTR,C,2024-10-11,2024-10-18,370.0,0.01,0.0,215.86,0.0,-1.0,-100.0
15,MSTR,C,2024-10-11,2024-10-18,380.0,0.02,0.0,215.86,0.0,-2.0,-100.0
15,MSTR,C,2024-10-11,2024-10-18,390.0,0.02,0.0,215.86,0.0,-2.0,-100.0
16,DJT,C,2024-10-22,2024-11-22,2.5,29.2,1.0,30.77,28.27,-93.0,-3.2
16,DJT,C,2024-10-22,2024-11-22,5.0,27.0,0.9961,30.77,25.77,-123.0,-4.6
16,DJT,C,2024-10-22,2024-11-22,9.0,25.68,0.9682,30.77,21.77,-391.0,-15.2
16,DJT,C,2024-10-22,2024-11-22,15.5,19.56,0.9031,30.77,15.27,-429.0,-21.9
16,DJT,C,2024-10-22,2024-11-22,18.5,18.0,0.8661,30.77,12.27,-573.0,-31.8
16,DJT,C,2024-10-22,2024-11-22,19.5,17.02,0.8531,30.77,11.27,-575.0,-33.8
16,DJT,C,2024-10-22,2024-11-22,20.0,15.94,0.8462,30.77,10.77,-517.0,-32.4
16,DJT,C,2024-10-22,2024-11-22,20.5,16.5,0.8394,30.77,10.27,-623.0,-37.8
16,DJT,C,2024-10-22,2024-11-22,21.0,16.5,0.8324,30.77,9.77,-673.0,-40.8
16,DJT,C,2024-10-22,2024-11-22,22.0,15.0,0.8183,30.77,8.77,-623.0,-41.5
16,DJT,C,2024-10-22,2024-11-22,24.0,13.98,0.7892,30.77,6.77,-721.0,-51.6
16,DJT,C,2024-10-22,2024-11-22,25.0,13.21,0.7744,30.77,5.77,-744.0,-56.3
16,DJT,C,2024-10-22,2024-11-22,26.0,12.6,0.7594,30.77,4.77,-783.0,-62.1
16,DJT,C,2024-10-22,2024-11-22,27.0,12.34,0.7442,30.77,3.77,-857.0,-69.4
16,DJT,C,2024-10-22,2024-11-22,27.5,12.82,0.7366,30.77,3.27,-955.0,-74.5
16,DJT,C,2024-10-22,2024-11-22,28.0,12.0,0.729,30.77,2.77,-923.0,-76.9
16,DJT,C,2024-10-22,2024-11-22,29.0,12.0,0.7138,30.77,1.77,-1023.0,-85.2
16,DJT,C,2024-10-22,2024-11-22,29.5,11.26,0.7062,30.77,1.27,-999.0,-88.7
16,DJT,C,2024-10-22,2024-11-22,30.0,10.85,0.6986,30.77,0.77,-1008.0,-92.9
16,DJT,C,2024-10-22,2024-11-22,30.5,11.26,0.6911,30.77,0.27,-1099.0,-97.6
16,DJT,C,2024-10-22,2024-11-22,31.0,11.3,0.6834,30.77,0.0,-1130.0,-100.0
16,DJT,C,2024-10-22,2024-11-22,31.5,10.0,0.6759,30.77,0.0,-1000.0,-100.0
16,DJT,C,2024-10-22,2024-11-22,32.0,9.8,0.6684,30.77,0.0,-980.0,-100.0
16,DJT,C,2024-10-22,2024-11-22,32.5,10.25,0.661,30.77,0.0,-1025.0,-100.0
16,DJT,C,2024-10-22,2024-11-22,33.0,10.2,0.6535,30.77,0.0,-1020.0,-100.0
16,DJT,C,2024-10-22,2024-11-22,33.5,9.89,0.6459,30.77,0.0,-989.0,-100.0
16,DJT,C,2024-10-22,2024-11-22,34.0,9.0,0.6386,30.77,0.0,-900.0,-100.0
16,DJT,C,2024-10-22,2024-11-22,34.5,10.0,0.6312,30.77,0.0,-1000.0,-100.0
16,DJT,C,2024-10-22,2024-11-22,35.0,9.3,0.6241,30.77,0.0,-930.0,-100.0
16,DJT,C,2024-10-22,2024-11-22,36.0,8.55,0.6096,30.77,0.0,-855.0,-100.0
16,DJT,C,2024-10-22,2024-11-22,37.0,8.72,0.5954,30.77,0.0,-872.0,-100.0
16,DJT,C,2024-10-22,2024-11-22,37.5,8.94,0.5885,30.77,0.0,-894.0,-100.0
16,DJT,C,2024-10-22,2024-11-22,38.0,8.9,0.5815,30.77,0.0,-890.0,-100.0
16,DJT,C,2024-10-22,2024-11-22,39.0,8.24,0.5675,30.77,0.0,-824.0,-100.0
16,DJT,C,2024-10-22,2024-11-22,39.5,8.0,0.5605,30.77,0.0,-800.0,-100.0
16,DJT,C,2024-10-22,2024-11-22,40.0,7.1,0.5541,30.77,0.0,-710.0,-100.0
16,DJT,C,2024-10-22,2024-11-22,41.0,7.55,0.5409,30.77,0.0,-755.0,-100.0
16,DJT,C,2024-10-22,2024-11-22,42.0,6.94,0.5278,30.77,0.0,-694.0,-100.0
16,DJT,C,2024-10-22,2024-11-22,43.0,7.0,0.5149,30.77,0.0,-700.0,-100.0
16,DJT,C,2024-10-22,2024-11-22,44.0,6.7,0.5026,30.77,0.0,-670.0,-100.0
16,DJT,C,2024-10-22,2024-11-22,45.0,6.7,0.4903,30.77,0.0,-670.0,-100.0
16,DJT,C,2024-10-22,2024-11-22,48.0,5.98,0.4553,30.77,0.0,-598.0,-100.0
16,DJT,C,2024-10-22,2024-11-22,49.0,6.02,0.4439,30.77,0.0,-602.0,-100.0
16,DJT,C,2024-10-22,2024-11-22,50.0,6.4,0.4333,30.77,0.0,-640.0,-100.0
17,PLTR,C,2024-11-05,2024-12-20,5.0,44.0,1.0,80.55,75.55,3155.0,71.7
17,PLTR,C,2024-11-05,2024-12-20,8.0,43.25,1.0,80.55,72.55,2930.0,67.7
17,PLTR,C,2024-11-05,2024-12-20,10.0,38.92,1.0,80.55,70.55,3163.0,81.3
17,PLTR,C,2024-11-05,2024-12-20,13.0,37.26,1.0,80.55,67.55,3029.0,81.3
17,PLTR,C,2024-11-05,2024-12-20,14.0,36.93,1.0,80.55,66.55,2962.0,80.2
17,PLTR,C,2024-11-05,2024-12-20,15.0,32.81,1.0,80.55,65.55,3274.0,99.8
17,PLTR,C,2024-11-05,2024-12-20,16.0,33.85,1.0,80.55,64.55,3070.0,90.7
17,PLTR,C,2024-11-05,2024-12-20,17.0,33.0,1.0,80.55,63.55,3055.0,92.6
17,PLTR,C,2024-11-05,2024-12-20,18.0,31.94,1.0,80.55,62.55,3061.0,95.8
17,PLTR,C,2024-11-05,2024-12-20,20.0,27.6,1.0,80.55,60.55,3295.0,119.4
17,PLTR,C,2024-11-05,2024-12-20,21.0,28.7,1.0,80.55,59.55,3085.0,107.5
17,PLTR,C,2024-11-05,2024-12-20,22.0,27.9,1.0,80.55,58.55,3065.0,109.9
17,PLTR,C,2024-11-05,2024-12-20,23.0,25.75,1.0,80.55,57.55,3180.0,123.5
17,PLTR,C,2024-11-05,2024-12-20,24.0,26.16,1.0,80.55,56.55,3039.0,116.2
17,PLTR,C,2024-11-05,2024-12-20,25.0,22.75,0.9999,80.55,55.55,3280.0,144.2
17,PLTR,C,2024-11-05,2024-12-20,26.0,22.45,0.9999,80.55,54.55,3210.0,143.0
17,PLTR,C,2024-11-05,2024-12-20,27.0,20.6,0.9997,80.55,53.55,3295.0,160.0
17,PLTR,C,2024-11-05,2024-12-20,28.0,21.83,0.9995,80.55,52.55,3072.0,140.7
17,PLTR,C,2024-11-05,2024-12-20,29.0,18.83,0.999,80.55,51.55,3272.0,173.8
17,PLTR,C,2024-11-05,2024-12-20,30.0,17.35,0.9982,80.55,50.55,3320.0,191.4
17,PLTR,C,2024-11-05,2024-12-20,31.0,18.63,0.9969,80.55,49.55,3092.0,166.0
17,PLTR,C,2024-11-05,2024-12-20,32.0,15.84,0.995,80.55,48.55,3271.0,206.5
17,PLTR,C,2024-11-05,2024-12-20,33.0,14.4,0.9922,80.55,47.55,3315.0,230.2
17,PLTR,C,2024-11-05,2024-12-20,34.0,13.1,0.9881,80.55,46.55,3345.0,255.3
17,PLTR,C,2024-11-05,2024-12-20,35.0,12.83,0.9827,80.55,45.55,3272.0,255.0
17,PLTR,C,2024-11-05,2024-12-20,36.0,12.0,0.9755,80.55,44.55,3255.0,271.2
17,PLTR,C,2024-11-05,2024-12-20,37.0,10.85,0.9664,80.55,43.55,3270.0,301.4
17,PLTR,C,2024-11-05,2024-12-20,38.0,10.08,0.9547,80.55,42.55,3247.0,322.1
17,PLTR,C,2024-11-05,2024-12-20,39.0,9.3,0.9407,80.55,41.55,3225.0,346.8
17,PLTR,C,2024-11-05,2024-12-20,40.0,8.7,0.924,80.55,40.55,3185.0,366.1
17,PLTR,C,2024-11-05,2024-12-20,41.0,7.9,0.9043,80.55,39.55,3165.0,400.6
17,PLTR,C,2024-11-05,2024-12-20,42.0,6.95,0.8818,80.55,38.55,3160.0,454.7
17,PLTR,C,2024-11-05,2024-12-20,43.0,6.36,0.8562,80.55,37.55,3119.0,490.4
17,PLTR,C,2024-11-05,2024-12-20,44.0,5.7,0.8278,80.55,36.55,3085.0,541.2
17,PLTR,C,2024-11-05,2024-12-20,45.0,5.15,0.7966,80.55,35.55,3040.0,590.3
17,PLTR,C,2024-11-05,2024-12-20,46.0,4.39,0.7625,80.55,34.55,3016.0,687.0
17,PLTR,C,2024-11-05,2024-12-20,47.0,3.87,0.726,80.55,33.55,2968.0,766.9
17,PLTR,C,2024-11-05,2024-12-20,48.0,3.85,0.6873,80.55,32.55,2870.0,745.5
17,PLTR,C,2024-11-05,2024-12-20,49.0,2.92,0.6469,80.55,31.55,2863.0,980.5
17,PLTR,C,2024-11-05,2024-12-20,50.0,2.51,0.6052,80.55,30.55,2804.0,1117.1
17,PLTR,C,2024-11-05,2024-12-20,55.0,1.13,0.3977,80.55,25.55,2442.0,2161.1
17,PLTR,C,2024-11-05,2024-12-20,60.0,0.51,0.2317,80.55,20.55,2004.0,3929.4
17,PLTR,C,2024-11-05,2024-12-20,65.0,0.42,0.1233,80.55,15.55,1513.0,3602.4
18,TSLA,C,2024-11-05,2024-11-22,100.0,154.78,1.0,352.56,252.56,9778.0,63.2
18,TSLA,C,2024-11-05,2024-11-22,145.0,109.1,1.0,352.56,207.56,9846.0,90.2
18,TSLA,C,2024-11-05,2024-11-22,160.0,94.9,0.9995,352.56,192.56,9766.0,102.9
18,TSLA,C,2024-11-05,2024-11-22,170.0,80.96,0.998,352.56,182.56,10160.0,125.5
18,TSLA,C,2024-11-05,2024-11-22,175.0,76.07,0.9962,352.56,177.56,10149.0,133.4
18,TSLA,C,2024-11-05,2024-11-22,180.0,72.17,0.9932,352.56,172.56,10039.0,139.1
18,TSLA,C,2024-11-05,2024-11-22,185.0,66.8,0.9886,352.56,167.56,10076.0,150.8
18,TSLA,C,2024-11-05,2024-11-22,190.0,60.0,0.9818,352.56,162.56,10256.0,170.9
18,TSLA,C,2024-11-05,2024-11-22,195.0,57.0,0.972,352.56,157.56,10056.0,176.4
18,TSLA,C,2024-11-05,2024-11-22,200.0,49.4,0.9586,352.56,152.56,10316.0,208.8
18,TSLA,C,2024-11-05,2024-11-22,205.0,49.65,0.9411,352.56,147.56,9791.0,197.2
18,TSLA,C,2024-11-05,2024-11-22,210.0,45.02,0.9189,352.56,142.56,9754.0,216.7
18,TSLA,C,2024-11-05,2024-11-22,215.0,40.45,0.8914,352.56,137.56,9711.0,240.1
18,TSLA,C,2024-11-05,2024-11-22,220.0,31.05,0.8588,352.56,132.56,10151.0,326.9
18,TSLA,C,2024-11-05,2024-11-22,225.0,26.7,0.8205,352.56,127.56,10086.0,377.8
18,TSLA,C,2024-11-05,2024-11-22,227.5,26.45,0.7992,352.56,125.06,9861.0,372.8
18,TSLA,C,2024-11-05,2024-11-22,230.0,23.25,0.7767,352.56,122.56,9931.0,427.1
18,TSLA,C,2024-11-05,2024-11-22,232.5,22.0,0.753,352.56,120.06,9806.0,445.7
18,TSLA,C,2024-11-05,2024-11-22,235.0,20.1,0.7278,352.56,117.56,9746.0,484.9
18,TSLA,C,2024-11-05,2024-11-22,237.5,19.1,0.7016,352.56,115.06,9596.0,502.4
18,TSLA,C,2024-11-05,2024-11-22,240.0,16.6,0.6744,352.56,112.56,9596.0,578.1
18,TSLA,C,2024-11-05,2024-11-22,242.5,15.3,0.6464,352.56,110.06,9476.0,619.3
18,TSLA,C,2024-11-05,2024-11-22,245.0,14.2,0.6177,352.56,107.56,9336.0,657.5
18,TSLA,C,2024-11-05,2024-11-22,247.5,12.89,0.5884,352.56,105.06,9217.0,715.1
18,TSLA,C,2024-11-05,2024-11-22,250.0,11.7,0.5589,352.56,102.56,9086.0,776.6
18,TSLA,C,2024-11-05,2024-11-22,252.5,10.95,0.5293,352.56,100.06,8911.0,813.8
18,TSLA,C,2024-11-05,2024-11-22,255.0,9.65,0.4999,352.56,97.56,8791.0,911.0
18,TSLA,C,2024-11-05,2024-11-22,257.5,8.7,0.4708,352.56,95.06,8636.0,992.6
18,TSLA,C,2024-11-05,2024-11-22,260.0,7.82,0.4423,352.56,92.56,8474.0,1083.6
18,TSLA,C,2024-11-05,2024-11-22,262.5,8.27,0.4143,352.56,90.06,8179.0,989.0
18,TSLA,C,2024-11-05,2024-11-22,265.0,6.42,0.3874,352.56,87.56,8114.0,1263.9
18,TSLA,C,2024-11-05,2024-11-22,267.5,5.95,0.3614,352.56,85.06,7911.0,1329.6
18,TSLA,C,2024-11-05,2024-11-22,270.0,5.0,0.3362,352.56,82.56,7756.0,1551.2
18,TSLA,C,2024-11-05,2024-11-22,272.5,4.78,0.3124,352.56,80.06,7528.0,1574.9
18,TSLA,C,2024-11-05,2024-11-22,275.0,4.06,0.2897,352.56,77.56,7350.0,1810.3
18,TSLA,C,2024-11-05,2024-11-22,280.0,3.3,0.2477,352.56,72.56,6926.0,2098.8
18,TSLA,C,2024-11-05,2024-11-22,285.0,2.7,0.2101,352.56,67.56,6486.0,2402.2
18,TSLA,C,2024-11-05,2024-11-22,290.0,2.12,0.1774,352.56,62.56,6044.0,2850.9
18,TSLA,C,2024-11-05,2024-11-22,295.0,1.87,0.1489,352.56,57.56,5569.0,2978.1
18,TSLA,C,2024-11-05,2024-11-22,300.0,1.44,0.124,352.56,52.56,5112.0,3550.0
18,TSLA,C,2024-11-05,2024-11-22,305.0,1.25,0.1027,352.56,47.56,4631.0,3704.8
18,TSLA,C,2024-11-05,2024-11-22,310.0,1.06,0.0843,352.56,42.56,4150.0,3915.1
18,TSLA,C,2024-11-05,2024-11-22,315.0,0.91,0.0689,352.56,37.56,3665.0,4027.5
18,TSLA,C,2024-11-05,2024-11-22,320.0,0.83,0.0558,352.56,32.56,3173.0,3822.9
18,TSLA,C,2024-11-05,2024-11-22,325.0,0.67,0.045,352.56,27.56,2689.0,4013.4
18,TSLA,C,2024-11-05,2024-11-22,330.0,0.57,0.0359,352.56,22.56,2199.0,3857.9
18,TSLA,C,2024-11-05,2024-11-22,335.0,0.58,0.0286,352.56,17.56,1698.0,2927.6
18,TSLA,C,2024-11-05,2024-11-22,340.0,0.46,0.0225,352.56,12.56,1210.0,2630.4
18,TSLA,C,2024-11-05,2024-11-22,345.0,0.4,0.0178,352.56,7.56,716.0,1790.0
18,TSLA,C,2024-11-05,2024-11-22,350.0,0.31,0.0138,352.56,2.56,225.0,725.8
18,TSLA,C,2024-11-05,2024-11-22,355.0,0.41,0.0108,352.56,0.0,-41.0,-100.0
18,TSLA,C,2024-11-05,2024-11-22,360.0,0.28,0.0083,352.56,0.0,-28.0,-100.0
18,TSLA,C,2024-11-05,2024-11-22,365.0,0.29,0.0064,352.56,0.0,-29.0,-100.0
18,TSLA,C,2024-11-05,2024-11-22,370.0,0.25,0.0049,352.56,0.0,-25.0,-100.0
18,TSLA,C,2024-11-05,2024-11-22,375.0,0.23,0.0037,352.56,0.0,-23.0,-100.0
18,TSLA,C,2024-11-05,2024-11-22,380.0,0.2,0.0028,352.56,0.0,-20.0,-100.0
18,TSLA,C,2024-11-05,2024-11-22,385.0,0.15,0.0021,352.56,0.0,-15.0,-100.0
18,TSLA,C,2024-11-05,2024-11-22,390.0,0.14,0.0016,352.56,0.0,-14.0,-100.0
18,TSLA,C,2024-11-05,2024-11-22,400.0,0.11,0.0009,352.56,0.0,-11.0,-100.0
18,TSLA,C,2024-11-05,2024-11-22,405.0,0.12,0.0006,352.56,0.0,-12.0,-100.0
18,TSLA,C,2024-11-05,2024-11-22,410.0,0.09,0.0005,352.56,0.0,-9.0,-100.0
18,TSLA,C,2024-11-05,2024-11-22,420.0,0.1,0.0003,352.56,0.0,-10.0,-100.0
18,TSLA,C,2024-11-05,2024-11-22,425.0,0.06,0.0002,352.56,0.0,-6.0,-100.0
18,TSLA,C,2024-11-05,2024-11-22,430.0,0.06,0.0001,352.56,0.0,-6.0,-100.0
18,TSLA,C,2024-11-05,2024-11-22,435.0,0.07,0.0001,352.56,0.0,-7.0,-100.0
18,TSLA,C,2024-11-05,2024-11-22,440.0,0.06,0.0001,352.56,0.0,-6.0,-100.0
18,TSLA,C,2024-11-05,2024-11-22,450.0,0.05,0.0,352.56,0.0,-5.0,-100.0
18,TSLA,C,2024-11-05,2024-11-22,470.0,0.04,0.0,352.56,0.0,-4.0,-100.0
18,TSLA,C,2024-11-05,2024-11-22,480.0,0.03,0.0,352.56,0.0,-3.0,-100.0
18,TSLA,C,2024-11-05,2024-11-22,490.0,0.04,0.0,352.56,0.0,-4.0,-100.0
18,TSLA,C,2024-11-05,2024-11-22,500.0,0.03,0.0,352.56,0.0,-3.0,-100.0
18,TSLA,C,2024-11-05,2024-11-22,520.0,0.02,0.0,352.56,0.0,-2.0,-100.0
20,COST,C,2024-11-08,2024-11-15,630.0,297.97,1.0,907.07,277.07,-2090.0,-7.0
20,COST,C,2024-11-08,2024-11-15,660.0,293.6,1.0,907.07,247.07,-4653.0,-15.8
20,COST,C,2024-11-08,2024-11-15,725.0,225.17,1.0,907.07,182.07,-4310.0,-19.1
20,COST,C,2024-11-08,2024-11-15,735.0,190.09,1.0,907.07,172.07,-1802.0,-9.5
20,COST,C,2024-11-08,2024-11-15,740.0,206.15,1.0,907.07,167.07,-3908.0,-19.0
20,COST,C,2024-11-08,2024-11-15,750.0,195.43,1.0,907.07,157.07,-3836.0,-19.6
20,COST,C,2024-11-08,2024-11-15,760.0,184.69,1.0,907.07,147.07,-3762.0,-20.4
20,COST,C,2024-11-08,2024-11-15,805.0,141.17,0.9998,907.07,102.07,-3910.0,-27.7
20,COST,C,2024-11-08,2024-11-15,820.0,126.88,0.9992,907.07,87.07,-3981.0,-31.4
20,COST,C,2024-11-08,2024-11-15,825.0,102.35,0.9988,907.07,82.07,-2028.0,-19.8
20,COST,C,2024-11-08,2024-11-15,830.0,95.95,0.9981,907.07,77.07,-1888.0,-19.7
20,COST,C,2024-11-08,2024-11-15,835.0,97.0,0.9971,907.07,72.07,-2493.0,-25.7
20,COST,C,2024-11-08,2024-11-15,845.0,80.92,0.994,907.07,62.07,-1885.0,-23.3
20,COST,C,2024-11-08,2024-11-15,850.0,69.96,0.9918,907.07,57.07,-1289.0,-18.4
20,COST,C,2024-11-08,2024-11-15,855.0,65.06,0.9892,907.07,52.07,-1299.0,-20.0
20,COST,C,2024-11-08,2024-11-15,860.0,66.25,0.9861,907.07,47.07,-1918.0,-29.0
20,COST,C,2024-11-08,2024-11-15,865.0,63.5,0.9822,907.07,42.07,-2143.0,-33.7
20,COST,C,2024-11-08,2024-11-15,870.0,47.62,0.9767,907.07,37.07,-1055.0,-22.2
20,COST,C,2024-11-08,2024-11-15,872.5,84.0,0.9735,907.07,34.57,-4943.0,-58.8
20,COST,C,2024-11-08,2024-11-15,875.0,48.87,0.9698,907.07,32.07,-1680.0,-34.4
20,COST,C,2024-11-08,2024-11-15,880.0,38.12,0.9622,907.07,27.07,-1105.0,-29.0
20,COST,C,2024-11-08,2024-11-15,882.5,48.86,0.9582,907.07,24.57,-2429.0,-49.7
20,COST,C,2024-11-08,2024-11-15,885.0,42.62,0.9527,907.07,22.07,-2055.0,-48.2
20,COST,C,2024-11-08,2024-11-15,887.5,44.04,0.9477,907.07,19.57,-2447.0,-55.6
20,COST,C,2024-11-08,2024-11-15,890.0,29.19,0.9422,907.07,17.07,-1212.0,-41.5
20,COST,C,2024-11-08,2024-11-15,892.5,28.23,0.9364,907.07,14.57,-1366.0,-48.4
20,COST,C,2024-11-08,2024-11-15,895.0,29.44,0.93,907.07,12.07,-1737.0,-59.0
20,COST,C,2024-11-08,2024-11-15,897.5,24.82,0.9228,907.07,9.57,-1525.0,-61.4
20,COST,C,2024-11-08,2024-11-15,900.0,22.87,0.915,907.07,7.07,-1580.0,-69.1
20,COST,C,2024-11-08,2024-11-15,902.5,19.74,0.9069,907.07,4.57,-1517.0,-76.8
20,COST,C,2024-11-08,2024-11-15,905.0,19.5,0.8981,907.07,2.07,-1743.0,-89.4
20,COST,C,2024-11-08,2024-11-15,907.5,19.05,0.8875,907.07,0.0,-1905.0,-100.0
20,COST,C,2024-11-08,2024-11-15,910.0,13.07,0.8761,907.07,0.0,-1307.0,-100.0
20,COST,C,2024-11-08,2024-11-15,915.0,8.9,0.8491,907.07,0.0,-890.0,-100.0
20,COST,C,2024-11-08,2024-11-15,920.0,8.5,0.8141,907.07,0.0,-850.0,-100.0
20,COST,C,2024-11-08,2024-11-15,925.0,6.11,0.7694,907.07,0.0,-611.0,-100.0
20,COST,C,2024-11-08,2024-11-15,930.0,4.64,0.7138,907.07,0.0,-464.0,-100.0
20,COST,C,2024-11-08,2024-11-15,935.0,5.2,0.6489,907.07,0.0,-520.0,-100.0
20,COST,C,2024-11-08,2024-11-15,940.0,2.56,0.5788,907.07,0.0,-256.0,-100.0
20,COST,C,2024-11-08,2024-11-15,945.0,2.0,0.5083,907.07,0.0,-200.0,-100.0
20,COST,C,2024-11-08,2024-11-15,950.0,1.4,0.4414,907.07,0.0,-140.0,-100.0
20,COST,C,2024-11-08,2024-11-15,955.0,1.45,0.3805,907.07,0.0,-145.0,-100.0
20,COST,C,2024-11-08,2024-11-15,960.0,1.15,0.3258,907.07,0.0,-115.0,-100.0
20,COST,C,2024-11-08,2024-11-15,965.0,0.64,0.2771,907.07,0.0,-64.0,-100.0
20,COST,C,2024-11-08,2024-11-15,970.0,0.55,0.2336,907.07,0.0,-55.0,-100.0
20,COST,C,2024-11-08,2024-11-15,975.0,0.75,0.1947,907.07,0.0,-75.0,-100.0
20,COST,C,2024-11-08,2024-11-15,980.0,0.63,0.1604,907.07,0.0,-63.0,-100.0
20,COST,C,2024-11-08,2024-11-15,985.0,0.54,0.1303,907.07,0.0,-54.0,-100.0
20,COST,C,2024-11-08,2024-11-15,990.0,0.13,0.1044,907.07,0.0,-13.0,-100.0
20,COST,C,2024-11-08,2024-11-15,995.0,0.21,0.0827,907.07,0.0,-21.0,-100.0
20,COST,C,2024-11-08,2024-11-15,1000.0,0.23,0.0647,907.07,0.0,-23.0,-100.0
20,COST,C,2024-11-08,2024-11-15,1005.0,0.26,0.0508,907.07,0.0,-26.0,-100.0
20,COST,C,2024-11-08,2024-11-15,1010.0,0.34,0.0381,907.07,0.0,-34.0,-100.0
20,COST,C,2024-11-08,2024-11-15,1015.0,0.38,0.0291,907.07,0.0,-38.0,-100.0
20,COST,C,2024-11-08,2024-11-15,1020.0,0.06,0.0221,907.07,0.0,-6.0,-100.0
20,COST,C,2024-11-08,2024-11-15,1025.0,1.45,0.0167,907.07,0.0,-145.0,-100.0
20,COST,C,2024-11-08,2024-11-15,1030.0,0.15,0.0122,907.07,0.0,-15.0,-100.0
20,COST,C,2024-11-08,2024-11-15,1040.0,0.08,0.0066,907.07,0.0,-8.0,-100.0
20,COST,C,2024-11-08,2024-11-15,1045.0,1.42,0.0036,907.07,0.0,-142.0,-100.0
20,COST,C,2024-11-08,2024-11-15,1050.0,0.09,0.0035,907.07,0.0,-9.0,-100.0
20,COST,C,2024-11-08,2024-11-15,1060.0,0.22,0.002,907.07,0.0,-22.0,-100.0
20,COST,C,2024-11-08,2024-11-15,1070.0,0.16,0.0009,907.07,0.0,-16.0,-100.0
20,COST,C,2024-11-08,2024-11-15,1080.0,0.2,0.0002,907.07,0.0,-20.0,-100.0
20,COST,C,2024-11-08,2024-11-15,1090.0,0.05,0.0002,907.07,0.0,-5.0,-100.0
20,COST,C,2024-11-08,2024-11-15,1100.0,0.01,0.0001,907.07,0.0,-1.0,-100.0
