strike,expiration,open_1_8,delta_eod_1_8,close_1_19,profit,return_pct
5.0,2024-01-19,506.25,1.0,589.91,8366.0,16.5
85.0,2024-01-19,432.15,1.0,509.91,7776.0,18.0
90.0,2024-01-19,422.21,1.0,504.91,8270.0,19.6
100.0,2024-01-19,401.1,1.0,494.91,9381.0,23.4
125.0,2024-01-19,383.98,1.0,469.91,8593.0,22.4
130.0,2024-01-19,386.5,1.0,464.91,7841.0,20.3
135.0,2024-01-19,380.08,1.0,459.91,7983.0,21.0
140.0,2024-01-19,375.27,1.0,454.91,7964.0,21.2
145.0,2024-01-19,366.55,1.0,449.91,8336.0,22.7
150.0,2024-01-19,360.38,1.0,444.91,8453.0,23.5
155.0,2024-01-19,344.05,1.0,439.91,9586.0,27.9
160.0,2024-01-19,350.0,1.0,434.91,8491.0,24.3
165.0,2024-01-19,349.55,1.0,429.91,8036.0,23.0
170.0,2024-01-19,336.29,1.0,424.91,8862.0,26.4
175.0,2024-01-19,320.2,1.0,419.91,9971.0,31.1
180.0,2024-01-19,320.0,1.0,414.91,9491.0,29.7
185.0,2024-01-19,314.2,1.0,409.91,9571.0,30.5
190.0,2024-01-19,321.1,1.0,404.91,8381.0,26.1
195.0,2024-01-19,313.71,1.0,399.91,8620.0,27.5
200.0,2024-01-19,312.0,1.0,394.91,8291.0,26.6
205.0,2024-01-19,294.15,1.0,389.91,9576.0,32.6
210.0,2024-01-19,312.7,1.0,384.91,7221.0,23.1
215.0,2024-01-19,300.0,1.0,379.91,7991.0,26.6
220.0,2024-01-19,285.0,1.0,374.91,8991.0,31.5
225.0,2024-01-19,283.67,1.0,369.91,8624.0,30.4
230.0,2024-01-19,283.0,1.0,364.91,8191.0,28.9
235.0,2024-01-19,267.75,1.0,359.91,9216.0,34.4
240.0,2024-01-19,273.95,1.0,354.91,8096.0,29.6
245.0,2024-01-19,267.2,1.0,349.91,8271.0,31.0
250.0,2024-01-19,250.0,1.0,344.91,9491.0,38.0
255.0,2024-01-19,265.0,1.0,339.91,7491.0,28.3
260.0,2024-01-19,245.0,1.0,334.91,8991.0,36.7
265.0,2024-01-19,230.4,1.0,329.91,9951.0,43.2
270.0,2024-01-19,245.0,1.0,324.91,7991.0,32.6
275.0,2024-01-19,238.95,1.0,319.91,8096.0,33.9
280.0,2024-01-19,220.45,1.0,314.91,9446.0,42.8
285.0,2024-01-19,230.0,1.0,309.91,7991.0,34.7
290.0,2024-01-19,215.05,1.0,304.91,8986.0,41.8
295.0,2024-01-19,216.81,1.0,299.91,8310.0,38.3
300.0,2024-01-19,195.87,1.0,294.91,9904.0,50.6
305.0,2024-01-19,206.01,1.0,289.91,8390.0,40.7
310.0,2024-01-19,189.5,1.0,284.91,9541.0,50.3
315.0,2024-01-19,199.5,1.0,279.91,8041.0,40.3
320.0,2024-01-19,175.65,1.0,274.91,9926.0,56.5
325.0,2024-01-19,184.53,1.0,269.91,8538.0,46.3
330.0,2024-01-19,188.0,1.0,264.91,7691.0,40.9
335.0,2024-01-19,183.3,1.0,259.91,7661.0,41.8
340.0,2024-01-19,175.07,1.0,254.91,7984.0,45.6
345.0,2024-01-19,155.0,1.0,249.91,9491.0,61.2
350.0,2024-01-19,149.5,1.0,244.91,9541.0,63.8
355.0,2024-01-19,154.61,1.0,239.91,8530.0,55.2
360.0,2024-01-19,149.5,1.0,234.91,8541.0,57.1
365.0,2024-01-19,145.3,1.0,229.91,8461.0,58.2
370.0,2024-01-19,148.37,1.0,224.91,7654.0,51.6
375.0,2024-01-19,137.7,1.0,219.91,8221.0,59.7
380.0,2024-01-19,130.1,1.0,214.91,8481.0,65.2
385.0,2024-01-19,129.1,1.0,209.91,8081.0,62.6
390.0,2024-01-19,124.17,1.0,204.91,8074.0,65.0
395.0,2024-01-19,120.25,0.9999,199.91,7966.0,66.2
400.0,2024-01-19,97.6,0.9999,194.91,9731.0,99.7
405.0,2024-01-19,91.25,0.9997,189.91,9866.0,108.1
410.0,2024-01-19,103.33,0.9995,184.91,8158.0,79.0
415.0,2024-01-19,81.35,0.9991,179.91,9856.0,121.2
420.0,2024-01-19,76.25,0.9984,174.91,9866.0,129.4
425.0,2024-01-19,70.7,0.9974,169.91,9921.0,140.3
430.0,2024-01-19,67.15,0.9957,164.91,9776.0,145.6
435.0,2024-01-19,61.03,0.9933,159.91,9888.0,162.0
440.0,2024-01-19,56.75,0.9905,154.91,9816.0,173.0
442.5,2024-01-19,73.4,0.9888,152.41,7901.0,107.6
445.0,2024-01-19,52.0,0.9869,149.91,9791.0,188.3
447.5,2024-01-19,70.8,0.9849,147.41,7661.0,108.2
450.0,2024-01-19,50.86,0.9825,144.91,9405.0,184.9
455.0,2024-01-19,42.21,0.9769,139.91,9770.0,231.5
457.5,2024-01-19,56.53,0.9735,137.41,8088.0,143.1
460.0,2024-01-19,38.82,0.9698,134.91,9609.0,247.5
462.5,2024-01-19,49.45,0.9656,132.41,8296.0,167.8
465.0,2024-01-19,33.15,0.9612,129.91,9676.0,291.9
467.5,2024-01-19,38.23,0.9558,127.41,8918.0,233.3
470.0,2024-01-19,28.99,0.9501,124.91,9592.0,330.9
472.5,2024-01-19,26.97,0.9436,122.41,9544.0,353.9
475.0,2024-01-19,24.74,0.9361,119.91,9517.0,384.7
477.5,2024-01-19,26.0,0.9277,117.41,9141.0,351.6
480.0,2024-01-19,21.25,0.918,114.91,9366.0,440.8
482.5,2024-01-19,21.8,0.9069,112.41,9061.0,415.6
485.0,2024-01-19,17.66,0.8941,109.91,9225.0,522.4
487.5,2024-01-19,16.08,0.8798,107.41,9133.0,568.0
490.0,2024-01-19,14.4,0.8631,104.91,9051.0,628.5
492.5,2024-01-19,12.95,0.8443,102.41,8946.0,690.8
495.0,2024-01-19,11.75,0.8234,99.91,8816.0,750.3
497.5,2024-01-19,10.35,0.8002,97.41,8706.0,841.2
500.0,2024-01-19,9.3,0.7751,94.91,8561.0,920.5
502.5,2024-01-19,8.32,0.7479,92.41,8409.0,1010.7
505.0,2024-01-19,7.3,0.7188,89.91,8261.0,1131.6
507.5,2024-01-19,6.48,0.6882,87.41,8093.0,1248.9
510.0,2024-01-19,5.7,0.6565,84.91,7921.0,1389.6
512.5,2024-01-19,4.9,0.6238,82.41,7751.0,1581.8
515.0,2024-01-19,4.32,0.5906,79.91,7559.0,1749.8
517.5,2024-01-19,3.78,0.5568,77.41,7363.0,1947.9
520.0,2024-01-19,3.3,0.5229,74.91,7161.0,2170.0
522.5,2024-01-19,2.74,0.4888,72.41,6967.0,2542.7
525.0,2024-01-19,2.41,0.455,69.91,6750.0,2800.8
527.5,2024-01-19,1.99,0.4215,67.41,6542.0,3287.4
530.0,2024-01-19,1.78,0.3886,64.91,6313.0,3546.6
532.5,2024-01-19,1.46,0.3565,62.41,6095.0,4174.7
535.0,2024-01-19,1.29,0.3256,59.91,5862.0,4544.2
537.5,2024-01-19,1.11,0.2959,57.41,5630.0,5072.1
540.0,2024-01-19,0.98,0.268,54.91,5393.0,5503.1
542.5,2024-01-19,0.84,0.2422,52.41,5157.0,6139.3
545.0,2024-01-19,0.83,0.2183,49.91,4908.0,5913.3
547.5,2024-01-19,1.2,0.1964,47.41,4621.0,3850.8
550.0,2024-01-19,0.51,0.1764,44.91,4440.0,8705.9
552.5,2024-01-19,0.44,0.1589,42.41,4197.0,9538.6
555.0,2024-01-19,0.56,0.1432,39.91,3935.0,7026.8
557.5,2024-01-19,0.57,0.1287,37.41,3684.0,6463.2
560.0,2024-01-19,0.42,0.1166,34.91,3449.0,8211.9
562.5,2024-01-19,0.28,0.1055,32.41,3213.0,11475.0
565.0,2024-01-19,0.4,0.0957,29.91,2951.0,7377.5
567.5,2024-01-19,0.23,0.0869,27.41,2718.0,11817.4
570.0,2024-01-19,0.2,0.079,24.91,2471.0,12355.0
572.5,2024-01-19,0.34,0.0721,22.41,2207.0,6491.2
575.0,2024-01-19,0.15,0.0659,19.91,1976.0,13173.3
577.5,2024-01-19,0.21,0.0599,17.41,1720.0,8190.5
580.0,2024-01-19,0.21,0.0548,14.91,1470.0,7000.0
582.5,2024-01-19,0.32,0.05,12.41,1209.0,3778.1
585.0,2024-01-19,0.24,0.0458,9.91,967.0,4029.2
587.5,2024-01-19,0.16,0.0416,7.41,725.0,4531.2
590.0,2024-01-19,0.08,0.0381,4.91,483.0,6037.5
592.5,2024-01-19,0.38,0.0348,2.41,203.0,534.2
595.0,2024-01-19,0.1,0.0317,0.0,-10.0,-100.0
597.5,2024-01-19,0.22,0.0289,0.0,-22.0,-100.0
600.0,2024-01-19,0.06,0.0261,0.0,-6.0,-100.0
605.0,2024-01-19,0.08,0.0216,0.0,-8.0,-100.0
610.0,2024-01-19,0.11,0.018,0.0,-11.0,-100.0
615.0,2024-01-19,0.11,0.0146,0.0,-11.0,-100.0
620.0,2024-01-19,0.05,0.0118,0.0,-5.0,-100.0
625.0,2024-01-19,0.06,0.0096,0.0,-6.0,-100.0
630.0,2024-01-19,0.07,0.0073,0.0,-7.0,-100.0
635.0,2024-01-19,0.04,0.0054,0.0,-4.0,-100.0
640.0,2024-01-19,0.04,0.004,0.0,-4.0,-100.0
645.0,2024-01-19,0.03,0.0029,0.0,-3.0,-100.0
650.0,2024-01-19,0.02,0.0021,0.0,-2.0,-100.0
655.0,2024-01-19,0.02,0.0015,0.0,-2.0,-100.0
660.0,2024-01-19,0.02,0.0011,0.0,-2.0,-100.0
665.0,2024-01-19,0.03,0.0008,0.0,-3.0,-100.0
670.0,2024-01-19,0.02,0.0006,0.0,-2.0,-100.0
675.0,2024-01-19,0.02,0.0004,0.0,-2.0,-100.0
680.0,2024-01-19,0.02,0.0003,0.0,-2.0,-100.0
685.0,2024-01-19,0.01,0.0002,0.0,-1.0,-100.0
690.0,2024-01-19,0.02,0.0001,0.0,-2.0,-100.0
695.0,2024-01-19,0.01,0.0001,0.0,-1.0,-100.0
700.0,2024-01-19,0.01,0.0001,0.0,-1.0,-100.0
705.0,2024-01-19,0.01,0.0,0.0,-1.0,-100.0
710.0,2024-01-19,0.01,0.0,0.0,-1.0,-100.0
715.0,2024-01-19,0.01,0.0,0.0,-1.0,-100.0
720.0,2024-01-19,0.01,0.0,0.0,-1.0,-100.0
730.0,2024-01-19,0.01,0.0,0.0,-1.0,-100.0
760.0,2024-01-19,0.01,0.0,0.0,-1.0,-100.0
950.0,2024-01-19,0.01,0.0,0.0,-1.0,-100.0
1000.0,2024-01-19,0.01,0.0,0.0,-1.0,-100.0
